user_id,place_id,rating,food_rating,service_rating,high_rating,latitude,longitude,smoker,drink_level,dress_preference,ambience,transport,marital_status,hijos,birth_year,interest,personality,religion,activity,color,weight,budget,height,age,age_group,bmi,bmi_group,segment,segment_label,name,city,state,alcohol,alcohol_clean,smoking_area,dress_code,accessibility,price,price_value,rambience,franchise,area,other_services,concept_family,cuisine_match,payment_match,budget_value,price_at_or_below_budget,budget_price_fit
U1077,135085,2,2,2,1,22.156469,-100.98554,FALSE,social drinker,elegant,family,public,married,kids,1987,technology,thrifty-protector,Catholic,student,blue,65,medium,1.71,25,25-34,22.229061933586404,healthy,3,S3: Tech-focused students,Tortas Locas Hipocampo,San Luis Potosi,SLP,No_Alcohol_Served,No alcohol,not permitted,informal,no_accessibility,medium,2,familiar,FALSE,closed,none,Medium | price | No alcohol | Familiar,0,1,2,1,matches stated budget
U1077,135038,2,2,1,1,22.156469,-100.98554,FALSE,social drinker,elegant,family,public,married,kids,1987,technology,thrifty-protector,Catholic,student,blue,65,medium,1.71,25,25-34,22.229061933586404,healthy,3,S3: Tech-focused students,Restaurant la Chalita,San Luis Potosi,SLP,No_Alcohol_Served,No alcohol,section,informal,no_accessibility,medium,2,familiar,FALSE,closed,none,Medium | price | No alcohol | Familiar,0,1,2,1,matches stated budget
U1077,132825,2,2,2,1,22.156469,-100.98554,FALSE,social drinker,elegant,family,public,married,kids,1987,technology,thrifty-protector,Catholic,student,blue,65,medium,1.71,25,25-34,22.229061933586404,healthy,3,S3: Tech-focused students,puesto de tacos,s.l.p.,s.l.p.,No_Alcohol_Served,No alcohol,none,informal,completely,low,1,familiar,FALSE,open,none,Low | price | No alcohol | Familiar,1,1,2,1,below stated budget
U1077,135060,1,2,2,0,22.156469,-100.98554,FALSE,social drinker,elegant,family,public,married,kids,1987,technology,thrifty-protector,Catholic,student,blue,65,medium,1.71,25,25-34,22.229061933586404,healthy,3,S3: Tech-focused students,Restaurante Marisco Sam,San Luis Potosi,SLP,No_Alcohol_Served,No alcohol,none,informal,no_accessibility,medium,2,familiar,FALSE,closed,none,Medium | price | No alcohol | Familiar,0,1,2,1,matches stated budget
U1068,135104,1,1,2,0,23.752269,-99.168605,FALSE,casual drinker,informal,friends,public,single,independent,1988,technology,thrifty-protector,Catholic,student,blue,72,low,1.57,24,18-24,29.21010994360826,overweight,3,S3: Tech-focused students,vips,NA,NA,Full_Bar,Full bar,not permitted,informal,completely,medium,2,familiar,TRUE,closed,variety,Medium | price | Full bar | Familiar,1,1,1,0,above stated budget
U1068,132740,0,0,0,0,23.752269,-99.168605,FALSE,casual drinker,informal,friends,public,single,independent,1988,technology,thrifty-protector,Catholic,student,blue,72,low,1.57,24,18-24,29.21010994360826,overweight,3,S3: Tech-focused students,Carreton de Flautas y Migadas,Ciudad Victoria,Tamaulipas,No_Alcohol_Served,No alcohol,permitted,informal,completely,low,1,familiar,FALSE,open,none,Low | price | No alcohol | Familiar,1,1,1,1,matches stated budget
U1068,132663,1,1,1,0,23.752269,-99.168605,FALSE,casual drinker,informal,friends,public,single,independent,1988,technology,thrifty-protector,Catholic,student,blue,72,low,1.57,24,18-24,29.21010994360826,overweight,3,S3: Tech-focused students,tacos abi,victoria,tamaulipas,No_Alcohol_Served,No alcohol,none,informal,completely,low,1,familiar,FALSE,closed,none,Low | price | No alcohol | Familiar,1,0,1,1,matches stated budget
U1068,132732,0,0,0,0,23.752269,-99.168605,FALSE,casual drinker,informal,friends,public,single,independent,1988,technology,thrifty-protector,Catholic,student,blue,72,low,1.57,24,18-24,29.21010994360826,overweight,3,S3: Tech-focused students,Taqueria EL amigo,Cd Victoria,Tamaulipas,No_Alcohol_Served,No alcohol,none,casual,completely,low,1,familiar,FALSE,open,none,Low | price | No alcohol | Familiar,1,1,1,1,matches stated budget
U1068,132630,1,1,1,0,23.752269,-99.168605,FALSE,casual drinker,informal,friends,public,single,independent,1988,technology,thrifty-protector,Catholic,student,blue,72,low,1.57,24,18-24,29.21010994360826,overweight,3,S3: Tech-focused students,palomo tec,victoria,tamaulipas,No_Alcohol_Served,No alcohol,none,informal,completely,low,1,familiar,FALSE,closed,none,Low | price | No alcohol | Familiar,1,0,1,1,matches stated budget
U1067,132584,2,2,2,1,23.752269,-99.168605,FALSE,abstemious,no preference,family,public,single,independent,1987,technology,thrifty-protector,Christian,student,green,92,medium,1.73,25,25-34,30.73941661933242,obese,1,S1: Quieter mixed students,Gorditas Dona Tota,NA,NA,No_Alcohol_Served,No alcohol,not permitted,informal,completely,medium,2,familiar,TRUE,closed,none,Medium | price | No alcohol | Familiar,1,1,2,1,matches stated budget
U1067,132733,1,1,1,0,23.752269,-99.168605,FALSE,abstemious,no preference,family,public,single,independent,1987,technology,thrifty-protector,Christian,student,green,92,medium,1.73,25,25-34,30.73941661933242,obese,1,S1: Quieter mixed students,Little Cesarz,Ciudad Victoria,Tamaulipas,No_Alcohol_Served,No alcohol,not permitted,informal,completely,medium,2,familiar,TRUE,closed,none,Medium | price | No alcohol | Familiar,0,1,2,1,matches stated budget
U1067,132732,1,2,2,0,23.752269,-99.168605,FALSE,abstemious,no preference,family,public,single,independent,1987,technology,thrifty-protector,Christian,student,green,92,medium,1.73,25,25-34,30.73941661933242,obese,1,S1: Quieter mixed students,Taqueria EL amigo,Cd Victoria,Tamaulipas,No_Alcohol_Served,No alcohol,none,casual,completely,low,1,familiar,FALSE,open,none,Low | price | No alcohol | Familiar,1,1,2,1,below stated budget
U1067,132630,1,0,1,0,23.752269,-99.168605,FALSE,abstemious,no preference,family,public,single,independent,1987,technology,thrifty-protector,Christian,student,green,92,medium,1.73,25,25-34,30.73941661933242,obese,1,S1: Quieter mixed students,palomo tec,victoria,tamaulipas,No_Alcohol_Served,No alcohol,none,informal,completely,low,1,familiar,FALSE,closed,none,Low | price | No alcohol | Familiar,1,0,2,1,below stated budget
U1067,135104,0,0,0,0,23.752269,-99.168605,FALSE,abstemious,no preference,family,public,single,independent,1987,technology,thrifty-protector,Christian,student,green,92,medium,1.73,25,25-34,30.73941661933242,obese,1,S1: Quieter mixed students,vips,NA,NA,Full_Bar,Full bar,not permitted,informal,completely,medium,2,familiar,TRUE,closed,variety,Medium | price | Full bar | Familiar,1,1,2,1,matches stated budget
U1067,132560,1,0,0,0,23.752269,-99.168605,FALSE,abstemious,no preference,family,public,single,independent,1987,technology,thrifty-protector,Christian,student,green,92,medium,1.73,25,25-34,30.73941661933242,obese,1,S1: Quieter mixed students,puesto de gorditas,victoria,tamaulipas,No_Alcohol_Served,No alcohol,permitted,informal,no_accessibility,low,1,familiar,FALSE,open,none,Low | price | No alcohol | Familiar,0,1,2,1,below stated budget
U1103,132584,1,2,1,0,23.752265,-99.16859,FALSE,abstemious,formal,friends,public,single,independent,1989,technology,hard-worker,Jewish,professional,green,120,medium,1.9,23,18-24,33.2409972299169,obese,1,S1: Quieter mixed students,Gorditas Dona Tota,NA,NA,No_Alcohol_Served,No alcohol,not permitted,informal,completely,medium,2,familiar,TRUE,closed,none,Medium | price | No alcohol | Familiar,1,1,2,1,matches stated budget
U1103,132732,0,0,2,0,23.752265,-99.16859,FALSE,abstemious,formal,friends,public,single,independent,1989,technology,hard-worker,Jewish,professional,green,120,medium,1.9,23,18-24,33.2409972299169,obese,1,S1: Quieter mixed students,Taqueria EL amigo,Cd Victoria,Tamaulipas,No_Alcohol_Served,No alcohol,none,casual,completely,low,1,familiar,FALSE,open,none,Low | price | No alcohol | Familiar,1,1,2,1,below stated budget
U1103,132630,1,2,0,0,23.752265,-99.16859,FALSE,abstemious,formal,friends,public,single,independent,1989,technology,hard-worker,Jewish,professional,green,120,medium,1.9,23,18-24,33.2409972299169,obese,1,S1: Quieter mixed students,palomo tec,victoria,tamaulipas,No_Alcohol_Served,No alcohol,none,informal,completely,low,1,familiar,FALSE,closed,none,Low | price | No alcohol | Familiar,1,0,2,1,below stated budget
U1103,132613,2,2,2,1,23.752265,-99.16859,FALSE,abstemious,formal,friends,public,single,independent,1989,technology,hard-worker,Jewish,professional,green,120,medium,1.9,23,18-24,33.2409972299169,obese,1,S1: Quieter mixed students,carnitas_mata,victoria,Tamaulipas,No_Alcohol_Served,No alcohol,permitted,informal,completely,medium,2,familiar,TRUE,closed,none,Medium | price | No alcohol | Familiar,1,1,2,1,matches stated budget
U1103,132667,1,2,2,0,23.752265,-99.16859,FALSE,abstemious,formal,friends,public,single,independent,1989,technology,hard-worker,Jewish,professional,green,120,medium,1.9,23,18-24,33.2409972299169,obese,1,S1: Quieter mixed students,little pizza Emilio Portes Gil,victoria,tamaulipas,No_Alcohol_Served,No alcohol,none,informal,completely,low,1,familiar,TRUE,closed,none,Low | price | No alcohol | Familiar,0,1,2,1,below stated budget
U1103,135104,1,2,0,0,23.752265,-99.16859,FALSE,abstemious,formal,friends,public,single,independent,1989,technology,hard-worker,Jewish,professional,green,120,medium,1.9,23,18-24,33.2409972299169,obese,1,S1: Quieter mixed students,vips,NA,NA,Full_Bar,Full bar,not permitted,informal,completely,medium,2,familiar,TRUE,closed,variety,Medium | price | Full bar | Familiar,1,1,2,1,matches stated budget
U1103,132663,1,0,2,0,23.752265,-99.16859,FALSE,abstemious,formal,friends,public,single,independent,1989,technology,hard-worker,Jewish,professional,green,120,medium,1.9,23,18-24,33.2409972299169,obese,1,S1: Quieter mixed students,tacos abi,victoria,tamaulipas,No_Alcohol_Served,No alcohol,none,informal,completely,low,1,familiar,FALSE,closed,none,Low | price | No alcohol | Familiar,1,0,2,1,below stated budget
U1103,132733,2,2,2,1,23.752265,-99.16859,FALSE,abstemious,formal,friends,public,single,independent,1989,technology,hard-worker,Jewish,professional,green,120,medium,1.9,23,18-24,33.2409972299169,obese,1,S1: Quieter mixed students,Little Cesarz,Ciudad Victoria,Tamaulipas,No_Alcohol_Served,No alcohol,not permitted,informal,completely,medium,2,familiar,TRUE,closed,none,Medium | price | No alcohol | Familiar,0,1,2,1,matches stated budget
U1107,132660,2,2,1,1,23.742409,-99.171889,FALSE,abstemious,no preference,friends,car owner,single,independent,1989,variety,hard-worker,Catholic,NA,blue,87,high,1.79,23,18-24,27.15271058955713,overweight,2,S2: Mobile social students,carnitas mata calle Emilio Portes Gil,victoria,tamaulipas,No_Alcohol_Served,No alcohol,none,informal,completely,low,1,familiar,FALSE,closed,none,Low | price | No alcohol | Familiar,0,0,3,1,below stated budget
U1107,132584,2,2,2,1,23.742409,-99.171889,FALSE,abstemious,no preference,friends,car owner,single,independent,1989,variety,hard-worker,Catholic,NA,blue,87,high,1.79,23,18-24,27.15271058955713,overweight,2,S2: Mobile social students,Gorditas Dona Tota,NA,NA,No_Alcohol_Served,No alcohol,not permitted,informal,completely,medium,2,familiar,TRUE,closed,none,Medium | price | No alcohol | Familiar,1,1,3,1,below stated budget
U1107,132733,2,2,2,1,23.742409,-99.171889,FALSE,abstemious,no preference,friends,car owner,single,independent,1989,variety,hard-worker,Catholic,NA,blue,87,high,1.79,23,18-24,27.15271058955713,overweight,2,S2: Mobile social students,Little Cesarz,Ciudad Victoria,Tamaulipas,No_Alcohol_Served,No alcohol,not permitted,informal,completely,medium,2,familiar,TRUE,closed,none,Medium | price | No alcohol | Familiar,0,1,3,1,below stated budget
U1044,135088,2,2,2,1,18.95298,-99.260789,TRUE,social drinker,informal,family,car owner,married,kids,1969,variety,thrifty-protector,Catholic,professional,orange,85,medium,1.73,43,35-44,28.40054796351365,overweight,2,S2: Mobile social students,Cafeteria cenidet,Cuernavaca,Morelos,No_Alcohol_Served,No alcohol,not permitted,informal,no_accessibility,low,1,quiet,FALSE,closed,none,Low | price | No alcohol | Quiet,0,1,2,1,below stated budget
U1044,132583,1,2,1,0,18.95298,-99.260789,TRUE,social drinker,informal,family,car owner,married,kids,1969,variety,thrifty-protector,Catholic,professional,orange,85,medium,1.73,43,35-44,28.40054796351365,overweight,2,S2: Mobile social students,McDonalds Centro,Cuernavaca,Morelos,No_Alcohol_Served,No alcohol,not permitted,informal,partially,low,1,familiar,TRUE,closed,none,Low | price | No alcohol | Familiar,0,1,2,1,below stated budget
U1070,132608,2,2,1,1,23.753237,-99.166868,FALSE,casual drinker,informal,friends,public,single,independent,1991,variety,thrifty-protector,Catholic,student,green,47,low,1.6,21,18-24,18.359374999999996,underweight,3,S3: Tech-focused students,Hamburguesas La perica,victoria,Tamaulipas,No_Alcohol_Served,No alcohol,permitted,informal,completely,low,1,quiet,TRUE,open,none,Low | price | No alcohol | Quiet,1,1,1,1,matches stated budget
U1070,132609,1,1,1,0,23.753237,-99.166868,FALSE,casual drinker,informal,friends,public,single,independent,1991,variety,thrifty-protector,Catholic,student,green,47,low,1.6,21,18-24,18.359374999999996,underweight,3,S3: Tech-focused students,Pollo_Frito_Buenos_Aires,victoria,Tamaulipas,No_Alcohol_Served,No alcohol,not permitted,informal,completely,low,1,quiet,TRUE,closed,none,Low | price | No alcohol | Quiet,0,1,1,1,matches stated budget
U1070,132613,1,1,0,0,23.753237,-99.166868,FALSE,casual drinker,informal,friends,public,single,independent,1991,variety,thrifty-protector,Catholic,student,green,47,low,1.6,21,18-24,18.359374999999996,underweight,3,S3: Tech-focused students,carnitas_mata,victoria,Tamaulipas,No_Alcohol_Served,No alcohol,permitted,informal,completely,medium,2,familiar,TRUE,closed,none,Medium | price | No alcohol | Familiar,1,1,1,0,above stated budget
U1031,132663,0,0,0,0,23.735698,-99.159851,FALSE,abstemious,informal,solitary,NA,married,kids,1992,none,hard-worker,Catholic,unemployed,white,40,medium,1.6,20,18-24,15.624999999999996,underweight,1,S1: Quieter mixed students,tacos abi,victoria,tamaulipas,No_Alcohol_Served,No alcohol,none,informal,completely,low,1,familiar,FALSE,closed,none,Low | price | No alcohol | Familiar,1,0,2,1,below stated budget
U1031,132665,0,0,0,0,23.735698,-99.159851,FALSE,abstemious,informal,solitary,NA,married,kids,1992,none,hard-worker,Catholic,unemployed,white,40,medium,1.6,20,18-24,15.624999999999996,underweight,1,S1: Quieter mixed students,TACOS CORRECAMINOS,victoria,tamaulipas,No_Alcohol_Served,No alcohol,none,informal,completely,low,1,familiar,FALSE,closed,none,Low | price | No alcohol | Familiar,1,0,2,1,below stated budget
U1031,132668,0,0,0,0,23.735698,-99.159851,FALSE,abstemious,informal,solitary,NA,married,kids,1992,none,hard-worker,Catholic,unemployed,white,40,medium,1.6,20,18-24,15.624999999999996,underweight,1,S1: Quieter mixed students,TACOS EL GUERO,victoria,tamaulipas,No_Alcohol_Served,No alcohol,none,informal,completely,low,1,familiar,FALSE,closed,none,Low | price | No alcohol | Familiar,1,0,2,1,below stated budget
U1082,132630,1,1,1,0,23.753061,-99.166095,TRUE,abstemious,informal,friends,public,single,NA,1989,variety,hard-worker,Catholic,student,black,63,medium,1.69,23,18-24,22.058051188683873,healthy,2,S2: Mobile social students,palomo tec,victoria,tamaulipas,No_Alcohol_Served,No alcohol,none,informal,completely,low,1,familiar,FALSE,closed,none,Low | price | No alcohol | Familiar,1,0,2,1,below stated budget
U1023,132715,0,0,0,0,23.752943,-99.166589,FALSE,casual drinker,informal,friends,car owner,single,independent,1988,none,hard-worker,Catholic,student,blue,103,low,1.79,24,18-24,32.14631253706189,obese,2,S2: Mobile social students,tacos de la estacion,NA,NA,No_Alcohol_Served,No alcohol,none,informal,no_accessibility,low,1,quiet,FALSE,open,none,Low | price | No alcohol | Quiet,1,1,1,1,matches stated budget
U1023,132717,0,0,0,0,23.752943,-99.166589,FALSE,casual drinker,informal,friends,car owner,single,independent,1988,none,hard-worker,Catholic,student,blue,103,low,1.79,24,18-24,32.14631253706189,obese,2,S2: Mobile social students,tortas hawai,NA,NA,No_Alcohol_Served,No alcohol,not permitted,informal,partially,medium,2,familiar,FALSE,closed,none,Medium | price | No alcohol | Familiar,0,1,1,0,above stated budget
U1082,132613,0,0,0,0,23.753061,-99.166095,TRUE,abstemious,informal,friends,public,single,NA,1989,variety,hard-worker,Catholic,student,black,63,medium,1.69,23,18-24,22.058051188683873,healthy,2,S2: Mobile social students,carnitas_mata,victoria,Tamaulipas,No_Alcohol_Served,No alcohol,permitted,informal,completely,medium,2,familiar,TRUE,closed,none,Medium | price | No alcohol | Familiar,1,1,2,1,matches stated budget
U1082,132594,0,0,0,0,23.753061,-99.166095,TRUE,abstemious,informal,friends,public,single,NA,1989,variety,hard-worker,Catholic,student,black,63,medium,1.69,23,18-24,22.058051188683873,healthy,2,S2: Mobile social students,tacos de barbacoa enfrente del Tec,NA,NA,No_Alcohol_Served,No alcohol,not permitted,informal,completely,low,1,familiar,FALSE,open,none,Low | price | No alcohol | Familiar,1,1,2,1,below stated budget
U1082,132608,0,0,0,0,23.753061,-99.166095,TRUE,abstemious,informal,friends,public,single,NA,1989,variety,hard-worker,Catholic,student,black,63,medium,1.69,23,18-24,22.058051188683873,healthy,2,S2: Mobile social students,Hamburguesas La perica,victoria,Tamaulipas,No_Alcohol_Served,No alcohol,permitted,informal,completely,low,1,quiet,TRUE,open,none,Low | price | No alcohol | Quiet,1,1,2,1,below stated budget
U1082,132609,0,0,0,0,23.753061,-99.166095,TRUE,abstemious,informal,friends,public,single,NA,1989,variety,hard-worker,Catholic,student,black,63,medium,1.69,23,18-24,22.058051188683873,healthy,2,S2: Mobile social students,Pollo_Frito_Buenos_Aires,victoria,Tamaulipas,No_Alcohol_Served,No alcohol,not permitted,informal,completely,low,1,quiet,TRUE,closed,none,Low | price | No alcohol | Quiet,0,1,2,1,below stated budget
U1082,132663,0,0,0,0,23.753061,-99.166095,TRUE,abstemious,informal,friends,public,single,NA,1989,variety,hard-worker,Catholic,student,black,63,medium,1.69,23,18-24,22.058051188683873,healthy,2,S2: Mobile social students,tacos abi,victoria,tamaulipas,No_Alcohol_Served,No alcohol,none,informal,completely,low,1,familiar,FALSE,closed,none,Low | price | No alcohol | Familiar,1,0,2,1,below stated budget
U1082,132560,0,0,0,0,23.753061,-99.166095,TRUE,abstemious,informal,friends,public,single,NA,1989,variety,hard-worker,Catholic,student,black,63,medium,1.69,23,18-24,22.058051188683873,healthy,2,S2: Mobile social students,puesto de gorditas,victoria,tamaulipas,No_Alcohol_Served,No alcohol,permitted,informal,no_accessibility,low,1,familiar,FALSE,open,none,Low | price | No alcohol | Familiar,0,1,2,1,below stated budget
U1060,132564,2,2,2,1,23.715238,-99.158864,FALSE,casual drinker,formal,family,public,single,independent,1991,technology,thrifty-protector,Catholic,student,blue,82,medium,1.84,21,18-24,24.22022684310019,healthy,3,S3: Tech-focused students,churchs,NA,NA,No_Alcohol_Served,No alcohol,none,informal,completely,low,1,familiar,FALSE,closed,none,Low | price | No alcohol | Familiar,0,0,2,1,below stated budget
U1060,132717,2,2,2,1,23.715238,-99.158864,FALSE,casual drinker,formal,family,public,single,independent,1991,technology,thrifty-protector,Catholic,student,blue,82,medium,1.84,21,18-24,24.22022684310019,healthy,3,S3: Tech-focused students,tortas hawai,NA,NA,No_Alcohol_Served,No alcohol,not permitted,informal,partially,medium,2,familiar,FALSE,closed,none,Medium | price | No alcohol | Familiar,1,1,2,1,matches stated budget
U1060,132733,2,1,2,1,23.715238,-99.158864,FALSE,casual drinker,formal,family,public,single,independent,1991,technology,thrifty-protector,Catholic,student,blue,82,medium,1.84,21,18-24,24.22022684310019,healthy,3,S3: Tech-focused students,Little Cesarz,Ciudad Victoria,Tamaulipas,No_Alcohol_Served,No alcohol,not permitted,informal,completely,medium,2,familiar,TRUE,closed,none,Medium | price | No alcohol | Familiar,1,1,2,1,matches stated budget
U1060,132740,1,2,1,0,23.715238,-99.158864,FALSE,casual drinker,formal,family,public,single,independent,1991,technology,thrifty-protector,Catholic,student,blue,82,medium,1.84,21,18-24,24.22022684310019,healthy,3,S3: Tech-focused students,Carreton de Flautas y Migadas,Ciudad Victoria,Tamaulipas,No_Alcohol_Served,No alcohol,permitted,informal,completely,low,1,familiar,FALSE,open,none,Low | price | No alcohol | Familiar,1,1,2,1,below stated budget
U1015,135071,0,0,0,0,22.12676,-100.905209,TRUE,social drinker,informal,family,public,single,independent,1989,technology,thrifty-protector,Catholic,student,black,87,medium,1.67,23,18-24,31.1950948402596,obese,3,S3: Tech-focused students,Restaurante la Cantina,San Luis Potosi,SLP,Full_Bar,Full bar,section,informal,no_accessibility,medium,2,familiar,FALSE,closed,none,Medium | price | Full bar | Familiar,0,1,2,1,matches stated budget
U1123,132733,1,2,1,0,23.753112,-99.168567,FALSE,abstemious,informal,family,NA,single,independent,1987,technology,hard-worker,Catholic,student,green,110,medium,1.75,25,25-34,35.91836734693877,obese,1,S1: Quieter mixed students,Little Cesarz,Ciudad Victoria,Tamaulipas,No_Alcohol_Served,No alcohol,not permitted,informal,completely,medium,2,familiar,TRUE,closed,none,Medium | price | No alcohol | Familiar,0,1,2,1,matches stated budget
U1123,132608,1,2,1,0,23.753112,-99.168567,FALSE,abstemious,informal,family,NA,single,independent,1987,technology,hard-worker,Catholic,student,green,110,medium,1.75,25,25-34,35.91836734693877,obese,1,S1: Quieter mixed students,Hamburguesas La perica,victoria,Tamaulipas,No_Alcohol_Served,No alcohol,permitted,informal,completely,low,1,quiet,TRUE,open,none,Low | price | No alcohol | Quiet,1,1,2,1,below stated budget
U1123,135104,2,2,2,1,23.753112,-99.168567,FALSE,abstemious,informal,family,NA,single,independent,1987,technology,hard-worker,Catholic,student,green,110,medium,1.75,25,25-34,35.91836734693877,obese,1,S1: Quieter mixed students,vips,NA,NA,Full_Bar,Full bar,not permitted,informal,completely,medium,2,familiar,TRUE,closed,variety,Medium | price | Full bar | Familiar,1,1,2,1,matches stated budget
U1123,132584,1,2,0,0,23.753112,-99.168567,FALSE,abstemious,informal,family,NA,single,independent,1987,technology,hard-worker,Catholic,student,green,110,medium,1.75,25,25-34,35.91836734693877,obese,1,S1: Quieter mixed students,Gorditas Dona Tota,NA,NA,No_Alcohol_Served,No alcohol,not permitted,informal,completely,medium,2,familiar,TRUE,closed,none,Medium | price | No alcohol | Familiar,1,1,2,1,matches stated budget
U1123,132667,1,2,1,0,23.753112,-99.168567,FALSE,abstemious,informal,family,NA,single,independent,1987,technology,hard-worker,Catholic,student,green,110,medium,1.75,25,25-34,35.91836734693877,obese,1,S1: Quieter mixed students,little pizza Emilio Portes Gil,victoria,tamaulipas,No_Alcohol_Served,No alcohol,none,informal,completely,low,1,familiar,TRUE,closed,none,Low | price | No alcohol | Familiar,0,1,2,1,below stated budget
U1123,132740,1,1,1,0,23.753112,-99.168567,FALSE,abstemious,informal,family,NA,single,independent,1987,technology,hard-worker,Catholic,student,green,110,medium,1.75,25,25-34,35.91836734693877,obese,1,S1: Quieter mixed students,Carreton de Flautas y Migadas,Ciudad Victoria,Tamaulipas,No_Alcohol_Served,No alcohol,permitted,informal,completely,low,1,familiar,FALSE,open,none,Low | price | No alcohol | Familiar,1,1,2,1,below stated budget
U1123,132613,1,2,1,0,23.753112,-99.168567,FALSE,abstemious,informal,family,NA,single,independent,1987,technology,hard-worker,Catholic,student,green,110,medium,1.75,25,25-34,35.91836734693877,obese,1,S1: Quieter mixed students,carnitas_mata,victoria,Tamaulipas,No_Alcohol_Served,No alcohol,permitted,informal,completely,medium,2,familiar,TRUE,closed,none,Medium | price | No alcohol | Familiar,1,1,2,1,matches stated budget
U1123,132594,1,1,1,0,23.753112,-99.168567,FALSE,abstemious,informal,family,NA,single,independent,1987,technology,hard-worker,Catholic,student,green,110,medium,1.75,25,25-34,35.91836734693877,obese,1,S1: Quieter mixed students,tacos de barbacoa enfrente del Tec,NA,NA,No_Alcohol_Served,No alcohol,not permitted,informal,completely,low,1,familiar,FALSE,open,none,Low | price | No alcohol | Familiar,1,1,2,1,below stated budget
U1021,132740,2,2,1,1,23.730569,-99.171883,FALSE,social drinker,no preference,family,car owner,single,dependent,1984,none,hard-worker,Catholic,student,purple,108,medium,1.62,28,25-34,41.152263374485585,obese,2,S2: Mobile social students,Carreton de Flautas y Migadas,Ciudad Victoria,Tamaulipas,No_Alcohol_Served,No alcohol,permitted,informal,completely,low,1,familiar,FALSE,open,none,Low | price | No alcohol | Familiar,0,1,2,1,below stated budget
U1026,132626,2,2,2,1,23.733,-99.133,FALSE,abstemious,formal,family,public,single,independent,1989,technology,hunter-ostentatious,Catholic,student,red,49,medium,1.55,23,18-24,20.39542143600416,healthy,3,S3: Tech-focused students,la perica hamburguesa,victoria,tamaulipas,No_Alcohol_Served,No alcohol,none,informal,completely,medium,2,familiar,TRUE,closed,none,Medium | price | No alcohol | Familiar,0,1,2,1,matches stated budget
U1021,132668,2,2,2,1,23.730569,-99.171883,FALSE,social drinker,no preference,family,car owner,single,dependent,1984,none,hard-worker,Catholic,student,purple,108,medium,1.62,28,25-34,41.152263374485585,obese,2,S2: Mobile social students,TACOS EL GUERO,victoria,tamaulipas,No_Alcohol_Served,No alcohol,none,informal,completely,low,1,familiar,FALSE,closed,none,Low | price | No alcohol | Familiar,0,0,2,1,below stated budget
U1021,132715,2,2,1,1,23.730569,-99.171883,FALSE,social drinker,no preference,family,car owner,single,dependent,1984,none,hard-worker,Catholic,student,purple,108,medium,1.62,28,25-34,41.152263374485585,obese,2,S2: Mobile social students,tacos de la estacion,NA,NA,No_Alcohol_Served,No alcohol,none,informal,no_accessibility,low,1,quiet,FALSE,open,none,Low | price | No alcohol | Quiet,0,1,2,1,below stated budget
U1044,134987,0,0,0,0,18.95298,-99.260789,TRUE,social drinker,informal,family,car owner,married,kids,1969,variety,thrifty-protector,Catholic,professional,orange,85,medium,1.73,43,35-44,28.40054796351365,overweight,2,S2: Mobile social students,Chilis Cuernavaca,Cuernavaca,Morelos,Wine-Beer,Wine or beer,none,informal,no_accessibility,medium,2,familiar,FALSE,closed,none,Medium | price | Wine or beer | Familiar,0,1,2,1,matches stated budget
U1083,135034,2,2,2,1,22.13392,-101.028373,FALSE,abstemious,NA,NA,NA,NA,NA,1981,none,hard-worker,none,NA,yellow,40,NA,1.6,31,25-34,15.624999999999996,underweight,1,S1: Quieter mixed students,Michiko Restaurant Japones,San Luis Potosi,SLP,No_Alcohol_Served,No alcohol,none,informal,no_accessibility,medium,2,familiar,FALSE,closed,none,Medium | price | No alcohol | Familiar,0,1,NA,NA,NA
U1083,132723,1,1,1,0,22.13392,-101.028373,FALSE,abstemious,NA,NA,NA,NA,NA,1981,none,hard-worker,none,NA,yellow,40,NA,1.6,31,25-34,15.624999999999996,underweight,1,S1: Quieter mixed students,Gordas de morales,NA,San Luis Potosi,Full_Bar,Full bar,section,informal,completely,medium,2,familiar,FALSE,closed,none,Medium | price | Full bar | Familiar,1,1,NA,NA,NA
U1083,135046,2,2,1,1,22.13392,-101.028373,FALSE,abstemious,NA,NA,NA,NA,NA,1981,none,hard-worker,none,NA,yellow,40,NA,1.6,31,25-34,15.624999999999996,underweight,1,S1: Quieter mixed students,Restaurante El Reyecito,San Luis Potosi,SLP,No_Alcohol_Served,No alcohol,none,informal,no_accessibility,medium,2,familiar,FALSE,closed,none,Medium | price | No alcohol | Familiar,0,1,NA,NA,NA
U1108,135075,2,2,2,1,22.143524,-100.987562,FALSE,abstemious,informal,solitary,public,single,independent,1983,technology,thrifty-protector,Catholic,student,blue,76,medium,1.81,29,25-34,23.198315069747565,healthy,3,S3: Tech-focused students,Mariscos El Pescador,San Luis Potosi,SLP,No_Alcohol_Served,No alcohol,none,informal,no_accessibility,medium,2,familiar,FALSE,closed,none,Medium | price | No alcohol | Familiar,1,1,2,1,matches stated budget
U1108,132572,1,2,1,0,22.143524,-100.987562,FALSE,abstemious,informal,solitary,public,single,independent,1983,technology,thrifty-protector,Catholic,student,blue,76,medium,1.81,29,25-34,23.198315069747565,healthy,3,S3: Tech-focused students,Cafe Chaires,San Luis Potosi,San Luis Potosi,No_Alcohol_Served,No alcohol,not permitted,informal,completely,low,1,familiar,FALSE,closed,none,Low | price | No alcohol | Familiar,1,1,2,1,below stated budget
U1108,135074,2,2,1,1,22.143524,-100.987562,FALSE,abstemious,informal,solitary,public,single,independent,1983,technology,thrifty-protector,Catholic,student,blue,76,medium,1.81,29,25-34,23.198315069747565,healthy,3,S3: Tech-focused students,Restaurante la Parroquia Potosina,San Luis Potosi,SLP,Wine-Beer,Wine or beer,section,informal,no_accessibility,high,3,familiar,FALSE,closed,none,High | price | Wine or beer | Familiar,0,1,2,0,above stated budget
U1108,135028,1,1,1,0,22.143524,-100.987562,FALSE,abstemious,informal,solitary,public,single,independent,1983,technology,thrifty-protector,Catholic,student,blue,76,medium,1.81,29,25-34,23.198315069747565,healthy,3,S3: Tech-focused students,La Virreina,San Luis Potosi,SLP,Wine-Beer,Wine or beer,none,informal,no_accessibility,medium,2,familiar,FALSE,closed,none,Medium | price | Wine or beer | Familiar,1,1,2,1,matches stated budget
U1108,135085,1,2,1,0,22.143524,-100.987562,FALSE,abstemious,informal,solitary,public,single,independent,1983,technology,thrifty-protector,Catholic,student,blue,76,medium,1.81,29,25-34,23.198315069747565,healthy,3,S3: Tech-focused students,Tortas Locas Hipocampo,San Luis Potosi,SLP,No_Alcohol_Served,No alcohol,not permitted,informal,no_accessibility,medium,2,familiar,FALSE,closed,none,Medium | price | No alcohol | Familiar,1,1,2,1,matches stated budget
U1108,135032,2,1,2,1,22.143524,-100.987562,FALSE,abstemious,informal,solitary,public,single,independent,1983,technology,thrifty-protector,Catholic,student,blue,76,medium,1.81,29,25-34,23.198315069747565,healthy,3,S3: Tech-focused students,Cafeteria y Restaurant El Pacifico,San Luis Potosi,SLP,Wine-Beer,Wine or beer,section,informal,no_accessibility,medium,2,familiar,FALSE,closed,none,Medium | price | Wine or beer | Familiar,1,1,2,1,matches stated budget
U1108,135086,1,1,0,0,22.143524,-100.987562,FALSE,abstemious,informal,solitary,public,single,independent,1983,technology,thrifty-protector,Catholic,student,blue,76,medium,1.81,29,25-34,23.198315069747565,healthy,3,S3: Tech-focused students,Mcdonalds Parque Tangamanga,San Luis Potosi,SLP,No_Alcohol_Served,No alcohol,not permitted,informal,no_accessibility,medium,2,familiar,TRUE,closed,none,Medium | price | No alcohol | Familiar,1,1,2,1,matches stated budget
U1108,132723,2,2,2,1,22.143524,-100.987562,FALSE,abstemious,informal,solitary,public,single,independent,1983,technology,thrifty-protector,Catholic,student,blue,76,medium,1.81,29,25-34,23.198315069747565,healthy,3,S3: Tech-focused students,Gordas de morales,NA,San Luis Potosi,Full_Bar,Full bar,section,informal,completely,medium,2,familiar,FALSE,closed,none,Medium | price | Full bar | Familiar,1,1,2,1,matches stated budget
U1108,135046,1,2,1,0,22.143524,-100.987562,FALSE,abstemious,informal,solitary,public,single,independent,1983,technology,thrifty-protector,Catholic,student,blue,76,medium,1.81,29,25-34,23.198315069747565,healthy,3,S3: Tech-focused students,Restaurante El Reyecito,San Luis Potosi,SLP,No_Alcohol_Served,No alcohol,none,informal,no_accessibility,medium,2,familiar,FALSE,closed,none,Medium | price | No alcohol | Familiar,1,1,2,1,matches stated budget
U1108,135058,1,1,1,0,22.143524,-100.987562,FALSE,abstemious,informal,solitary,public,single,independent,1983,technology,thrifty-protector,Catholic,student,blue,76,medium,1.81,29,25-34,23.198315069747565,healthy,3,S3: Tech-focused students,Restaurante Tiberius,San Luis Potosi,SLP,No_Alcohol_Served,No alcohol,none,informal,no_accessibility,medium,2,familiar,TRUE,closed,none,Medium | price | No alcohol | Familiar,1,1,2,1,matches stated budget
U1012,135001,1,1,2,0,18.813348,-99.243697,FALSE,casual drinker,formal,family,public,single,independent,1988,technology,hard-worker,Catholic,student,red,98,medium,1.84,24,18-24,28.946124763705104,overweight,3,S3: Tech-focused students,Vips,Cuernavaca,Morelos,Wine-Beer,Wine or beer,none,informal,completely,medium,2,familiar,TRUE,closed,none,Medium | price | Wine or beer | Familiar,0,1,2,1,matches stated budget
U1012,134983,2,2,2,1,18.813348,-99.243697,FALSE,casual drinker,formal,family,public,single,independent,1988,technology,hard-worker,Catholic,student,red,98,medium,1.84,24,18-24,28.946124763705104,overweight,3,S3: Tech-focused students,Restaurant and Bar and Clothesline Carlos N Charlies,Cuernavaca,Morelos,Full_Bar,Full bar,section,informal,no_accessibility,high,3,familiar,FALSE,closed,none,High | price | Full bar | Familiar,0,1,2,0,above stated budget
U1012,134996,2,2,2,1,18.813348,-99.243697,FALSE,casual drinker,formal,family,public,single,independent,1988,technology,hard-worker,Catholic,student,red,98,medium,1.84,24,18-24,28.946124763705104,overweight,3,S3: Tech-focused students,Sanborns Casa Piedra,Cuernavaca,Morelos,Wine-Beer,Wine or beer,only at bar,informal,no_accessibility,medium,2,familiar,TRUE,closed,Internet,Medium | price | Wine or beer | Familiar,0,1,2,1,matches stated budget
U1093,135019,2,2,2,1,18.871654,-99.183251,TRUE,casual drinker,no preference,family,car owner,single,independent,1990,variety,thrifty-protector,Catholic,student,blue,80,medium,1.67,22,18-24,28.685144680698485,overweight,2,S2: Mobile social students,Restaurant Bar Coty y Pablo,Jiutepec,Morelos,No_Alcohol_Served,No alcohol,none,informal,completely,low,1,familiar,FALSE,closed,none,Low | price | No alcohol | Familiar,0,0,2,1,below stated budget
U1093,134996,2,2,2,1,18.871654,-99.183251,TRUE,casual drinker,no preference,family,car owner,single,independent,1990,variety,thrifty-protector,Catholic,student,blue,80,medium,1.67,22,18-24,28.685144680698485,overweight,2,S2: Mobile social students,Sanborns Casa Piedra,Cuernavaca,Morelos,Wine-Beer,Wine or beer,only at bar,informal,no_accessibility,medium,2,familiar,TRUE,closed,Internet,Medium | price | Wine or beer | Familiar,0,0,2,1,matches stated budget
U1093,135001,2,2,2,1,18.871654,-99.183251,TRUE,casual drinker,no preference,family,car owner,single,independent,1990,variety,thrifty-protector,Catholic,student,blue,80,medium,1.67,22,18-24,28.685144680698485,overweight,2,S2: Mobile social students,Vips,Cuernavaca,Morelos,Wine-Beer,Wine or beer,none,informal,completely,medium,2,familiar,TRUE,closed,none,Medium | price | Wine or beer | Familiar,0,1,2,1,matches stated budget
U1093,134976,2,2,1,1,18.871654,-99.183251,TRUE,casual drinker,no preference,family,car owner,single,independent,1990,variety,thrifty-protector,Catholic,student,blue,80,medium,1.67,22,18-24,28.685144680698485,overweight,2,S2: Mobile social students,Log Yin,NA,NA,No_Alcohol_Served,No alcohol,none,informal,no_accessibility,low,1,familiar,FALSE,closed,none,Low | price | No alcohol | Familiar,0,1,2,1,below stated budget
U1093,134999,2,2,2,1,18.871654,-99.183251,TRUE,casual drinker,no preference,family,car owner,single,independent,1990,variety,thrifty-protector,Catholic,student,blue,80,medium,1.67,22,18-24,28.685144680698485,overweight,2,S2: Mobile social students,Kiku Cuernavaca,Cuernavaca,Morelos,No_Alcohol_Served,No alcohol,none,informal,no_accessibility,medium,2,familiar,FALSE,closed,none,Medium | price | No alcohol | Familiar,1,0,2,1,matches stated budget
U1030,135018,2,2,2,1,18.844818,-99.182758,FALSE,casual drinker,formal,family,on foot,single,independent,1991,eco-friendly,hard-worker,Catholic,student,black,64,medium,1.75,21,18-24,20.897959183673468,healthy,3,S3: Tech-focused students,El Oceano Dorado,Cuernavaca,Morelos,Full_Bar,Full bar,permitted,informal,completely,medium,2,familiar,FALSE,open,variety,Medium | price | Full bar | Familiar,1,1,2,1,matches stated budget
U1093,135013,2,2,1,1,18.871654,-99.183251,TRUE,casual drinker,no preference,family,car owner,single,independent,1990,variety,thrifty-protector,Catholic,student,blue,80,medium,1.67,22,18-24,28.685144680698485,overweight,2,S2: Mobile social students,Giovannis,Jiutepec,Morelos,No_Alcohol_Served,No alcohol,none,informal,no_accessibility,low,1,familiar,FALSE,closed,none,Low | price | No alcohol | Familiar,0,0,2,1,below stated budget
U1030,134986,2,2,2,1,18.844818,-99.182758,FALSE,casual drinker,formal,family,on foot,single,independent,1991,eco-friendly,hard-worker,Catholic,student,black,64,medium,1.75,21,18-24,20.897959183673468,healthy,3,S3: Tech-focused students,Restaurant Las Mananitas,Cuernavaca,Morelos,Wine-Beer,Wine or beer,none,formal,no_accessibility,high,3,familiar,FALSE,closed,none,High | price | Wine or beer | Familiar,0,0,2,0,above stated budget
U1012,134986,2,2,2,1,18.813348,-99.243697,FALSE,casual drinker,formal,family,public,single,independent,1988,technology,hard-worker,Catholic,student,red,98,medium,1.84,24,18-24,28.946124763705104,overweight,3,S3: Tech-focused students,Restaurant Las Mananitas,Cuernavaca,Morelos,Wine-Beer,Wine or beer,none,formal,no_accessibility,high,3,familiar,FALSE,closed,none,High | price | Wine or beer | Familiar,0,0,2,0,above stated budget
U1012,135018,2,2,2,1,18.813348,-99.243697,FALSE,casual drinker,formal,family,public,single,independent,1988,technology,hard-worker,Catholic,student,red,98,medium,1.84,24,18-24,28.946124763705104,overweight,3,S3: Tech-focused students,El Oceano Dorado,Cuernavaca,Morelos,Full_Bar,Full bar,permitted,informal,completely,medium,2,familiar,FALSE,open,variety,Medium | price | Full bar | Familiar,0,1,2,1,matches stated budget
U1030,135088,1,0,1,0,18.844818,-99.182758,FALSE,casual drinker,formal,family,on foot,single,independent,1991,eco-friendly,hard-worker,Catholic,student,black,64,medium,1.75,21,18-24,20.897959183673468,healthy,3,S3: Tech-focused students,Cafeteria cenidet,Cuernavaca,Morelos,No_Alcohol_Served,No alcohol,not permitted,informal,no_accessibility,low,1,quiet,FALSE,closed,none,Low | price | No alcohol | Quiet,0,1,2,1,below stated budget
U1093,132767,2,2,2,1,18.871654,-99.183251,TRUE,casual drinker,no preference,family,car owner,single,independent,1990,variety,thrifty-protector,Catholic,student,blue,80,medium,1.67,22,18-24,28.685144680698485,overweight,2,S2: Mobile social students,Restaurant Familiar El Chino,Jiutepec,Morelos,Wine-Beer,Wine or beer,permitted,casual,partially,medium,2,familiar,FALSE,open,variety,Medium | price | Wine or beer | Familiar,0,1,2,1,matches stated budget
U1030,135016,0,0,0,0,18.844818,-99.182758,FALSE,casual drinker,formal,family,on foot,single,independent,1991,eco-friendly,hard-worker,Catholic,student,black,64,medium,1.75,21,18-24,20.897959183673468,healthy,3,S3: Tech-focused students,Arrachela Grill,Cuernavaca,Morelos,No_Alcohol_Served,No alcohol,none,informal,no_accessibility,medium,2,familiar,FALSE,closed,none,Medium | price | No alcohol | Familiar,0,1,2,1,matches stated budget
U1093,135011,1,1,0,0,18.871654,-99.183251,TRUE,casual drinker,no preference,family,car owner,single,independent,1990,variety,thrifty-protector,Catholic,student,blue,80,medium,1.67,22,18-24,28.685144680698485,overweight,2,S2: Mobile social students,Los Vikingos,Jiutepec,Morelos,No_Alcohol_Served,No alcohol,none,informal,no_accessibility,medium,2,familiar,TRUE,closed,none,Medium | price | No alcohol | Familiar,0,0,2,1,matches stated budget
U1030,132767,0,0,0,0,18.844818,-99.182758,FALSE,casual drinker,formal,family,on foot,single,independent,1991,eco-friendly,hard-worker,Catholic,student,black,64,medium,1.75,21,18-24,20.897959183673468,healthy,3,S3: Tech-focused students,Restaurant Familiar El Chino,Jiutepec,Morelos,Wine-Beer,Wine or beer,permitted,casual,partially,medium,2,familiar,FALSE,open,variety,Medium | price | Wine or beer | Familiar,0,1,2,1,matches stated budget
U1030,135019,0,0,0,0,18.844818,-99.182758,FALSE,casual drinker,formal,family,on foot,single,independent,1991,eco-friendly,hard-worker,Catholic,student,black,64,medium,1.75,21,18-24,20.897959183673468,healthy,3,S3: Tech-focused students,Restaurant Bar Coty y Pablo,Jiutepec,Morelos,No_Alcohol_Served,No alcohol,none,informal,completely,low,1,familiar,FALSE,closed,none,Low | price | No alcohol | Familiar,0,0,2,1,below stated budget
U1030,135109,0,0,0,0,18.844818,-99.182758,FALSE,casual drinker,formal,family,on foot,single,independent,1991,eco-friendly,hard-worker,Catholic,student,black,64,medium,1.75,21,18-24,20.897959183673468,healthy,3,S3: Tech-focused students,Paniroles,NA,NA,Wine-Beer,Wine or beer,not permitted,informal,no_accessibility,medium,2,quiet,FALSE,closed,Internet,Medium | price | Wine or beer | Quiet,0,1,2,1,matches stated budget
U1030,134996,0,0,0,0,18.844818,-99.182758,FALSE,casual drinker,formal,family,on foot,single,independent,1991,eco-friendly,hard-worker,Catholic,student,black,64,medium,1.75,21,18-24,20.897959183673468,healthy,3,S3: Tech-focused students,Sanborns Casa Piedra,Cuernavaca,Morelos,Wine-Beer,Wine or beer,only at bar,informal,no_accessibility,medium,2,familiar,TRUE,closed,Internet,Medium | price | Wine or beer | Familiar,0,1,2,1,matches stated budget
U1066,135011,1,2,2,0,18.890695,-99.157104,FALSE,abstemious,informal,solitary,public,single,NA,1986,technology,thrifty-protector,Catholic,student,green,45,low,1.45,26,25-34,21.40309155766944,healthy,3,S3: Tech-focused students,Los Vikingos,Jiutepec,Morelos,No_Alcohol_Served,No alcohol,none,informal,no_accessibility,medium,2,familiar,TRUE,closed,none,Medium | price | No alcohol | Familiar,0,1,1,0,above stated budget
U1066,134999,1,1,1,0,18.890695,-99.157104,FALSE,abstemious,informal,solitary,public,single,NA,1986,technology,thrifty-protector,Catholic,student,green,45,low,1.45,26,25-34,21.40309155766944,healthy,3,S3: Tech-focused students,Kiku Cuernavaca,Cuernavaca,Morelos,No_Alcohol_Served,No alcohol,none,informal,no_accessibility,medium,2,familiar,FALSE,closed,none,Medium | price | No alcohol | Familiar,0,0,1,0,above stated budget
U1127,134975,2,2,2,1,18.943935,-99.206532,FALSE,abstemious,no preference,solitary,public,single,independent,1992,variety,hard-worker,Catholic,student,black,65,low,1.76,20,18-24,20.983987603305785,healthy,1,S1: Quieter mixed students,Rincon del Bife,NA,NA,Full_Bar,Full bar,section,informal,completely,high,3,familiar,FALSE,closed,variety,High | price | Full bar | Familiar,0,1,1,0,above stated budget
U1127,135021,2,1,1,1,18.943935,-99.206532,FALSE,abstemious,no preference,solitary,public,single,independent,1992,variety,hard-worker,Catholic,student,black,65,low,1.76,20,18-24,20.983987603305785,healthy,1,S1: Quieter mixed students,Subway,Cuernavaca,Morelos,No_Alcohol_Served,No alcohol,not permitted,informal,no_accessibility,low,1,familiar,TRUE,closed,none,Low | price | No alcohol | Familiar,0,1,1,1,matches stated budget
U1127,134987,2,0,2,1,18.943935,-99.206532,FALSE,abstemious,no preference,solitary,public,single,independent,1992,variety,hard-worker,Catholic,student,black,65,low,1.76,20,18-24,20.983987603305785,healthy,1,S1: Quieter mixed students,Chilis Cuernavaca,Cuernavaca,Morelos,Wine-Beer,Wine or beer,none,informal,no_accessibility,medium,2,familiar,FALSE,closed,none,Medium | price | Wine or beer | Familiar,0,1,1,0,above stated budget
U1127,134996,2,2,2,1,18.943935,-99.206532,FALSE,abstemious,no preference,solitary,public,single,independent,1992,variety,hard-worker,Catholic,student,black,65,low,1.76,20,18-24,20.983987603305785,healthy,1,S1: Quieter mixed students,Sanborns Casa Piedra,Cuernavaca,Morelos,Wine-Beer,Wine or beer,only at bar,informal,no_accessibility,medium,2,familiar,TRUE,closed,Internet,Medium | price | Wine or beer | Familiar,0,1,1,0,above stated budget
U1017,132768,1,1,1,0,18.952615,-99.201616,FALSE,casual drinker,formal,family,public,single,NA,1991,retro,hunter-ostentatious,none,professional,orange,79,medium,1.79,21,18-24,24.65590961580475,healthy,3,S3: Tech-focused students,Mariscos Tia Licha,cuernavaca,morelos,No_Alcohol_Served,No alcohol,not permitted,casual,partially,medium,2,familiar,TRUE,closed,none,Medium | price | No alcohol | Familiar,0,1,2,1,matches stated budget
U1066,135019,2,1,0,1,18.890695,-99.157104,FALSE,abstemious,informal,solitary,public,single,NA,1986,technology,thrifty-protector,Catholic,student,green,45,low,1.45,26,25-34,21.40309155766944,healthy,3,S3: Tech-focused students,Restaurant Bar Coty y Pablo,Jiutepec,Morelos,No_Alcohol_Served,No alcohol,none,informal,completely,low,1,familiar,FALSE,closed,none,Low | price | No alcohol | Familiar,0,0,1,1,matches stated budget
U1017,134975,2,1,1,1,18.952615,-99.201616,FALSE,casual drinker,formal,family,public,single,NA,1991,retro,hunter-ostentatious,none,professional,orange,79,medium,1.79,21,18-24,24.65590961580475,healthy,3,S3: Tech-focused students,Rincon del Bife,NA,NA,Full_Bar,Full bar,section,informal,completely,high,3,familiar,FALSE,closed,variety,High | price | Full bar | Familiar,0,1,2,0,above stated budget
U1017,134983,0,0,1,0,18.952615,-99.201616,FALSE,casual drinker,formal,family,public,single,NA,1991,retro,hunter-ostentatious,none,professional,orange,79,medium,1.79,21,18-24,24.65590961580475,healthy,3,S3: Tech-focused students,Restaurant and Bar and Clothesline Carlos N Charlies,Cuernavaca,Morelos,Full_Bar,Full bar,section,informal,no_accessibility,high,3,familiar,FALSE,closed,none,High | price | Full bar | Familiar,0,1,2,0,above stated budget
U1066,132767,1,2,1,0,18.890695,-99.157104,FALSE,abstemious,informal,solitary,public,single,NA,1986,technology,thrifty-protector,Catholic,student,green,45,low,1.45,26,25-34,21.40309155766944,healthy,3,S3: Tech-focused students,Restaurant Familiar El Chino,Jiutepec,Morelos,Wine-Beer,Wine or beer,permitted,casual,partially,medium,2,familiar,FALSE,open,variety,Medium | price | Wine or beer | Familiar,0,1,1,0,above stated budget
U1100,135021,2,1,0,1,18.879729,-99.067106,FALSE,casual drinker,formal,friends,public,single,independent,1990,eco-friendly,hard-worker,Christian,student,black,40,medium,1.65,22,18-24,14.692378328741967,underweight,3,S3: Tech-focused students,Subway,Cuernavaca,Morelos,No_Alcohol_Served,No alcohol,not permitted,informal,no_accessibility,low,1,familiar,TRUE,closed,none,Low | price | No alcohol | Familiar,0,1,2,1,below stated budget
U1100,134996,2,1,1,1,18.879729,-99.067106,FALSE,casual drinker,formal,friends,public,single,independent,1990,eco-friendly,hard-worker,Christian,student,black,40,medium,1.65,22,18-24,14.692378328741967,underweight,3,S3: Tech-focused students,Sanborns Casa Piedra,Cuernavaca,Morelos,Wine-Beer,Wine or beer,only at bar,informal,no_accessibility,medium,2,familiar,TRUE,closed,Internet,Medium | price | Wine or beer | Familiar,0,1,2,1,matches stated budget
U1066,135013,1,2,2,0,18.890695,-99.157104,FALSE,abstemious,informal,solitary,public,single,NA,1986,technology,thrifty-protector,Catholic,student,green,45,low,1.45,26,25-34,21.40309155766944,healthy,3,S3: Tech-focused students,Giovannis,Jiutepec,Morelos,No_Alcohol_Served,No alcohol,none,informal,no_accessibility,low,1,familiar,FALSE,closed,none,Low | price | No alcohol | Familiar,0,1,1,1,matches stated budget
U1100,135000,2,1,1,1,18.879729,-99.067106,FALSE,casual drinker,formal,friends,public,single,independent,1990,eco-friendly,hard-worker,Christian,student,black,40,medium,1.65,22,18-24,14.692378328741967,underweight,3,S3: Tech-focused students,Restaurant los Pinos,Cuernavaca,Morelos,No_Alcohol_Served,No alcohol,none,informal,no_accessibility,medium,2,familiar,FALSE,closed,none,Medium | price | No alcohol | Familiar,0,1,2,1,matches stated budget
U1100,135001,2,2,2,1,18.879729,-99.067106,FALSE,casual drinker,formal,friends,public,single,independent,1990,eco-friendly,hard-worker,Christian,student,black,40,medium,1.65,22,18-24,14.692378328741967,underweight,3,S3: Tech-focused students,Vips,Cuernavaca,Morelos,Wine-Beer,Wine or beer,none,informal,completely,medium,2,familiar,TRUE,closed,none,Medium | price | Wine or beer | Familiar,0,1,2,1,matches stated budget
U1100,132768,2,2,2,1,18.879729,-99.067106,FALSE,casual drinker,formal,friends,public,single,independent,1990,eco-friendly,hard-worker,Christian,student,black,40,medium,1.65,22,18-24,14.692378328741967,underweight,3,S3: Tech-focused students,Mariscos Tia Licha,cuernavaca,morelos,No_Alcohol_Served,No alcohol,not permitted,casual,partially,medium,2,familiar,TRUE,closed,none,Medium | price | No alcohol | Familiar,0,1,2,1,matches stated budget
U1100,134976,2,2,1,1,18.879729,-99.067106,FALSE,casual drinker,formal,friends,public,single,independent,1990,eco-friendly,hard-worker,Christian,student,black,40,medium,1.65,22,18-24,14.692378328741967,underweight,3,S3: Tech-focused students,Log Yin,NA,NA,No_Alcohol_Served,No alcohol,none,informal,no_accessibility,low,1,familiar,FALSE,closed,none,Low | price | No alcohol | Familiar,1,0,2,1,below stated budget
U1133,134983,1,1,1,0,18.886698,-99.114979,FALSE,abstemious,no preference,family,car owner,single,independent,1991,none,hard-worker,none,student,orange,60,medium,1.57,21,18-24,24.341758286340216,healthy,1,S1: Quieter mixed students,Restaurant and Bar and Clothesline Carlos N Charlies,Cuernavaca,Morelos,Full_Bar,Full bar,section,informal,no_accessibility,high,3,familiar,FALSE,closed,none,High | price | Full bar | Familiar,0,1,2,0,above stated budget
U1133,134986,2,2,2,1,18.886698,-99.114979,FALSE,abstemious,no preference,family,car owner,single,independent,1991,none,hard-worker,none,student,orange,60,medium,1.57,21,18-24,24.341758286340216,healthy,1,S1: Quieter mixed students,Restaurant Las Mananitas,Cuernavaca,Morelos,Wine-Beer,Wine or beer,none,formal,no_accessibility,high,3,familiar,FALSE,closed,none,High | price | Wine or beer | Familiar,0,0,2,0,above stated budget
U1133,132766,1,1,0,0,18.886698,-99.114979,FALSE,abstemious,no preference,family,car owner,single,independent,1991,none,hard-worker,none,student,orange,60,medium,1.57,21,18-24,24.341758286340216,healthy,1,S1: Quieter mixed students,Mikasa,Cuernavaca,Morelos,Wine-Beer,Wine or beer,none,informal,no_accessibility,medium,2,familiar,FALSE,closed,none,Medium | price | Wine or beer | Familiar,0,1,2,1,matches stated budget
U1133,132767,0,0,0,0,18.886698,-99.114979,FALSE,abstemious,no preference,family,car owner,single,independent,1991,none,hard-worker,none,student,orange,60,medium,1.57,21,18-24,24.341758286340216,healthy,1,S1: Quieter mixed students,Restaurant Familiar El Chino,Jiutepec,Morelos,Wine-Beer,Wine or beer,permitted,casual,partially,medium,2,familiar,FALSE,open,variety,Medium | price | Wine or beer | Familiar,0,1,2,1,matches stated budget
U1133,135021,2,2,2,1,18.886698,-99.114979,FALSE,abstemious,no preference,family,car owner,single,independent,1991,none,hard-worker,none,student,orange,60,medium,1.57,21,18-24,24.341758286340216,healthy,1,S1: Quieter mixed students,Subway,Cuernavaca,Morelos,No_Alcohol_Served,No alcohol,not permitted,informal,no_accessibility,low,1,familiar,TRUE,closed,none,Low | price | No alcohol | Familiar,0,1,2,1,below stated budget
U1133,135001,2,2,2,1,18.886698,-99.114979,FALSE,abstemious,no preference,family,car owner,single,independent,1991,none,hard-worker,none,student,orange,60,medium,1.57,21,18-24,24.341758286340216,healthy,1,S1: Quieter mixed students,Vips,Cuernavaca,Morelos,Wine-Beer,Wine or beer,none,informal,completely,medium,2,familiar,TRUE,closed,none,Medium | price | Wine or beer | Familiar,0,1,2,1,matches stated budget
U1133,134975,1,1,1,0,18.886698,-99.114979,FALSE,abstemious,no preference,family,car owner,single,independent,1991,none,hard-worker,none,student,orange,60,medium,1.57,21,18-24,24.341758286340216,healthy,1,S1: Quieter mixed students,Rincon del Bife,NA,NA,Full_Bar,Full bar,section,informal,completely,high,3,familiar,FALSE,closed,variety,High | price | Full bar | Familiar,0,1,2,0,above stated budget
U1133,134992,1,2,1,0,18.886698,-99.114979,FALSE,abstemious,no preference,family,car owner,single,independent,1991,none,hard-worker,none,student,orange,60,medium,1.57,21,18-24,24.341758286340216,healthy,1,S1: Quieter mixed students,Restaurant Teely,Cuernavaca,Morelos,Wine-Beer,Wine or beer,section,casual,no_accessibility,high,3,familiar,FALSE,closed,none,High | price | Wine or beer | Familiar,0,1,2,0,above stated budget
U1133,135019,1,2,0,0,18.886698,-99.114979,FALSE,abstemious,no preference,family,car owner,single,independent,1991,none,hard-worker,none,student,orange,60,medium,1.57,21,18-24,24.341758286340216,healthy,1,S1: Quieter mixed students,Restaurant Bar Coty y Pablo,Jiutepec,Morelos,No_Alcohol_Served,No alcohol,none,informal,completely,low,1,familiar,FALSE,closed,none,Low | price | No alcohol | Familiar,0,0,2,1,below stated budget
U1118,134987,0,0,0,0,18.940062,-99.228172,TRUE,casual drinker,informal,friends,public,single,independent,1987,technology,thrifty-protector,none,student,black,60,medium,1.68,25,25-34,21.258503401360546,healthy,3,S3: Tech-focused students,Chilis Cuernavaca,Cuernavaca,Morelos,Wine-Beer,Wine or beer,none,informal,no_accessibility,medium,2,familiar,FALSE,closed,none,Medium | price | Wine or beer | Familiar,0,1,2,1,matches stated budget
U1072,135016,1,2,2,0,18.86826,-99.212033,FALSE,casual drinker,no preference,family,public,single,independent,1984,eco-friendly,thrifty-protector,Christian,student,red,50,medium,1.54,28,25-34,21.0828132906055,healthy,3,S3: Tech-focused students,Arrachela Grill,Cuernavaca,Morelos,No_Alcohol_Served,No alcohol,none,informal,no_accessibility,medium,2,familiar,FALSE,closed,none,Medium | price | No alcohol | Familiar,0,1,2,1,matches stated budget
U1072,132773,2,1,2,1,18.86826,-99.212033,FALSE,casual drinker,no preference,family,public,single,independent,1984,eco-friendly,thrifty-protector,Christian,student,red,50,medium,1.54,28,25-34,21.0828132906055,healthy,3,S3: Tech-focused students,El cotorreo,Cuernavaca,Morelos,Wine-Beer,Wine or beer,permitted,informal,no_accessibility,low,1,familiar,FALSE,open,none,Low | price | Wine or beer | Familiar,1,1,2,1,below stated budget
U1072,135088,0,1,0,0,18.86826,-99.212033,FALSE,casual drinker,no preference,family,public,single,independent,1984,eco-friendly,thrifty-protector,Christian,student,red,50,medium,1.54,28,25-34,21.0828132906055,healthy,3,S3: Tech-focused students,Cafeteria cenidet,Cuernavaca,Morelos,No_Alcohol_Served,No alcohol,not permitted,informal,no_accessibility,low,1,quiet,FALSE,closed,none,Low | price | No alcohol | Quiet,0,1,2,1,below stated budget
U1026,132561,1,1,1,0,23.733,-99.133,FALSE,abstemious,formal,family,public,single,independent,1989,technology,hunter-ostentatious,Catholic,student,red,49,medium,1.55,23,18-24,20.39542143600416,healthy,3,S3: Tech-focused students,cafe ambar,NA,NA,No_Alcohol_Served,No alcohol,none,informal,completely,low,1,familiar,FALSE,closed,none,Low | price | No alcohol | Familiar,0,0,2,1,below stated budget
U1026,132706,0,2,0,0,23.733,-99.133,FALSE,abstemious,formal,family,public,single,independent,1989,technology,hunter-ostentatious,Catholic,student,red,49,medium,1.55,23,18-24,20.39542143600416,healthy,3,S3: Tech-focused students,Gorditas Dona Tota,Cd. Victoria,Tamaulipas,No_Alcohol_Served,No alcohol,not permitted,informal,no_accessibility,medium,2,familiar,TRUE,closed,none,Medium | price | No alcohol | Familiar,1,1,2,1,matches stated budget
U1026,132654,0,0,0,0,23.733,-99.133,FALSE,abstemious,formal,family,public,single,independent,1989,technology,hunter-ostentatious,Catholic,student,red,49,medium,1.55,23,18-24,20.39542143600416,healthy,3,S3: Tech-focused students,Carnitas Mata  Calle 16 de Septiembre,victoria,tamaulipas,No_Alcohol_Served,No alcohol,none,informal,completely,low,1,familiar,FALSE,closed,none,Low | price | No alcohol | Familiar,0,0,2,1,below stated budget
U1026,132665,2,2,2,1,23.733,-99.133,FALSE,abstemious,formal,family,public,single,independent,1989,technology,hunter-ostentatious,Catholic,student,red,49,medium,1.55,23,18-24,20.39542143600416,healthy,3,S3: Tech-focused students,TACOS CORRECAMINOS,victoria,tamaulipas,No_Alcohol_Served,No alcohol,none,informal,completely,low,1,familiar,FALSE,closed,none,Low | price | No alcohol | Familiar,1,0,2,1,below stated budget
U1023,132740,0,0,0,0,23.752943,-99.166589,FALSE,casual drinker,informal,friends,car owner,single,independent,1988,none,hard-worker,Catholic,student,blue,103,low,1.79,24,18-24,32.14631253706189,obese,2,S2: Mobile social students,Carreton de Flautas y Migadas,Ciudad Victoria,Tamaulipas,No_Alcohol_Served,No alcohol,permitted,informal,completely,low,1,familiar,FALSE,open,none,Low | price | No alcohol | Familiar,1,1,1,1,matches stated budget
U1023,132733,2,2,2,1,23.752943,-99.166589,FALSE,casual drinker,informal,friends,car owner,single,independent,1988,none,hard-worker,Catholic,student,blue,103,low,1.79,24,18-24,32.14631253706189,obese,2,S2: Mobile social students,Little Cesarz,Ciudad Victoria,Tamaulipas,No_Alcohol_Served,No alcohol,not permitted,informal,completely,medium,2,familiar,TRUE,closed,none,Medium | price | No alcohol | Familiar,0,1,1,0,above stated budget
U1080,132668,1,1,1,0,23.743793,-99.163397,TRUE,social drinker,formal,friends,car owner,single,independent,1987,variety,hard-worker,Catholic,student,white,80,low,1.82,25,25-34,24.151672503320853,healthy,2,S2: Mobile social students,TACOS EL GUERO,victoria,tamaulipas,No_Alcohol_Served,No alcohol,none,informal,completely,low,1,familiar,FALSE,closed,none,Low | price | No alcohol | Familiar,1,0,1,1,matches stated budget
U1080,132660,2,2,2,1,23.743793,-99.163397,TRUE,social drinker,formal,friends,car owner,single,independent,1987,variety,hard-worker,Catholic,student,white,80,low,1.82,25,25-34,24.151672503320853,healthy,2,S2: Mobile social students,carnitas mata calle Emilio Portes Gil,victoria,tamaulipas,No_Alcohol_Served,No alcohol,none,informal,completely,low,1,familiar,FALSE,closed,none,Low | price | No alcohol | Familiar,0,0,1,1,matches stated budget
U1080,132733,1,1,1,0,23.743793,-99.163397,TRUE,social drinker,formal,friends,car owner,single,independent,1987,variety,hard-worker,Catholic,student,white,80,low,1.82,25,25-34,24.151672503320853,healthy,2,S2: Mobile social students,Little Cesarz,Ciudad Victoria,Tamaulipas,No_Alcohol_Served,No alcohol,not permitted,informal,completely,medium,2,familiar,TRUE,closed,none,Medium | price | No alcohol | Familiar,0,1,1,0,above stated budget
U1080,132608,2,2,2,1,23.743793,-99.163397,TRUE,social drinker,formal,friends,car owner,single,independent,1987,variety,hard-worker,Catholic,student,white,80,low,1.82,25,25-34,24.151672503320853,healthy,2,S2: Mobile social students,Hamburguesas La perica,victoria,Tamaulipas,No_Alcohol_Served,No alcohol,permitted,informal,completely,low,1,quiet,TRUE,open,none,Low | price | No alcohol | Quiet,1,1,1,1,matches stated budget
U1063,132660,2,2,2,1,23.745096,-99.164357,FALSE,casual drinker,formal,family,public,single,independent,1988,eco-friendly,conformist,Catholic,student,red,80,medium,1.78,24,18-24,25.24933720489837,overweight,3,S3: Tech-focused students,carnitas mata calle Emilio Portes Gil,victoria,tamaulipas,No_Alcohol_Served,No alcohol,none,informal,completely,low,1,familiar,FALSE,closed,none,Low | price | No alcohol | Familiar,0,0,2,1,below stated budget
U1063,132584,2,1,1,1,23.745096,-99.164357,FALSE,casual drinker,formal,family,public,single,independent,1988,eco-friendly,conformist,Catholic,student,red,80,medium,1.78,24,18-24,25.24933720489837,overweight,3,S3: Tech-focused students,Gorditas Dona Tota,NA,NA,No_Alcohol_Served,No alcohol,not permitted,informal,completely,medium,2,familiar,TRUE,closed,none,Medium | price | No alcohol | Familiar,1,1,2,1,matches stated budget
U1063,132609,1,0,1,0,23.745096,-99.164357,FALSE,casual drinker,formal,family,public,single,independent,1988,eco-friendly,conformist,Catholic,student,red,80,medium,1.78,24,18-24,25.24933720489837,overweight,3,S3: Tech-focused students,Pollo_Frito_Buenos_Aires,victoria,Tamaulipas,No_Alcohol_Served,No alcohol,not permitted,informal,completely,low,1,quiet,TRUE,closed,none,Low | price | No alcohol | Quiet,0,1,2,1,below stated budget
U1063,135104,1,2,1,0,23.745096,-99.164357,FALSE,casual drinker,formal,family,public,single,independent,1988,eco-friendly,conformist,Catholic,student,red,80,medium,1.78,24,18-24,25.24933720489837,overweight,3,S3: Tech-focused students,vips,NA,NA,Full_Bar,Full bar,not permitted,informal,completely,medium,2,familiar,TRUE,closed,variety,Medium | price | Full bar | Familiar,1,1,2,1,matches stated budget
U1063,132667,1,2,1,0,23.745096,-99.164357,FALSE,casual drinker,formal,family,public,single,independent,1988,eco-friendly,conformist,Catholic,student,red,80,medium,1.78,24,18-24,25.24933720489837,overweight,3,S3: Tech-focused students,little pizza Emilio Portes Gil,victoria,tamaulipas,No_Alcohol_Served,No alcohol,none,informal,completely,low,1,familiar,TRUE,closed,none,Low | price | No alcohol | Familiar,0,1,2,1,below stated budget
U1080,132564,1,1,1,0,23.743793,-99.163397,TRUE,social drinker,formal,friends,car owner,single,independent,1987,variety,hard-worker,Catholic,student,white,80,low,1.82,25,25-34,24.151672503320853,healthy,2,S2: Mobile social students,churchs,NA,NA,No_Alcohol_Served,No alcohol,none,informal,completely,low,1,familiar,FALSE,closed,none,Low | price | No alcohol | Familiar,0,0,1,1,matches stated budget
U1080,132715,1,1,1,0,23.743793,-99.163397,TRUE,social drinker,formal,friends,car owner,single,independent,1987,variety,hard-worker,Catholic,student,white,80,low,1.82,25,25-34,24.151672503320853,healthy,2,S2: Mobile social students,tacos de la estacion,NA,NA,No_Alcohol_Served,No alcohol,none,informal,no_accessibility,low,1,quiet,FALSE,open,none,Low | price | No alcohol | Quiet,1,1,1,1,matches stated budget
U1082,132732,0,0,0,0,23.753061,-99.166095,TRUE,abstemious,informal,friends,public,single,NA,1989,variety,hard-worker,Catholic,student,black,63,medium,1.69,23,18-24,22.058051188683873,healthy,2,S2: Mobile social students,Taqueria EL amigo,Cd Victoria,Tamaulipas,No_Alcohol_Served,No alcohol,none,casual,completely,low,1,familiar,FALSE,open,none,Low | price | No alcohol | Familiar,1,1,2,1,below stated budget
U1082,132733,0,0,0,0,23.753061,-99.166095,TRUE,abstemious,informal,friends,public,single,NA,1989,variety,hard-worker,Catholic,student,black,63,medium,1.69,23,18-24,22.058051188683873,healthy,2,S2: Mobile social students,Little Cesarz,Ciudad Victoria,Tamaulipas,No_Alcohol_Served,No alcohol,not permitted,informal,completely,medium,2,familiar,TRUE,closed,none,Medium | price | No alcohol | Familiar,0,1,2,1,matches stated budget
U1074,135011,2,1,2,1,18.917,-99.25,TRUE,casual drinker,no preference,family,car owner,single,kids,1967,eco-friendly,hard-worker,Catholic,professional,black,68,medium,1.7,45,45+,23.529411764705884,healthy,2,S2: Mobile social students,Los Vikingos,Jiutepec,Morelos,No_Alcohol_Served,No alcohol,none,informal,no_accessibility,medium,2,familiar,TRUE,closed,none,Medium | price | No alcohol | Familiar,0,1,2,1,matches stated budget
U1074,134987,2,2,2,1,18.917,-99.25,TRUE,casual drinker,no preference,family,car owner,single,kids,1967,eco-friendly,hard-worker,Catholic,professional,black,68,medium,1.7,45,45+,23.529411764705884,healthy,2,S2: Mobile social students,Chilis Cuernavaca,Cuernavaca,Morelos,Wine-Beer,Wine or beer,none,informal,no_accessibility,medium,2,familiar,FALSE,closed,none,Medium | price | Wine or beer | Familiar,0,1,2,1,matches stated budget
U1074,134976,2,2,2,1,18.917,-99.25,TRUE,casual drinker,no preference,family,car owner,single,kids,1967,eco-friendly,hard-worker,Catholic,professional,black,68,medium,1.7,45,45+,23.529411764705884,healthy,2,S2: Mobile social students,Log Yin,NA,NA,No_Alcohol_Served,No alcohol,none,informal,no_accessibility,low,1,familiar,FALSE,closed,none,Low | price | No alcohol | Familiar,0,0,2,1,below stated budget
U1117,135018,1,1,1,0,18.875641,-99.220737,FALSE,abstemious,no preference,friends,public,single,independent,1982,technology,thrifty-protector,Catholic,professional,blue,58,medium,1.6,30,25-34,22.656249999999996,healthy,1,S1: Quieter mixed students,El Oceano Dorado,Cuernavaca,Morelos,Full_Bar,Full bar,permitted,informal,completely,medium,2,familiar,FALSE,open,variety,Medium | price | Full bar | Familiar,0,1,2,1,matches stated budget
U1117,132766,0,0,1,0,18.875641,-99.220737,FALSE,abstemious,no preference,friends,public,single,independent,1982,technology,thrifty-protector,Catholic,professional,blue,58,medium,1.6,30,25-34,22.656249999999996,healthy,1,S1: Quieter mixed students,Mikasa,Cuernavaca,Morelos,Wine-Beer,Wine or beer,none,informal,no_accessibility,medium,2,familiar,FALSE,closed,none,Medium | price | Wine or beer | Familiar,0,1,2,1,matches stated budget
U1117,135088,1,1,2,0,18.875641,-99.220737,FALSE,abstemious,no preference,friends,public,single,independent,1982,technology,thrifty-protector,Catholic,professional,blue,58,medium,1.6,30,25-34,22.656249999999996,healthy,1,S1: Quieter mixed students,Cafeteria cenidet,Cuernavaca,Morelos,No_Alcohol_Served,No alcohol,not permitted,informal,no_accessibility,low,1,quiet,FALSE,closed,none,Low | price | No alcohol | Quiet,0,1,2,1,below stated budget
U1117,135016,2,2,1,1,18.875641,-99.220737,FALSE,abstemious,no preference,friends,public,single,independent,1982,technology,thrifty-protector,Catholic,professional,blue,58,medium,1.6,30,25-34,22.656249999999996,healthy,1,S1: Quieter mixed students,Arrachela Grill,Cuernavaca,Morelos,No_Alcohol_Served,No alcohol,none,informal,no_accessibility,medium,2,familiar,FALSE,closed,none,Medium | price | No alcohol | Familiar,0,1,2,1,matches stated budget
U1117,132773,1,2,2,0,18.875641,-99.220737,FALSE,abstemious,no preference,friends,public,single,independent,1982,technology,thrifty-protector,Catholic,professional,blue,58,medium,1.6,30,25-34,22.656249999999996,healthy,1,S1: Quieter mixed students,El cotorreo,Cuernavaca,Morelos,Wine-Beer,Wine or beer,permitted,informal,no_accessibility,low,1,familiar,FALSE,open,none,Low | price | Wine or beer | Familiar,0,1,2,1,below stated budget
U1117,135000,1,1,1,0,18.875641,-99.220737,FALSE,abstemious,no preference,friends,public,single,independent,1982,technology,thrifty-protector,Catholic,professional,blue,58,medium,1.6,30,25-34,22.656249999999996,healthy,1,S1: Quieter mixed students,Restaurant los Pinos,Cuernavaca,Morelos,No_Alcohol_Served,No alcohol,none,informal,no_accessibility,medium,2,familiar,FALSE,closed,none,Medium | price | No alcohol | Familiar,0,1,2,1,matches stated budget
U1118,132583,0,0,0,0,18.940062,-99.228172,TRUE,casual drinker,informal,friends,public,single,independent,1987,technology,thrifty-protector,none,student,black,60,medium,1.68,25,25-34,21.258503401360546,healthy,3,S3: Tech-focused students,McDonalds Centro,Cuernavaca,Morelos,No_Alcohol_Served,No alcohol,not permitted,informal,partially,low,1,familiar,TRUE,closed,none,Low | price | No alcohol | Familiar,0,1,2,1,below stated budget
U1118,132768,0,0,0,0,18.940062,-99.228172,TRUE,casual drinker,informal,friends,public,single,independent,1987,technology,thrifty-protector,none,student,black,60,medium,1.68,25,25-34,21.258503401360546,healthy,3,S3: Tech-focused students,Mariscos Tia Licha,cuernavaca,morelos,No_Alcohol_Served,No alcohol,not permitted,casual,partially,medium,2,familiar,TRUE,closed,none,Medium | price | No alcohol | Familiar,0,1,2,1,matches stated budget
U1118,135021,2,0,0,1,18.940062,-99.228172,TRUE,casual drinker,informal,friends,public,single,independent,1987,technology,thrifty-protector,none,student,black,60,medium,1.68,25,25-34,21.258503401360546,healthy,3,S3: Tech-focused students,Subway,Cuernavaca,Morelos,No_Alcohol_Served,No alcohol,not permitted,informal,no_accessibility,low,1,familiar,TRUE,closed,none,Low | price | No alcohol | Familiar,0,1,2,1,below stated budget
U1118,134983,0,0,0,0,18.940062,-99.228172,TRUE,casual drinker,informal,friends,public,single,independent,1987,technology,thrifty-protector,none,student,black,60,medium,1.68,25,25-34,21.258503401360546,healthy,3,S3: Tech-focused students,Restaurant and Bar and Clothesline Carlos N Charlies,Cuernavaca,Morelos,Full_Bar,Full bar,section,informal,no_accessibility,high,3,familiar,FALSE,closed,none,High | price | Full bar | Familiar,0,1,2,0,above stated budget
U1118,135001,0,0,0,0,18.940062,-99.228172,TRUE,casual drinker,informal,friends,public,single,independent,1987,technology,thrifty-protector,none,student,black,60,medium,1.68,25,25-34,21.258503401360546,healthy,3,S3: Tech-focused students,Vips,Cuernavaca,Morelos,Wine-Beer,Wine or beer,none,informal,completely,medium,2,familiar,TRUE,closed,none,Medium | price | Wine or beer | Familiar,0,1,2,1,matches stated budget
U1118,134992,0,0,0,0,18.940062,-99.228172,TRUE,casual drinker,informal,friends,public,single,independent,1987,technology,thrifty-protector,none,student,black,60,medium,1.68,25,25-34,21.258503401360546,healthy,3,S3: Tech-focused students,Restaurant Teely,Cuernavaca,Morelos,Wine-Beer,Wine or beer,section,casual,no_accessibility,high,3,familiar,FALSE,closed,none,High | price | Wine or beer | Familiar,0,1,2,0,above stated budget
U1020,135088,1,2,0,0,18.878189,-99.222969,FALSE,abstemious,no preference,friends,public,single,independent,1982,technology,hard-worker,Catholic,professional,blue,40,medium,1.68,30,25-34,14.172335600907031,underweight,1,S1: Quieter mixed students,Cafeteria cenidet,Cuernavaca,Morelos,No_Alcohol_Served,No alcohol,not permitted,informal,no_accessibility,low,1,quiet,FALSE,closed,none,Low | price | No alcohol | Quiet,0,1,2,1,below stated budget
U1020,132768,2,2,2,1,18.878189,-99.222969,FALSE,abstemious,no preference,friends,public,single,independent,1982,technology,hard-worker,Catholic,professional,blue,40,medium,1.68,30,25-34,14.172335600907031,underweight,1,S1: Quieter mixed students,Mariscos Tia Licha,cuernavaca,morelos,No_Alcohol_Served,No alcohol,not permitted,casual,partially,medium,2,familiar,TRUE,closed,none,Medium | price | No alcohol | Familiar,0,1,2,1,matches stated budget
U1020,134996,1,1,1,0,18.878189,-99.222969,FALSE,abstemious,no preference,friends,public,single,independent,1982,technology,hard-worker,Catholic,professional,blue,40,medium,1.68,30,25-34,14.172335600907031,underweight,1,S1: Quieter mixed students,Sanborns Casa Piedra,Cuernavaca,Morelos,Wine-Beer,Wine or beer,only at bar,informal,no_accessibility,medium,2,familiar,TRUE,closed,Internet,Medium | price | Wine or beer | Familiar,0,1,2,1,matches stated budget
U1020,135109,2,2,1,1,18.878189,-99.222969,FALSE,abstemious,no preference,friends,public,single,independent,1982,technology,hard-worker,Catholic,professional,blue,40,medium,1.68,30,25-34,14.172335600907031,underweight,1,S1: Quieter mixed students,Paniroles,NA,NA,Wine-Beer,Wine or beer,not permitted,informal,no_accessibility,medium,2,quiet,FALSE,closed,Internet,Medium | price | Wine or beer | Quiet,0,1,2,1,matches stated budget
U1051,135088,1,1,1,0,18.877719,-99.22299,FALSE,casual drinker,no preference,family,public,single,independent,1979,variety,thrifty-protector,none,professional,blue,74,medium,1.76,33,25-34,23.889462809917354,healthy,1,S1: Quieter mixed students,Cafeteria cenidet,Cuernavaca,Morelos,No_Alcohol_Served,No alcohol,not permitted,informal,no_accessibility,low,1,quiet,FALSE,closed,none,Low | price | No alcohol | Quiet,0,1,2,1,below stated budget
U1051,135109,1,1,1,0,18.877719,-99.22299,FALSE,casual drinker,no preference,family,public,single,independent,1979,variety,thrifty-protector,none,professional,blue,74,medium,1.76,33,25-34,23.889462809917354,healthy,1,S1: Quieter mixed students,Paniroles,NA,NA,Wine-Beer,Wine or beer,not permitted,informal,no_accessibility,medium,2,quiet,FALSE,closed,Internet,Medium | price | Wine or beer | Quiet,0,1,2,1,matches stated budget
U1051,132768,1,2,1,0,18.877719,-99.22299,FALSE,casual drinker,no preference,family,public,single,independent,1979,variety,thrifty-protector,none,professional,blue,74,medium,1.76,33,25-34,23.889462809917354,healthy,1,S1: Quieter mixed students,Mariscos Tia Licha,cuernavaca,morelos,No_Alcohol_Served,No alcohol,not permitted,casual,partially,medium,2,familiar,TRUE,closed,none,Medium | price | No alcohol | Familiar,0,1,2,1,matches stated budget
U1055,135051,1,2,2,0,22.143289,-100.987683,FALSE,abstemious,no preference,family,car owner,married,dependent,1952,none,hard-worker,Catholic,professional,blue,70,medium,1.66,60,45+,25.402816083611555,overweight,1,S1: Quieter mixed students,Restaurante Versalles,San Luis Potosi,SLP,No_Alcohol_Served,No alcohol,section,informal,no_accessibility,low,1,familiar,FALSE,closed,none,Low | price | No alcohol | Familiar,0,1,2,1,below stated budget
U1055,135075,2,2,2,1,22.143289,-100.987683,FALSE,abstemious,no preference,family,car owner,married,dependent,1952,none,hard-worker,Catholic,professional,blue,70,medium,1.66,60,45+,25.402816083611555,overweight,1,S1: Quieter mixed students,Mariscos El Pescador,San Luis Potosi,SLP,No_Alcohol_Served,No alcohol,none,informal,no_accessibility,medium,2,familiar,FALSE,closed,none,Medium | price | No alcohol | Familiar,0,1,2,1,matches stated budget
U1055,132572,2,2,2,1,22.143289,-100.987683,FALSE,abstemious,no preference,family,car owner,married,dependent,1952,none,hard-worker,Catholic,professional,blue,70,medium,1.66,60,45+,25.402816083611555,overweight,1,S1: Quieter mixed students,Cafe Chaires,San Luis Potosi,San Luis Potosi,No_Alcohol_Served,No alcohol,not permitted,informal,completely,low,1,familiar,FALSE,closed,none,Low | price | No alcohol | Familiar,0,1,2,1,below stated budget
U1055,135028,2,2,2,1,22.143289,-100.987683,FALSE,abstemious,no preference,family,car owner,married,dependent,1952,none,hard-worker,Catholic,professional,blue,70,medium,1.66,60,45+,25.402816083611555,overweight,1,S1: Quieter mixed students,La Virreina,San Luis Potosi,SLP,Wine-Beer,Wine or beer,none,informal,no_accessibility,medium,2,familiar,FALSE,closed,none,Medium | price | Wine or beer | Familiar,0,1,2,1,matches stated budget
U1055,135025,2,2,2,1,22.143289,-100.987683,FALSE,abstemious,no preference,family,car owner,married,dependent,1952,none,hard-worker,Catholic,professional,blue,70,medium,1.66,60,45+,25.402816083611555,overweight,1,S1: Quieter mixed students,El Rincon de San Francisco,San Luis Potosi,SLP,No_Alcohol_Served,No alcohol,none,informal,no_accessibility,medium,2,familiar,FALSE,closed,none,Medium | price | No alcohol | Familiar,0,1,2,1,matches stated budget
U1083,132572,2,2,2,1,22.13392,-101.028373,FALSE,abstemious,NA,NA,NA,NA,NA,1981,none,hard-worker,none,NA,yellow,40,NA,1.6,31,25-34,15.624999999999996,underweight,1,S1: Quieter mixed students,Cafe Chaires,San Luis Potosi,San Luis Potosi,No_Alcohol_Served,No alcohol,not permitted,informal,completely,low,1,familiar,FALSE,closed,none,Low | price | No alcohol | Familiar,0,1,NA,NA,NA
U1083,135049,0,0,0,0,22.13392,-101.028373,FALSE,abstemious,NA,NA,NA,NA,NA,1981,none,hard-worker,none,NA,yellow,40,NA,1.6,31,25-34,15.624999999999996,underweight,1,S1: Quieter mixed students,Restaurante de Mariscos la Langosta,San Luis Potosi,SLP,No_Alcohol_Served,No alcohol,none,informal,no_accessibility,medium,2,familiar,FALSE,closed,none,Medium | price | No alcohol | Familiar,0,1,NA,NA,NA
U1055,135106,2,2,2,1,22.143289,-100.987683,FALSE,abstemious,no preference,family,car owner,married,dependent,1952,none,hard-worker,Catholic,professional,blue,70,medium,1.66,60,45+,25.402816083611555,overweight,1,S1: Quieter mixed students,El Rincón de San Francisco,San Luis Potosi,San Luis Potosi,Wine-Beer,Wine or beer,only at bar,informal,partially,medium,2,familiar,FALSE,open,none,Medium | price | Wine or beer | Familiar,0,1,2,1,matches stated budget
U1083,135072,1,2,2,0,22.13392,-101.028373,FALSE,abstemious,NA,NA,NA,NA,NA,1981,none,hard-worker,none,NA,yellow,40,NA,1.6,31,25-34,15.624999999999996,underweight,1,S1: Quieter mixed students,Sushi Itto,San Luis Potosi,SLP,No_Alcohol_Served,No alcohol,none,informal,no_accessibility,medium,2,familiar,FALSE,closed,none,Medium | price | No alcohol | Familiar,0,1,NA,NA,NA
U1083,135074,2,2,2,1,22.13392,-101.028373,FALSE,abstemious,NA,NA,NA,NA,NA,1981,none,hard-worker,none,NA,yellow,40,NA,1.6,31,25-34,15.624999999999996,underweight,1,S1: Quieter mixed students,Restaurante la Parroquia Potosina,San Luis Potosi,SLP,Wine-Beer,Wine or beer,section,informal,no_accessibility,high,3,familiar,FALSE,closed,none,High | price | Wine or beer | Familiar,0,1,NA,NA,NA
U1083,132755,2,2,2,1,22.13392,-101.028373,FALSE,abstemious,NA,NA,NA,NA,NA,1981,none,hard-worker,none,NA,yellow,40,NA,1.6,31,25-34,15.624999999999996,underweight,1,S1: Quieter mixed students,La Estrella de Dimas,San Luis Potosi,S.L.P.,No_Alcohol_Served,No alcohol,none,informal,partially,medium,2,familiar,FALSE,closed,variety,Medium | price | No alcohol | Familiar,1,1,NA,NA,NA
U1083,135044,1,2,2,0,22.13392,-101.028373,FALSE,abstemious,NA,NA,NA,NA,NA,1981,none,hard-worker,none,NA,yellow,40,NA,1.6,31,25-34,15.624999999999996,underweight,1,S1: Quieter mixed students,Restaurant Wu Zhuo Yi,San Luis Potosi,SLP,No_Alcohol_Served,No alcohol,none,informal,no_accessibility,medium,2,familiar,FALSE,closed,none,Medium | price | No alcohol | Familiar,0,1,NA,NA,NA
U1055,135048,2,2,2,1,22.143289,-100.987683,FALSE,abstemious,no preference,family,car owner,married,dependent,1952,none,hard-worker,Catholic,professional,blue,70,medium,1.66,60,45+,25.402816083611555,overweight,1,S1: Quieter mixed students,Restaurante Bar Fu-hao,San Luis Potosi,SLP,Wine-Beer,Wine or beer,none,informal,no_accessibility,high,3,familiar,FALSE,closed,none,High | price | Wine or beer | Familiar,0,1,2,0,above stated budget
U1055,135047,2,2,2,1,22.143289,-100.987683,FALSE,abstemious,no preference,family,car owner,married,dependent,1952,none,hard-worker,Catholic,professional,blue,70,medium,1.66,60,45+,25.402816083611555,overweight,1,S1: Quieter mixed students,Restaurante Casa de las Flores,San Luis Potosi,SLP,Wine-Beer,Wine or beer,section,informal,no_accessibility,high,3,familiar,FALSE,closed,none,High | price | Wine or beer | Familiar,0,1,2,0,above stated budget
U1055,132754,2,2,2,1,22.143289,-100.987683,FALSE,abstemious,no preference,family,car owner,married,dependent,1952,none,hard-worker,Catholic,professional,blue,70,medium,1.66,60,45+,25.402816083611555,overweight,1,S1: Quieter mixed students,Cabana Huasteca,San Luis Potosi,S.L.P.,No_Alcohol_Served,No alcohol,none,informal,partially,medium,2,familiar,FALSE,closed,none,Medium | price | No alcohol | Familiar,0,1,2,1,matches stated budget
U1055,132825,2,2,2,1,22.143289,-100.987683,FALSE,abstemious,no preference,family,car owner,married,dependent,1952,none,hard-worker,Catholic,professional,blue,70,medium,1.66,60,45+,25.402816083611555,overweight,1,S1: Quieter mixed students,puesto de tacos,s.l.p.,s.l.p.,No_Alcohol_Served,No alcohol,none,informal,completely,low,1,familiar,FALSE,open,none,Low | price | No alcohol | Familiar,0,1,2,1,below stated budget
U1053,135076,1,1,1,0,22.175833,-100.986671,FALSE,casual drinker,informal,family,public,single,independent,1990,variety,thrifty-protector,Catholic,student,red,66,low,1.72,22,18-24,22.30935640886966,healthy,3,S3: Tech-focused students,Restaurante Pueblo Bonito,San Luis Potosi,SLP,Wine-Beer,Wine or beer,none,informal,no_accessibility,high,3,familiar,FALSE,closed,none,High | price | Wine or beer | Familiar,0,1,1,0,above stated budget
U1053,135032,2,2,1,1,22.175833,-100.986671,FALSE,casual drinker,informal,family,public,single,independent,1990,variety,thrifty-protector,Catholic,student,red,66,low,1.72,22,18-24,22.30935640886966,healthy,3,S3: Tech-focused students,Cafeteria y Restaurant El Pacifico,San Luis Potosi,SLP,Wine-Beer,Wine or beer,section,informal,no_accessibility,medium,2,familiar,FALSE,closed,none,Medium | price | Wine or beer | Familiar,0,1,1,0,above stated budget
U1053,132825,1,2,0,0,22.175833,-100.986671,FALSE,casual drinker,informal,family,public,single,independent,1990,variety,thrifty-protector,Catholic,student,red,66,low,1.72,22,18-24,22.30935640886966,healthy,3,S3: Tech-focused students,puesto de tacos,s.l.p.,s.l.p.,No_Alcohol_Served,No alcohol,none,informal,completely,low,1,familiar,FALSE,open,none,Low | price | No alcohol | Familiar,1,1,1,1,matches stated budget
U1053,135063,2,1,2,1,22.175833,-100.986671,FALSE,casual drinker,informal,family,public,single,independent,1990,variety,thrifty-protector,Catholic,student,red,66,low,1.72,22,18-24,22.30935640886966,healthy,3,S3: Tech-focused students,Restaurante Alhondiga,San Luis Potosi,SLP,No_Alcohol_Served,No alcohol,none,informal,no_accessibility,medium,2,familiar,FALSE,closed,none,Medium | price | No alcohol | Familiar,0,1,1,0,above stated budget
U1035,135018,1,2,1,0,18.839671,-99.223897,TRUE,casual drinker,no preference,friends,car owner,single,independent,1985,variety,hunter-ostentatious,none,student,red,69,medium,1.75,27,25-34,22.53061224489796,healthy,2,S2: Mobile social students,El Oceano Dorado,Cuernavaca,Morelos,Full_Bar,Full bar,permitted,informal,completely,medium,2,familiar,FALSE,open,variety,Medium | price | Full bar | Familiar,0,1,2,1,matches stated budget
U1035,132773,2,1,2,1,18.839671,-99.223897,TRUE,casual drinker,no preference,friends,car owner,single,independent,1985,variety,hunter-ostentatious,none,student,red,69,medium,1.75,27,25-34,22.53061224489796,healthy,2,S2: Mobile social students,El cotorreo,Cuernavaca,Morelos,Wine-Beer,Wine or beer,permitted,informal,no_accessibility,low,1,familiar,FALSE,open,none,Low | price | Wine or beer | Familiar,1,1,2,1,below stated budget
U1053,135042,2,1,2,1,22.175833,-100.986671,FALSE,casual drinker,informal,family,public,single,independent,1990,variety,thrifty-protector,Catholic,student,red,66,low,1.72,22,18-24,22.30935640886966,healthy,3,S3: Tech-focused students,Restaurant Oriental Express,San Luis Potosi,SLP,No_Alcohol_Served,No alcohol,none,informal,no_accessibility,medium,2,familiar,FALSE,closed,none,Medium | price | No alcohol | Familiar,0,1,1,0,above stated budget
U1053,135053,2,2,0,1,22.175833,-100.986671,FALSE,casual drinker,informal,family,public,single,independent,1990,variety,thrifty-protector,Catholic,student,red,66,low,1.72,22,18-24,22.30935640886966,healthy,3,S3: Tech-focused students,La Fontana Pizza Restaurante and Cafe,San Luis Potosi,SLP,No_Alcohol_Served,No alcohol,section,informal,no_accessibility,high,3,familiar,FALSE,closed,none,High | price | No alcohol | Familiar,0,1,1,0,above stated budget
U1053,132754,1,2,1,0,22.175833,-100.986671,FALSE,casual drinker,informal,family,public,single,independent,1990,variety,thrifty-protector,Catholic,student,red,66,low,1.72,22,18-24,22.30935640886966,healthy,3,S3: Tech-focused students,Cabana Huasteca,San Luis Potosi,S.L.P.,No_Alcohol_Served,No alcohol,none,informal,partially,medium,2,familiar,FALSE,closed,none,Medium | price | No alcohol | Familiar,1,1,1,0,above stated budget
U1035,132583,1,0,2,0,18.839671,-99.223897,TRUE,casual drinker,no preference,friends,car owner,single,independent,1985,variety,hunter-ostentatious,none,student,red,69,medium,1.75,27,25-34,22.53061224489796,healthy,2,S2: Mobile social students,McDonalds Centro,Cuernavaca,Morelos,No_Alcohol_Served,No alcohol,not permitted,informal,partially,low,1,familiar,TRUE,closed,none,Low | price | No alcohol | Familiar,0,1,2,1,below stated budget
U1053,135081,2,2,1,1,22.175833,-100.986671,FALSE,casual drinker,informal,family,public,single,independent,1990,variety,thrifty-protector,Catholic,student,red,66,low,1.72,22,18-24,22.30935640886966,healthy,3,S3: Tech-focused students,El Club,San Luis Potosi,SLP,No_Alcohol_Served,No alcohol,none,informal,no_accessibility,medium,2,familiar,FALSE,closed,none,Medium | price | No alcohol | Familiar,0,1,1,0,above stated budget
U1053,135025,2,1,2,1,22.175833,-100.986671,FALSE,casual drinker,informal,family,public,single,independent,1990,variety,thrifty-protector,Catholic,student,red,66,low,1.72,22,18-24,22.30935640886966,healthy,3,S3: Tech-focused students,El Rincon de San Francisco,San Luis Potosi,SLP,No_Alcohol_Served,No alcohol,none,informal,no_accessibility,medium,2,familiar,FALSE,closed,none,Medium | price | No alcohol | Familiar,1,1,1,0,above stated budget
U1053,135038,2,1,2,1,22.175833,-100.986671,FALSE,casual drinker,informal,family,public,single,independent,1990,variety,thrifty-protector,Catholic,student,red,66,low,1.72,22,18-24,22.30935640886966,healthy,3,S3: Tech-focused students,Restaurant la Chalita,San Luis Potosi,SLP,No_Alcohol_Served,No alcohol,section,informal,no_accessibility,medium,2,familiar,FALSE,closed,none,Medium | price | No alcohol | Familiar,0,1,1,0,above stated budget
U1053,135060,2,2,1,1,22.175833,-100.986671,FALSE,casual drinker,informal,family,public,single,independent,1990,variety,thrifty-protector,Catholic,student,red,66,low,1.72,22,18-24,22.30935640886966,healthy,3,S3: Tech-focused students,Restaurante Marisco Sam,San Luis Potosi,SLP,No_Alcohol_Served,No alcohol,none,informal,no_accessibility,medium,2,familiar,FALSE,closed,none,Medium | price | No alcohol | Familiar,0,1,1,0,above stated budget
U1053,135062,2,1,1,1,22.175833,-100.986671,FALSE,casual drinker,informal,family,public,single,independent,1990,variety,thrifty-protector,Catholic,student,red,66,low,1.72,22,18-24,22.30935640886966,healthy,3,S3: Tech-focused students,Restaurante El Cielo Potosino,San Luis Potosi,SLP,No_Alcohol_Served,No alcohol,none,informal,no_accessibility,medium,2,familiar,FALSE,closed,none,Medium | price | No alcohol | Familiar,0,1,1,0,above stated budget
U1053,135047,2,2,2,1,22.175833,-100.986671,FALSE,casual drinker,informal,family,public,single,independent,1990,variety,thrifty-protector,Catholic,student,red,66,low,1.72,22,18-24,22.30935640886966,healthy,3,S3: Tech-focused students,Restaurante Casa de las Flores,San Luis Potosi,SLP,Wine-Beer,Wine or beer,section,informal,no_accessibility,high,3,familiar,FALSE,closed,none,High | price | Wine or beer | Familiar,0,1,1,0,above stated budget
U1064,135042,1,2,1,0,22.139511,-100.957002,FALSE,casual drinker,formal,solitary,public,single,independent,1991,variety,hunter-ostentatious,none,student,blue,94,medium,1.77,21,18-24,30.00414951003862,obese,3,S3: Tech-focused students,Restaurant Oriental Express,San Luis Potosi,SLP,No_Alcohol_Served,No alcohol,none,informal,no_accessibility,medium,2,familiar,FALSE,closed,none,Medium | price | No alcohol | Familiar,0,1,2,1,matches stated budget
U1081,135069,1,0,1,0,22.207749,-100.942383,FALSE,casual drinker,informal,family,public,single,independent,1991,variety,hard-worker,Catholic,student,green,52,low,1.54,21,18-24,21.926125822229718,healthy,1,S1: Quieter mixed students,Abondance Restaurante Bar,San Luis Potosi,SLP,Wine-Beer,Wine or beer,none,informal,no_accessibility,low,1,familiar,FALSE,closed,none,Low | price | Wine or beer | Familiar,0,1,1,1,matches stated budget
U1064,135057,1,1,2,0,22.139511,-100.957002,FALSE,casual drinker,formal,solitary,public,single,independent,1991,variety,hunter-ostentatious,none,student,blue,94,medium,1.77,21,18-24,30.00414951003862,obese,3,S3: Tech-focused students,El Herradero Restaurante and Bar,San Luis Potosi,SLP,Wine-Beer,Wine or beer,section,informal,no_accessibility,medium,2,familiar,FALSE,closed,none,Medium | price | Wine or beer | Familiar,0,1,2,1,matches stated budget
U1081,135076,1,2,2,0,22.207749,-100.942383,FALSE,casual drinker,informal,family,public,single,independent,1991,variety,hard-worker,Catholic,student,green,52,low,1.54,21,18-24,21.926125822229718,healthy,1,S1: Quieter mixed students,Restaurante Pueblo Bonito,San Luis Potosi,SLP,Wine-Beer,Wine or beer,none,informal,no_accessibility,high,3,familiar,FALSE,closed,none,High | price | Wine or beer | Familiar,0,1,1,0,above stated budget
U1081,135043,0,0,1,0,22.207749,-100.942383,FALSE,casual drinker,informal,family,public,single,independent,1991,variety,hard-worker,Catholic,student,green,52,low,1.54,21,18-24,21.926125822229718,healthy,1,S1: Quieter mixed students,pizza clasica,Soledad,SLP,No_Alcohol_Served,No alcohol,none,informal,no_accessibility,medium,2,familiar,FALSE,closed,none,Medium | price | No alcohol | Familiar,0,1,1,0,above stated budget
U1064,135069,0,0,1,0,22.139511,-100.957002,FALSE,casual drinker,formal,solitary,public,single,independent,1991,variety,hunter-ostentatious,none,student,blue,94,medium,1.77,21,18-24,30.00414951003862,obese,3,S3: Tech-focused students,Abondance Restaurante Bar,San Luis Potosi,SLP,Wine-Beer,Wine or beer,none,informal,no_accessibility,low,1,familiar,FALSE,closed,none,Low | price | Wine or beer | Familiar,0,1,2,1,below stated budget
U1081,135039,0,0,0,0,22.207749,-100.942383,FALSE,casual drinker,informal,family,public,single,independent,1991,variety,hard-worker,Catholic,student,green,52,low,1.54,21,18-24,21.926125822229718,healthy,1,S1: Quieter mixed students,Restaurant de Mariscos de Picon,San Luis Potosi,SLP,No_Alcohol_Served,No alcohol,section,informal,no_accessibility,low,1,familiar,FALSE,closed,none,Low | price | No alcohol | Familiar,0,1,1,1,matches stated budget
U1064,135060,1,0,1,0,22.139511,-100.957002,FALSE,casual drinker,formal,solitary,public,single,independent,1991,variety,hunter-ostentatious,none,student,blue,94,medium,1.77,21,18-24,30.00414951003862,obese,3,S3: Tech-focused students,Restaurante Marisco Sam,San Luis Potosi,SLP,No_Alcohol_Served,No alcohol,none,informal,no_accessibility,medium,2,familiar,FALSE,closed,none,Medium | price | No alcohol | Familiar,0,1,2,1,matches stated budget
U1064,135052,2,0,2,1,22.139511,-100.957002,FALSE,casual drinker,formal,solitary,public,single,independent,1991,variety,hunter-ostentatious,none,student,blue,94,medium,1.77,21,18-24,30.00414951003862,obese,3,S3: Tech-focused students,La Cantina Restaurante,San Luis Potosi,SLP,Full_Bar,Full bar,none,informal,no_accessibility,high,3,familiar,FALSE,closed,none,High | price | Full bar | Familiar,0,1,2,0,above stated budget
U1081,132825,1,0,1,0,22.207749,-100.942383,FALSE,casual drinker,informal,family,public,single,independent,1991,variety,hard-worker,Catholic,student,green,52,low,1.54,21,18-24,21.926125822229718,healthy,1,S1: Quieter mixed students,puesto de tacos,s.l.p.,s.l.p.,No_Alcohol_Served,No alcohol,none,informal,completely,low,1,familiar,FALSE,open,none,Low | price | No alcohol | Familiar,1,1,1,1,matches stated budget
U1081,135032,0,1,1,0,22.207749,-100.942383,FALSE,casual drinker,informal,family,public,single,independent,1991,variety,hard-worker,Catholic,student,green,52,low,1.54,21,18-24,21.926125822229718,healthy,1,S1: Quieter mixed students,Cafeteria y Restaurant El Pacifico,San Luis Potosi,SLP,Wine-Beer,Wine or beer,section,informal,no_accessibility,medium,2,familiar,FALSE,closed,none,Medium | price | Wine or beer | Familiar,0,1,1,0,above stated budget
U1081,135028,1,2,2,0,22.207749,-100.942383,FALSE,casual drinker,informal,family,public,single,independent,1991,variety,hard-worker,Catholic,student,green,52,low,1.54,21,18-24,21.926125822229718,healthy,1,S1: Quieter mixed students,La Virreina,San Luis Potosi,SLP,Wine-Beer,Wine or beer,none,informal,no_accessibility,medium,2,familiar,FALSE,closed,none,Medium | price | Wine or beer | Familiar,1,1,1,0,above stated budget
U1081,135085,1,2,1,0,22.207749,-100.942383,FALSE,casual drinker,informal,family,public,single,independent,1991,variety,hard-worker,Catholic,student,green,52,low,1.54,21,18-24,21.926125822229718,healthy,1,S1: Quieter mixed students,Tortas Locas Hipocampo,San Luis Potosi,SLP,No_Alcohol_Served,No alcohol,not permitted,informal,no_accessibility,medium,2,familiar,FALSE,closed,none,Medium | price | No alcohol | Familiar,0,1,1,0,above stated budget
U1081,135052,0,1,1,0,22.207749,-100.942383,FALSE,casual drinker,informal,family,public,single,independent,1991,variety,hard-worker,Catholic,student,green,52,low,1.54,21,18-24,21.926125822229718,healthy,1,S1: Quieter mixed students,La Cantina Restaurante,San Luis Potosi,SLP,Full_Bar,Full bar,none,informal,no_accessibility,high,3,familiar,FALSE,closed,none,High | price | Full bar | Familiar,0,1,1,0,above stated budget
U1081,135030,1,1,1,0,22.207749,-100.942383,FALSE,casual drinker,informal,family,public,single,independent,1991,variety,hard-worker,Catholic,student,green,52,low,1.54,21,18-24,21.926125822229718,healthy,1,S1: Quieter mixed students,Preambulo Wifi Zone Cafe,San Luis Potosi,SLP,No_Alcohol_Served,No alcohol,none,informal,no_accessibility,medium,2,quiet,FALSE,closed,Internet,Medium | price | No alcohol | Quiet,0,1,1,0,above stated budget
U1081,135027,0,1,1,0,22.207749,-100.942383,FALSE,casual drinker,informal,family,public,single,independent,1991,variety,hard-worker,Catholic,student,green,52,low,1.54,21,18-24,21.926125822229718,healthy,1,S1: Quieter mixed students,Restaurant Orizatlan,San Luis Potosi,SLP,Wine-Beer,Wine or beer,none,informal,no_accessibility,medium,2,familiar,FALSE,closed,none,Medium | price | Wine or beer | Familiar,1,1,1,0,above stated budget
U1001,132830,1,1,1,0,22.139997,-100.978803,FALSE,abstemious,informal,family,on foot,single,independent,1989,variety,thrifty-protector,none,student,black,69,medium,1.77,23,18-24,22.024322512687924,healthy,1,S1: Quieter mixed students,Rincon Huasteco,NA,NA,No_Alcohol_Served,No alcohol,none,informal,completely,low,1,familiar,FALSE,closed,none,Low | price | No alcohol | Familiar,0,0,2,1,below stated budget
U1001,132825,2,2,1,1,22.139997,-100.978803,FALSE,abstemious,informal,family,on foot,single,independent,1989,variety,thrifty-protector,none,student,black,69,medium,1.77,23,18-24,22.024322512687924,healthy,1,S1: Quieter mixed students,puesto de tacos,s.l.p.,s.l.p.,No_Alcohol_Served,No alcohol,none,informal,completely,low,1,familiar,FALSE,open,none,Low | price | No alcohol | Familiar,0,1,2,1,below stated budget
U1014,135076,1,2,1,0,23.751607,-99.170108,FALSE,abstemious,NA,friends,public,single,independent,1990,none,hard-worker,Catholic,student,blue,53,medium,1.69,22,18-24,18.556773222226116,healthy,1,S1: Quieter mixed students,Restaurante Pueblo Bonito,San Luis Potosi,SLP,Wine-Beer,Wine or beer,none,informal,no_accessibility,high,3,familiar,FALSE,closed,none,High | price | Wine or beer | Familiar,0,1,2,0,above stated budget
U1088,132830,0,2,2,0,22.142748,-100.940664,FALSE,social drinker,informal,family,on foot,single,independent,1991,none,hard-worker,Catholic,student,blue,62,medium,1.6,21,18-24,24.218749999999996,healthy,1,S1: Quieter mixed students,Rincon Huasteco,NA,NA,No_Alcohol_Served,No alcohol,none,informal,completely,low,1,familiar,FALSE,closed,none,Low | price | No alcohol | Familiar,0,0,2,1,below stated budget
U1088,135108,2,2,2,1,22.142748,-100.940664,FALSE,social drinker,informal,family,on foot,single,independent,1991,none,hard-worker,Catholic,student,blue,62,medium,1.6,21,18-24,24.218749999999996,healthy,1,S1: Quieter mixed students,Potzocalli,San Luis Potosi,NA,No_Alcohol_Served,No alcohol,none,informal,completely,low,1,familiar,FALSE,closed,none,Low | price | No alcohol | Familiar,0,0,2,1,below stated budget
U1014,135069,1,0,1,0,23.751607,-99.170108,FALSE,abstemious,NA,friends,public,single,independent,1990,none,hard-worker,Catholic,student,blue,53,medium,1.69,22,18-24,18.556773222226116,healthy,1,S1: Quieter mixed students,Abondance Restaurante Bar,San Luis Potosi,SLP,Wine-Beer,Wine or beer,none,informal,no_accessibility,low,1,familiar,FALSE,closed,none,Low | price | Wine or beer | Familiar,0,1,2,1,below stated budget
U1014,135050,2,2,2,1,23.751607,-99.170108,FALSE,abstemious,NA,friends,public,single,independent,1990,none,hard-worker,Catholic,student,blue,53,medium,1.69,22,18-24,18.556773222226116,healthy,1,S1: Quieter mixed students,Restaurante la Estrella de Dima,Soledad,SLP,Wine-Beer,Wine or beer,none,informal,no_accessibility,high,3,familiar,FALSE,closed,none,High | price | Wine or beer | Familiar,0,1,2,0,above stated budget
U1088,135057,1,2,2,0,22.142748,-100.940664,FALSE,social drinker,informal,family,on foot,single,independent,1991,none,hard-worker,Catholic,student,blue,62,medium,1.6,21,18-24,24.218749999999996,healthy,1,S1: Quieter mixed students,El Herradero Restaurante and Bar,San Luis Potosi,SLP,Wine-Beer,Wine or beer,section,informal,no_accessibility,medium,2,familiar,FALSE,closed,none,Medium | price | Wine or beer | Familiar,0,0,2,1,matches stated budget
U1014,135081,2,1,1,1,23.751607,-99.170108,FALSE,abstemious,NA,friends,public,single,independent,1990,none,hard-worker,Catholic,student,blue,53,medium,1.69,22,18-24,18.556773222226116,healthy,1,S1: Quieter mixed students,El Club,San Luis Potosi,SLP,No_Alcohol_Served,No alcohol,none,informal,no_accessibility,medium,2,familiar,FALSE,closed,none,Medium | price | No alcohol | Familiar,0,1,2,1,matches stated budget
U1014,135057,1,0,2,0,23.751607,-99.170108,FALSE,abstemious,NA,friends,public,single,independent,1990,none,hard-worker,Catholic,student,blue,53,medium,1.69,22,18-24,18.556773222226116,healthy,1,S1: Quieter mixed students,El Herradero Restaurante and Bar,San Luis Potosi,SLP,Wine-Beer,Wine or beer,section,informal,no_accessibility,medium,2,familiar,FALSE,closed,none,Medium | price | Wine or beer | Familiar,0,1,2,1,matches stated budget
U1014,135070,2,2,2,1,23.751607,-99.170108,FALSE,abstemious,NA,friends,public,single,independent,1990,none,hard-worker,Catholic,student,blue,53,medium,1.69,22,18-24,18.556773222226116,healthy,1,S1: Quieter mixed students,Restaurante 75,San Luis Potosi,SLP,No_Alcohol_Served,No alcohol,none,informal,no_accessibility,medium,2,familiar,FALSE,closed,none,Medium | price | No alcohol | Familiar,0,1,2,1,matches stated budget
U1088,135041,2,2,2,1,22.142748,-100.940664,FALSE,social drinker,informal,family,on foot,single,independent,1991,none,hard-worker,Catholic,student,blue,62,medium,1.6,21,18-24,24.218749999999996,healthy,1,S1: Quieter mixed students,Luna Cafe,San Luis Potosi,SLP,Wine-Beer,Wine or beer,none,informal,no_accessibility,medium,2,familiar,FALSE,closed,none,Medium | price | Wine or beer | Familiar,0,0,2,1,matches stated budget
U1088,135069,1,2,2,0,22.142748,-100.940664,FALSE,social drinker,informal,family,on foot,single,independent,1991,none,hard-worker,Catholic,student,blue,62,medium,1.6,21,18-24,24.218749999999996,healthy,1,S1: Quieter mixed students,Abondance Restaurante Bar,San Luis Potosi,SLP,Wine-Beer,Wine or beer,none,informal,no_accessibility,low,1,familiar,FALSE,closed,none,Low | price | Wine or beer | Familiar,0,0,2,1,below stated budget
U1088,135082,2,2,2,1,22.142748,-100.940664,FALSE,social drinker,informal,family,on foot,single,independent,1991,none,hard-worker,Catholic,student,blue,62,medium,1.6,21,18-24,24.218749999999996,healthy,1,S1: Quieter mixed students,la Estrella de Dimas,San Luis Potosi,SLP,No_Alcohol_Served,No alcohol,none,informal,no_accessibility,medium,2,familiar,FALSE,closed,none,Medium | price | No alcohol | Familiar,0,0,2,1,matches stated budget
U1014,135043,1,0,0,0,23.751607,-99.170108,FALSE,abstemious,NA,friends,public,single,independent,1990,none,hard-worker,Catholic,student,blue,53,medium,1.69,22,18-24,18.556773222226116,healthy,1,S1: Quieter mixed students,pizza clasica,Soledad,SLP,No_Alcohol_Served,No alcohol,none,informal,no_accessibility,medium,2,familiar,FALSE,closed,none,Medium | price | No alcohol | Familiar,1,1,2,1,matches stated budget
U1014,135042,1,1,0,0,23.751607,-99.170108,FALSE,abstemious,NA,friends,public,single,independent,1990,none,hard-worker,Catholic,student,blue,53,medium,1.69,22,18-24,18.556773222226116,healthy,1,S1: Quieter mixed students,Restaurant Oriental Express,San Luis Potosi,SLP,No_Alcohol_Served,No alcohol,none,informal,no_accessibility,medium,2,familiar,FALSE,closed,none,Medium | price | No alcohol | Familiar,0,1,2,1,matches stated budget
U1088,135071,0,0,0,0,22.142748,-100.940664,FALSE,social drinker,informal,family,on foot,single,independent,1991,none,hard-worker,Catholic,student,blue,62,medium,1.6,21,18-24,24.218749999999996,healthy,1,S1: Quieter mixed students,Restaurante la Cantina,San Luis Potosi,SLP,Full_Bar,Full bar,section,informal,no_accessibility,medium,2,familiar,FALSE,closed,none,Medium | price | Full bar | Familiar,0,0,2,1,matches stated budget
U1088,135054,2,2,2,1,22.142748,-100.940664,FALSE,social drinker,informal,family,on foot,single,independent,1991,none,hard-worker,Catholic,student,blue,62,medium,1.6,21,18-24,24.218749999999996,healthy,1,S1: Quieter mixed students,Restaurante y Pescaderia Tampico,San Luis Potosi,SLP,No_Alcohol_Served,No alcohol,none,informal,no_accessibility,high,3,familiar,FALSE,closed,none,High | price | No alcohol | Familiar,0,0,2,0,above stated budget
U1088,135070,2,2,1,1,22.142748,-100.940664,FALSE,social drinker,informal,family,on foot,single,independent,1991,none,hard-worker,Catholic,student,blue,62,medium,1.6,21,18-24,24.218749999999996,healthy,1,S1: Quieter mixed students,Restaurante 75,San Luis Potosi,SLP,No_Alcohol_Served,No alcohol,none,informal,no_accessibility,medium,2,familiar,FALSE,closed,none,Medium | price | No alcohol | Familiar,0,0,2,1,matches stated budget
U1014,135066,2,1,2,1,23.751607,-99.170108,FALSE,abstemious,NA,friends,public,single,independent,1990,none,hard-worker,Catholic,student,blue,53,medium,1.69,22,18-24,18.556773222226116,healthy,1,S1: Quieter mixed students,Restaurante Guerra,San Luis Potosi,SLP,Wine-Beer,Wine or beer,section,informal,no_accessibility,high,3,familiar,FALSE,closed,none,High | price | Wine or beer | Familiar,0,1,2,0,above stated budget
U1088,135032,2,2,2,1,22.142748,-100.940664,FALSE,social drinker,informal,family,on foot,single,independent,1991,none,hard-worker,Catholic,student,blue,62,medium,1.6,21,18-24,24.218749999999996,healthy,1,S1: Quieter mixed students,Cafeteria y Restaurant El Pacifico,San Luis Potosi,SLP,Wine-Beer,Wine or beer,section,informal,no_accessibility,medium,2,familiar,FALSE,closed,none,Medium | price | Wine or beer | Familiar,0,0,2,1,matches stated budget
U1088,135081,1,2,2,0,22.142748,-100.940664,FALSE,social drinker,informal,family,on foot,single,independent,1991,none,hard-worker,Catholic,student,blue,62,medium,1.6,21,18-24,24.218749999999996,healthy,1,S1: Quieter mixed students,El Club,San Luis Potosi,SLP,No_Alcohol_Served,No alcohol,none,informal,no_accessibility,medium,2,familiar,FALSE,closed,none,Medium | price | No alcohol | Familiar,0,0,2,1,matches stated budget
U1088,135051,2,1,2,1,22.142748,-100.940664,FALSE,social drinker,informal,family,on foot,single,independent,1991,none,hard-worker,Catholic,student,blue,62,medium,1.6,21,18-24,24.218749999999996,healthy,1,S1: Quieter mixed students,Restaurante Versalles,San Luis Potosi,SLP,No_Alcohol_Served,No alcohol,section,informal,no_accessibility,low,1,familiar,FALSE,closed,none,Low | price | No alcohol | Familiar,0,0,2,1,below stated budget
U1014,132830,2,2,1,1,23.751607,-99.170108,FALSE,abstemious,NA,friends,public,single,independent,1990,none,hard-worker,Catholic,student,blue,53,medium,1.69,22,18-24,18.556773222226116,healthy,1,S1: Quieter mixed students,Rincon Huasteco,NA,NA,No_Alcohol_Served,No alcohol,none,informal,completely,low,1,familiar,FALSE,closed,none,Low | price | No alcohol | Familiar,0,0,2,1,below stated budget
U1014,135082,0,0,0,0,23.751607,-99.170108,FALSE,abstemious,NA,friends,public,single,independent,1990,none,hard-worker,Catholic,student,blue,53,medium,1.69,22,18-24,18.556773222226116,healthy,1,S1: Quieter mixed students,la Estrella de Dimas,San Luis Potosi,SLP,No_Alcohol_Served,No alcohol,none,informal,no_accessibility,medium,2,familiar,FALSE,closed,none,Medium | price | No alcohol | Familiar,0,1,2,1,matches stated budget
U1056,135066,2,2,2,1,22.168997,-100.974376,FALSE,social drinker,informal,family,on foot,single,independent,1930,none,hard-worker,Catholic,student,yellow,61,medium,1.62,82,45+,23.243408017070564,healthy,1,S1: Quieter mixed students,Restaurante Guerra,San Luis Potosi,SLP,Wine-Beer,Wine or beer,section,informal,no_accessibility,high,3,familiar,FALSE,closed,none,High | price | Wine or beer | Familiar,0,1,2,0,above stated budget
U1056,135050,0,0,0,0,22.168997,-100.974376,FALSE,social drinker,informal,family,on foot,single,independent,1930,none,hard-worker,Catholic,student,yellow,61,medium,1.62,82,45+,23.243408017070564,healthy,1,S1: Quieter mixed students,Restaurante la Estrella de Dima,Soledad,SLP,Wine-Beer,Wine or beer,none,informal,no_accessibility,high,3,familiar,FALSE,closed,none,High | price | Wine or beer | Familiar,0,1,2,0,above stated budget
U1056,135076,2,2,2,1,22.168997,-100.974376,FALSE,social drinker,informal,family,on foot,single,independent,1930,none,hard-worker,Catholic,student,yellow,61,medium,1.62,82,45+,23.243408017070564,healthy,1,S1: Quieter mixed students,Restaurante Pueblo Bonito,San Luis Potosi,SLP,Wine-Beer,Wine or beer,none,informal,no_accessibility,high,3,familiar,FALSE,closed,none,High | price | Wine or beer | Familiar,0,1,2,0,above stated budget
U1056,135081,2,2,2,1,22.168997,-100.974376,FALSE,social drinker,informal,family,on foot,single,independent,1930,none,hard-worker,Catholic,student,yellow,61,medium,1.62,82,45+,23.243408017070564,healthy,1,S1: Quieter mixed students,El Club,San Luis Potosi,SLP,No_Alcohol_Served,No alcohol,none,informal,no_accessibility,medium,2,familiar,FALSE,closed,none,Medium | price | No alcohol | Familiar,0,1,2,1,matches stated budget
U1056,135062,2,2,2,1,22.168997,-100.974376,FALSE,social drinker,informal,family,on foot,single,independent,1930,none,hard-worker,Catholic,student,yellow,61,medium,1.62,82,45+,23.243408017070564,healthy,1,S1: Quieter mixed students,Restaurante El Cielo Potosino,San Luis Potosi,SLP,No_Alcohol_Served,No alcohol,none,informal,no_accessibility,medium,2,familiar,FALSE,closed,none,Medium | price | No alcohol | Familiar,0,1,2,1,matches stated budget
U1056,135027,2,2,2,1,22.168997,-100.974376,FALSE,social drinker,informal,family,on foot,single,independent,1930,none,hard-worker,Catholic,student,yellow,61,medium,1.62,82,45+,23.243408017070564,healthy,1,S1: Quieter mixed students,Restaurant Orizatlan,San Luis Potosi,SLP,Wine-Beer,Wine or beer,none,informal,no_accessibility,medium,2,familiar,FALSE,closed,none,Medium | price | Wine or beer | Familiar,1,1,2,1,matches stated budget
U1056,135085,2,2,2,1,22.168997,-100.974376,FALSE,social drinker,informal,family,on foot,single,independent,1930,none,hard-worker,Catholic,student,yellow,61,medium,1.62,82,45+,23.243408017070564,healthy,1,S1: Quieter mixed students,Tortas Locas Hipocampo,San Luis Potosi,SLP,No_Alcohol_Served,No alcohol,not permitted,informal,no_accessibility,medium,2,familiar,FALSE,closed,none,Medium | price | No alcohol | Familiar,0,1,2,1,matches stated budget
U1056,135052,2,2,2,1,22.168997,-100.974376,FALSE,social drinker,informal,family,on foot,single,independent,1930,none,hard-worker,Catholic,student,yellow,61,medium,1.62,82,45+,23.243408017070564,healthy,1,S1: Quieter mixed students,La Cantina Restaurante,San Luis Potosi,SLP,Full_Bar,Full bar,none,informal,no_accessibility,high,3,familiar,FALSE,closed,none,High | price | Full bar | Familiar,0,1,2,0,above stated budget
U1056,132825,2,2,2,1,22.168997,-100.974376,FALSE,social drinker,informal,family,on foot,single,independent,1930,none,hard-worker,Catholic,student,yellow,61,medium,1.62,82,45+,23.243408017070564,healthy,1,S1: Quieter mixed students,puesto de tacos,s.l.p.,s.l.p.,No_Alcohol_Served,No alcohol,none,informal,completely,low,1,familiar,FALSE,open,none,Low | price | No alcohol | Familiar,1,1,2,1,below stated budget
U1056,135051,2,2,2,1,22.168997,-100.974376,FALSE,social drinker,informal,family,on foot,single,independent,1930,none,hard-worker,Catholic,student,yellow,61,medium,1.62,82,45+,23.243408017070564,healthy,1,S1: Quieter mixed students,Restaurante Versalles,San Luis Potosi,SLP,No_Alcohol_Served,No alcohol,section,informal,no_accessibility,low,1,familiar,FALSE,closed,none,Low | price | No alcohol | Familiar,0,1,2,1,below stated budget
U1134,135047,1,1,1,0,22.149654,-100.99861,FALSE,casual drinker,no preference,family,public,single,independent,1991,variety,hard-worker,Catholic,student,black,52,medium,1.65,21,18-24,19.100091827364558,healthy,1,S1: Quieter mixed students,Restaurante Casa de las Flores,San Luis Potosi,SLP,Wine-Beer,Wine or beer,section,informal,no_accessibility,high,3,familiar,FALSE,closed,none,High | price | Wine or beer | Familiar,0,1,2,0,above stated budget
U1134,135026,0,0,0,0,22.149654,-100.99861,FALSE,casual drinker,no preference,family,public,single,independent,1991,variety,hard-worker,Catholic,student,black,52,medium,1.65,21,18-24,19.100091827364558,healthy,1,S1: Quieter mixed students,la Cantina,San Luis Potosi,SLP,Full_Bar,Full bar,none,informal,no_accessibility,high,3,familiar,FALSE,closed,none,High | price | Full bar | Familiar,0,0,2,0,above stated budget
U1134,135044,1,1,1,0,22.149654,-100.99861,FALSE,casual drinker,no preference,family,public,single,independent,1991,variety,hard-worker,Catholic,student,black,52,medium,1.65,21,18-24,19.100091827364558,healthy,1,S1: Quieter mixed students,Restaurant Wu Zhuo Yi,San Luis Potosi,SLP,No_Alcohol_Served,No alcohol,none,informal,no_accessibility,medium,2,familiar,FALSE,closed,none,Medium | price | No alcohol | Familiar,0,1,2,1,matches stated budget
U1134,132825,1,2,1,0,22.149654,-100.99861,FALSE,casual drinker,no preference,family,public,single,independent,1991,variety,hard-worker,Catholic,student,black,52,medium,1.65,21,18-24,19.100091827364558,healthy,1,S1: Quieter mixed students,puesto de tacos,s.l.p.,s.l.p.,No_Alcohol_Served,No alcohol,none,informal,completely,low,1,familiar,FALSE,open,none,Low | price | No alcohol | Familiar,1,1,2,1,below stated budget
U1134,135059,2,1,0,1,22.149654,-100.99861,FALSE,casual drinker,no preference,family,public,single,independent,1991,variety,hard-worker,Catholic,student,black,52,medium,1.65,21,18-24,19.100091827364558,healthy,1,S1: Quieter mixed students,Restaurant Bar Hacienda los Martinez,San Luis Potosi,SLP,Wine-Beer,Wine or beer,section,informal,no_accessibility,medium,2,familiar,FALSE,closed,none,Medium | price | Wine or beer | Familiar,0,1,2,1,matches stated budget
U1134,135065,2,2,2,1,22.149654,-100.99861,FALSE,casual drinker,no preference,family,public,single,independent,1991,variety,hard-worker,Catholic,student,black,52,medium,1.65,21,18-24,19.100091827364558,healthy,1,S1: Quieter mixed students,El angel Restaurante,San Luis Potosi,SLP,Wine-Beer,Wine or beer,section,informal,no_accessibility,high,3,familiar,FALSE,closed,none,High | price | Wine or beer | Familiar,0,1,2,0,above stated budget
U1134,135046,2,1,1,1,22.149654,-100.99861,FALSE,casual drinker,no preference,family,public,single,independent,1991,variety,hard-worker,Catholic,student,black,52,medium,1.65,21,18-24,19.100091827364558,healthy,1,S1: Quieter mixed students,Restaurante El Reyecito,San Luis Potosi,SLP,No_Alcohol_Served,No alcohol,none,informal,no_accessibility,medium,2,familiar,FALSE,closed,none,Medium | price | No alcohol | Familiar,0,1,2,1,matches stated budget
U1134,135085,2,1,2,1,22.149654,-100.99861,FALSE,casual drinker,no preference,family,public,single,independent,1991,variety,hard-worker,Catholic,student,black,52,medium,1.65,21,18-24,19.100091827364558,healthy,1,S1: Quieter mixed students,Tortas Locas Hipocampo,San Luis Potosi,SLP,No_Alcohol_Served,No alcohol,not permitted,informal,no_accessibility,medium,2,familiar,FALSE,closed,none,Medium | price | No alcohol | Familiar,0,1,2,1,matches stated budget
U1134,135079,1,1,2,0,22.149654,-100.99861,FALSE,casual drinker,no preference,family,public,single,independent,1991,variety,hard-worker,Catholic,student,black,52,medium,1.65,21,18-24,19.100091827364558,healthy,1,S1: Quieter mixed students,Koye Sushi,San Luis Potosi,SLP,No_Alcohol_Served,No alcohol,none,informal,no_accessibility,high,3,familiar,FALSE,closed,none,High | price | No alcohol | Familiar,0,1,2,0,above stated budget
U1134,135055,2,2,2,1,22.149654,-100.99861,FALSE,casual drinker,no preference,family,public,single,independent,1991,variety,hard-worker,Catholic,student,black,52,medium,1.65,21,18-24,19.100091827364558,healthy,1,S1: Quieter mixed students,la Cochinita Pibil Restaurante Yucateco,San Luis Potosi,SLP,No_Alcohol_Served,No alcohol,section,informal,no_accessibility,high,3,familiar,FALSE,closed,none,High | price | No alcohol | Familiar,1,1,2,0,above stated budget
U1134,132754,2,1,1,1,22.149654,-100.99861,FALSE,casual drinker,no preference,family,public,single,independent,1991,variety,hard-worker,Catholic,student,black,52,medium,1.65,21,18-24,19.100091827364558,healthy,1,S1: Quieter mixed students,Cabana Huasteca,San Luis Potosi,S.L.P.,No_Alcohol_Served,No alcohol,none,informal,partially,medium,2,familiar,FALSE,closed,none,Medium | price | No alcohol | Familiar,1,1,2,1,matches stated budget
U1134,132572,0,0,0,0,22.149654,-100.99861,FALSE,casual drinker,no preference,family,public,single,independent,1991,variety,hard-worker,Catholic,student,black,52,medium,1.65,21,18-24,19.100091827364558,healthy,1,S1: Quieter mixed students,Cafe Chaires,San Luis Potosi,San Luis Potosi,No_Alcohol_Served,No alcohol,not permitted,informal,completely,low,1,familiar,FALSE,closed,none,Low | price | No alcohol | Familiar,0,1,2,1,below stated budget
U1134,135075,2,1,1,1,22.149654,-100.99861,FALSE,casual drinker,no preference,family,public,single,independent,1991,variety,hard-worker,Catholic,student,black,52,medium,1.65,21,18-24,19.100091827364558,healthy,1,S1: Quieter mixed students,Mariscos El Pescador,San Luis Potosi,SLP,No_Alcohol_Served,No alcohol,none,informal,no_accessibility,medium,2,familiar,FALSE,closed,none,Medium | price | No alcohol | Familiar,0,1,2,1,matches stated budget
U1134,135080,1,1,1,0,22.149654,-100.99861,FALSE,casual drinker,no preference,family,public,single,independent,1991,variety,hard-worker,Catholic,student,black,52,medium,1.65,21,18-24,19.100091827364558,healthy,1,S1: Quieter mixed students,los Toneles,San Luis Potosi,SLP,No_Alcohol_Served,No alcohol,section,informal,no_accessibility,high,3,familiar,FALSE,closed,none,High | price | No alcohol | Familiar,0,1,2,0,above stated budget
U1134,135064,2,2,2,1,22.149654,-100.99861,FALSE,casual drinker,no preference,family,public,single,independent,1991,variety,hard-worker,Catholic,student,black,52,medium,1.65,21,18-24,19.100091827364558,healthy,1,S1: Quieter mixed students,Restaurante El Chivero S.A. de C.V.,San Luis Potosi,SLP,No_Alcohol_Served,No alcohol,none,informal,no_accessibility,high,3,familiar,FALSE,closed,none,High | price | No alcohol | Familiar,0,1,2,0,above stated budget
U1134,135074,2,2,2,1,22.149654,-100.99861,FALSE,casual drinker,no preference,family,public,single,independent,1991,variety,hard-worker,Catholic,student,black,52,medium,1.65,21,18-24,19.100091827364558,healthy,1,S1: Quieter mixed students,Restaurante la Parroquia Potosina,San Luis Potosi,SLP,Wine-Beer,Wine or beer,section,informal,no_accessibility,high,3,familiar,FALSE,closed,none,High | price | Wine or beer | Familiar,0,1,2,0,above stated budget
U1106,135041,1,1,1,0,18.927072,-99.173584,FALSE,casual drinker,informal,friends,car owner,single,independent,1930,technology,hard-worker,Catholic,professional,blue,65,medium,1.71,82,45+,22.229061933586404,healthy,2,S2: Mobile social students,Luna Cafe,San Luis Potosi,SLP,Wine-Beer,Wine or beer,none,informal,no_accessibility,medium,2,familiar,FALSE,closed,none,Medium | price | Wine or beer | Familiar,0,1,2,1,matches stated budget
U1126,135069,0,0,0,0,22.15421,-100.942233,FALSE,casual drinker,formal,friends,on foot,single,independent,1990,technology,hard-worker,Catholic,student,purple,65,low,1.63,22,18-24,24.46460160337235,healthy,3,S3: Tech-focused students,Abondance Restaurante Bar,San Luis Potosi,SLP,Wine-Beer,Wine or beer,none,informal,no_accessibility,low,1,familiar,FALSE,closed,none,Low | price | Wine or beer | Familiar,0,1,1,1,matches stated budget
U1106,135032,0,0,0,0,18.927072,-99.173584,FALSE,casual drinker,informal,friends,car owner,single,independent,1930,technology,hard-worker,Catholic,professional,blue,65,medium,1.71,82,45+,22.229061933586404,healthy,2,S2: Mobile social students,Cafeteria y Restaurant El Pacifico,San Luis Potosi,SLP,Wine-Beer,Wine or beer,section,informal,no_accessibility,medium,2,familiar,FALSE,closed,none,Medium | price | Wine or beer | Familiar,0,1,2,1,matches stated budget
U1126,135057,2,2,2,1,22.15421,-100.942233,FALSE,casual drinker,formal,friends,on foot,single,independent,1990,technology,hard-worker,Catholic,student,purple,65,low,1.63,22,18-24,24.46460160337235,healthy,3,S3: Tech-focused students,El Herradero Restaurante and Bar,San Luis Potosi,SLP,Wine-Beer,Wine or beer,section,informal,no_accessibility,medium,2,familiar,FALSE,closed,none,Medium | price | Wine or beer | Familiar,0,1,1,0,above stated budget
U1126,132830,0,0,0,0,22.15421,-100.942233,FALSE,casual drinker,formal,friends,on foot,single,independent,1990,technology,hard-worker,Catholic,student,purple,65,low,1.63,22,18-24,24.46460160337235,healthy,3,S3: Tech-focused students,Rincon Huasteco,NA,NA,No_Alcohol_Served,No alcohol,none,informal,completely,low,1,familiar,FALSE,closed,none,Low | price | No alcohol | Familiar,0,0,1,1,matches stated budget
U1106,135028,2,1,0,1,18.927072,-99.173584,FALSE,casual drinker,informal,friends,car owner,single,independent,1930,technology,hard-worker,Catholic,professional,blue,65,medium,1.71,82,45+,22.229061933586404,healthy,2,S2: Mobile social students,La Virreina,San Luis Potosi,SLP,Wine-Beer,Wine or beer,none,informal,no_accessibility,medium,2,familiar,FALSE,closed,none,Medium | price | Wine or beer | Familiar,0,1,2,1,matches stated budget
U1126,135040,0,0,0,0,22.15421,-100.942233,FALSE,casual drinker,formal,friends,on foot,single,independent,1990,technology,hard-worker,Catholic,student,purple,65,low,1.63,22,18-24,24.46460160337235,healthy,3,S3: Tech-focused students,Restaurant los Compadres,San Luis Potosi,SLP,Wine-Beer,Wine or beer,none,informal,no_accessibility,high,3,familiar,FALSE,closed,none,High | price | Wine or beer | Familiar,0,1,1,0,above stated budget
U1126,135106,2,2,2,1,22.15421,-100.942233,FALSE,casual drinker,formal,friends,on foot,single,independent,1990,technology,hard-worker,Catholic,student,purple,65,low,1.63,22,18-24,24.46460160337235,healthy,3,S3: Tech-focused students,El Rincón de San Francisco,San Luis Potosi,San Luis Potosi,Wine-Beer,Wine or beer,only at bar,informal,partially,medium,2,familiar,FALSE,open,none,Medium | price | Wine or beer | Familiar,1,1,1,0,above stated budget
U1126,135052,2,1,1,1,22.15421,-100.942233,FALSE,casual drinker,formal,friends,on foot,single,independent,1990,technology,hard-worker,Catholic,student,purple,65,low,1.63,22,18-24,24.46460160337235,healthy,3,S3: Tech-focused students,La Cantina Restaurante,San Luis Potosi,SLP,Full_Bar,Full bar,none,informal,no_accessibility,high,3,familiar,FALSE,closed,none,High | price | Full bar | Familiar,0,1,1,0,above stated budget
U1126,135041,2,1,1,1,22.15421,-100.942233,FALSE,casual drinker,formal,friends,on foot,single,independent,1990,technology,hard-worker,Catholic,student,purple,65,low,1.63,22,18-24,24.46460160337235,healthy,3,S3: Tech-focused students,Luna Cafe,San Luis Potosi,SLP,Wine-Beer,Wine or beer,none,informal,no_accessibility,medium,2,familiar,FALSE,closed,none,Medium | price | Wine or beer | Familiar,0,1,1,0,above stated budget
U1126,135038,1,0,1,0,22.15421,-100.942233,FALSE,casual drinker,formal,friends,on foot,single,independent,1990,technology,hard-worker,Catholic,student,purple,65,low,1.63,22,18-24,24.46460160337235,healthy,3,S3: Tech-focused students,Restaurant la Chalita,San Luis Potosi,SLP,No_Alcohol_Served,No alcohol,section,informal,no_accessibility,medium,2,familiar,FALSE,closed,none,Medium | price | No alcohol | Familiar,0,1,1,0,above stated budget
U1126,135054,1,2,1,0,22.15421,-100.942233,FALSE,casual drinker,formal,friends,on foot,single,independent,1990,technology,hard-worker,Catholic,student,purple,65,low,1.63,22,18-24,24.46460160337235,healthy,3,S3: Tech-focused students,Restaurante y Pescaderia Tampico,San Luis Potosi,SLP,No_Alcohol_Served,No alcohol,none,informal,no_accessibility,high,3,familiar,FALSE,closed,none,High | price | No alcohol | Familiar,0,1,1,0,above stated budget
U1126,135108,2,2,1,1,22.15421,-100.942233,FALSE,casual drinker,formal,friends,on foot,single,independent,1990,technology,hard-worker,Catholic,student,purple,65,low,1.63,22,18-24,24.46460160337235,healthy,3,S3: Tech-focused students,Potzocalli,San Luis Potosi,NA,No_Alcohol_Served,No alcohol,none,informal,completely,low,1,familiar,FALSE,closed,none,Low | price | No alcohol | Familiar,0,0,1,1,matches stated budget
U1044,134986,2,2,2,1,18.95298,-99.260789,TRUE,social drinker,informal,family,car owner,married,kids,1969,variety,thrifty-protector,Catholic,professional,orange,85,medium,1.73,43,35-44,28.40054796351365,overweight,2,S2: Mobile social students,Restaurant Las Mananitas,Cuernavaca,Morelos,Wine-Beer,Wine or beer,none,formal,no_accessibility,high,3,familiar,FALSE,closed,none,High | price | Wine or beer | Familiar,0,0,2,0,above stated budget
U1124,135054,1,1,1,0,22.137072,-100.918865,FALSE,casual drinker,informal,friends,public,single,independent,1991,none,hard-worker,Catholic,student,blue,51,low,1.2,21,18-24,35.41666666666667,obese,1,S1: Quieter mixed students,Restaurante y Pescaderia Tampico,San Luis Potosi,SLP,No_Alcohol_Served,No alcohol,none,informal,no_accessibility,high,3,familiar,FALSE,closed,none,High | price | No alcohol | Familiar,0,1,1,0,above stated budget
U1044,132768,2,2,2,1,18.95298,-99.260789,TRUE,social drinker,informal,family,car owner,married,kids,1969,variety,thrifty-protector,Catholic,professional,orange,85,medium,1.73,43,35-44,28.40054796351365,overweight,2,S2: Mobile social students,Mariscos Tia Licha,cuernavaca,morelos,No_Alcohol_Served,No alcohol,not permitted,casual,partially,medium,2,familiar,TRUE,closed,none,Medium | price | No alcohol | Familiar,0,1,2,1,matches stated budget
U1124,135108,1,1,1,0,22.137072,-100.918865,FALSE,casual drinker,informal,friends,public,single,independent,1991,none,hard-worker,Catholic,student,blue,51,low,1.2,21,18-24,35.41666666666667,obese,1,S1: Quieter mixed students,Potzocalli,San Luis Potosi,NA,No_Alcohol_Served,No alcohol,none,informal,completely,low,1,familiar,FALSE,closed,none,Low | price | No alcohol | Familiar,0,0,1,1,matches stated budget
U1124,135032,1,1,1,0,22.137072,-100.918865,FALSE,casual drinker,informal,friends,public,single,independent,1991,none,hard-worker,Catholic,student,blue,51,low,1.2,21,18-24,35.41666666666667,obese,1,S1: Quieter mixed students,Cafeteria y Restaurant El Pacifico,San Luis Potosi,SLP,Wine-Beer,Wine or beer,section,informal,no_accessibility,medium,2,familiar,FALSE,closed,none,Medium | price | Wine or beer | Familiar,0,1,1,0,above stated budget
U1124,135071,1,0,1,0,22.137072,-100.918865,FALSE,casual drinker,informal,friends,public,single,independent,1991,none,hard-worker,Catholic,student,blue,51,low,1.2,21,18-24,35.41666666666667,obese,1,S1: Quieter mixed students,Restaurante la Cantina,San Luis Potosi,SLP,Full_Bar,Full bar,section,informal,no_accessibility,medium,2,familiar,FALSE,closed,none,Medium | price | Full bar | Familiar,0,1,1,0,above stated budget
U1124,135070,1,1,1,0,22.137072,-100.918865,FALSE,casual drinker,informal,friends,public,single,independent,1991,none,hard-worker,Catholic,student,blue,51,low,1.2,21,18-24,35.41666666666667,obese,1,S1: Quieter mixed students,Restaurante 75,San Luis Potosi,SLP,No_Alcohol_Served,No alcohol,none,informal,no_accessibility,medium,2,familiar,FALSE,closed,none,Medium | price | No alcohol | Familiar,0,1,1,0,above stated budget
U1124,135069,1,1,1,0,22.137072,-100.918865,FALSE,casual drinker,informal,friends,public,single,independent,1991,none,hard-worker,Catholic,student,blue,51,low,1.2,21,18-24,35.41666666666667,obese,1,S1: Quieter mixed students,Abondance Restaurante Bar,San Luis Potosi,SLP,Wine-Beer,Wine or beer,none,informal,no_accessibility,low,1,familiar,FALSE,closed,none,Low | price | Wine or beer | Familiar,0,1,1,1,matches stated budget
U1124,135081,1,1,0,0,22.137072,-100.918865,FALSE,casual drinker,informal,friends,public,single,independent,1991,none,hard-worker,Catholic,student,blue,51,low,1.2,21,18-24,35.41666666666667,obese,1,S1: Quieter mixed students,El Club,San Luis Potosi,SLP,No_Alcohol_Served,No alcohol,none,informal,no_accessibility,medium,2,familiar,FALSE,closed,none,Medium | price | No alcohol | Familiar,0,1,1,0,above stated budget
U1124,135057,1,1,1,0,22.137072,-100.918865,FALSE,casual drinker,informal,friends,public,single,independent,1991,none,hard-worker,Catholic,student,blue,51,low,1.2,21,18-24,35.41666666666667,obese,1,S1: Quieter mixed students,El Herradero Restaurante and Bar,San Luis Potosi,SLP,Wine-Beer,Wine or beer,section,informal,no_accessibility,medium,2,familiar,FALSE,closed,none,Medium | price | Wine or beer | Familiar,0,1,1,0,above stated budget
U1124,135039,1,1,1,0,22.137072,-100.918865,FALSE,casual drinker,informal,friends,public,single,independent,1991,none,hard-worker,Catholic,student,blue,51,low,1.2,21,18-24,35.41666666666667,obese,1,S1: Quieter mixed students,Restaurant de Mariscos de Picon,San Luis Potosi,SLP,No_Alcohol_Served,No alcohol,section,informal,no_accessibility,low,1,familiar,FALSE,closed,none,Low | price | No alcohol | Familiar,0,1,1,1,matches stated budget
U1124,135050,0,1,0,0,22.137072,-100.918865,FALSE,casual drinker,informal,friends,public,single,independent,1991,none,hard-worker,Catholic,student,blue,51,low,1.2,21,18-24,35.41666666666667,obese,1,S1: Quieter mixed students,Restaurante la Estrella de Dima,Soledad,SLP,Wine-Beer,Wine or beer,none,informal,no_accessibility,high,3,familiar,FALSE,closed,none,High | price | Wine or beer | Familiar,0,1,1,0,above stated budget
U1018,135043,0,0,0,0,22.190949,-100.917902,TRUE,casual drinker,formal,friends,public,single,independent,1989,technology,thrifty-protector,Christian,student,blue,65,low,1.83,23,18-24,19.409358296754156,healthy,3,S3: Tech-focused students,pizza clasica,Soledad,SLP,No_Alcohol_Served,No alcohol,none,informal,no_accessibility,medium,2,familiar,FALSE,closed,none,Medium | price | No alcohol | Familiar,0,1,1,0,above stated budget
U1125,135043,1,1,2,0,22.19204,-100.956935,FALSE,casual drinker,formal,friends,public,single,independent,1990,technology,hard-worker,Catholic,student,white,57,low,1.67,22,18-24,20.43816558499767,healthy,3,S3: Tech-focused students,pizza clasica,Soledad,SLP,No_Alcohol_Served,No alcohol,none,informal,no_accessibility,medium,2,familiar,FALSE,closed,none,Medium | price | No alcohol | Familiar,0,1,1,0,above stated budget
U1125,135081,0,0,2,0,22.19204,-100.956935,FALSE,casual drinker,formal,friends,public,single,independent,1990,technology,hard-worker,Catholic,student,white,57,low,1.67,22,18-24,20.43816558499767,healthy,3,S3: Tech-focused students,El Club,San Luis Potosi,SLP,No_Alcohol_Served,No alcohol,none,informal,no_accessibility,medium,2,familiar,FALSE,closed,none,Medium | price | No alcohol | Familiar,0,1,1,0,above stated budget
U1125,135076,1,1,1,0,22.19204,-100.956935,FALSE,casual drinker,formal,friends,public,single,independent,1990,technology,hard-worker,Catholic,student,white,57,low,1.67,22,18-24,20.43816558499767,healthy,3,S3: Tech-focused students,Restaurante Pueblo Bonito,San Luis Potosi,SLP,Wine-Beer,Wine or beer,none,informal,no_accessibility,high,3,familiar,FALSE,closed,none,High | price | Wine or beer | Familiar,0,1,1,0,above stated budget
U1018,135082,2,2,2,1,22.190949,-100.917902,TRUE,casual drinker,formal,friends,public,single,independent,1989,technology,thrifty-protector,Christian,student,blue,65,low,1.83,23,18-24,19.409358296754156,healthy,3,S3: Tech-focused students,la Estrella de Dimas,San Luis Potosi,SLP,No_Alcohol_Served,No alcohol,none,informal,no_accessibility,medium,2,familiar,FALSE,closed,none,Medium | price | No alcohol | Familiar,0,1,1,0,above stated budget
U1125,135050,2,1,1,1,22.19204,-100.956935,FALSE,casual drinker,formal,friends,public,single,independent,1990,technology,hard-worker,Catholic,student,white,57,low,1.67,22,18-24,20.43816558499767,healthy,3,S3: Tech-focused students,Restaurante la Estrella de Dima,Soledad,SLP,Wine-Beer,Wine or beer,none,informal,no_accessibility,high,3,familiar,FALSE,closed,none,High | price | Wine or beer | Familiar,0,1,1,0,above stated budget
U1125,135066,1,0,1,0,22.19204,-100.956935,FALSE,casual drinker,formal,friends,public,single,independent,1990,technology,hard-worker,Catholic,student,white,57,low,1.67,22,18-24,20.43816558499767,healthy,3,S3: Tech-focused students,Restaurante Guerra,San Luis Potosi,SLP,Wine-Beer,Wine or beer,section,informal,no_accessibility,high,3,familiar,FALSE,closed,none,High | price | Wine or beer | Familiar,0,1,1,0,above stated budget
U1125,135032,1,2,1,0,22.19204,-100.956935,FALSE,casual drinker,formal,friends,public,single,independent,1990,technology,hard-worker,Catholic,student,white,57,low,1.67,22,18-24,20.43816558499767,healthy,3,S3: Tech-focused students,Cafeteria y Restaurant El Pacifico,San Luis Potosi,SLP,Wine-Beer,Wine or beer,section,informal,no_accessibility,medium,2,familiar,FALSE,closed,none,Medium | price | Wine or beer | Familiar,0,1,1,0,above stated budget
U1119,134986,2,2,2,1,18.96479,-99.260017,FALSE,abstemious,formal,family,public,single,independent,1992,eco-friendly,thrifty-protector,Catholic,student,blue,68,medium,1.68,20,18-24,24.092970521541954,healthy,3,S3: Tech-focused students,Restaurant Las Mananitas,Cuernavaca,Morelos,Wine-Beer,Wine or beer,none,formal,no_accessibility,high,3,familiar,FALSE,closed,none,High | price | Wine or beer | Familiar,0,0,2,0,above stated budget
U1119,135021,0,0,0,0,18.96479,-99.260017,FALSE,abstemious,formal,family,public,single,independent,1992,eco-friendly,thrifty-protector,Catholic,student,blue,68,medium,1.68,20,18-24,24.092970521541954,healthy,3,S3: Tech-focused students,Subway,Cuernavaca,Morelos,No_Alcohol_Served,No alcohol,not permitted,informal,no_accessibility,low,1,familiar,TRUE,closed,none,Low | price | No alcohol | Familiar,0,1,2,1,below stated budget
U1119,135001,2,2,2,1,18.96479,-99.260017,FALSE,abstemious,formal,family,public,single,independent,1992,eco-friendly,thrifty-protector,Catholic,student,blue,68,medium,1.68,20,18-24,24.092970521541954,healthy,3,S3: Tech-focused students,Vips,Cuernavaca,Morelos,Wine-Beer,Wine or beer,none,informal,completely,medium,2,familiar,TRUE,closed,none,Medium | price | Wine or beer | Familiar,0,1,2,1,matches stated budget
U1125,135042,1,1,1,0,22.19204,-100.956935,FALSE,casual drinker,formal,friends,public,single,independent,1990,technology,hard-worker,Catholic,student,white,57,low,1.67,22,18-24,20.43816558499767,healthy,3,S3: Tech-focused students,Restaurant Oriental Express,San Luis Potosi,SLP,No_Alcohol_Served,No alcohol,none,informal,no_accessibility,medium,2,familiar,FALSE,closed,none,Medium | price | No alcohol | Familiar,0,1,1,0,above stated budget
U1119,132583,2,2,2,1,18.96479,-99.260017,FALSE,abstemious,formal,family,public,single,independent,1992,eco-friendly,thrifty-protector,Catholic,student,blue,68,medium,1.68,20,18-24,24.092970521541954,healthy,3,S3: Tech-focused students,McDonalds Centro,Cuernavaca,Morelos,No_Alcohol_Served,No alcohol,not permitted,informal,partially,low,1,familiar,TRUE,closed,none,Low | price | No alcohol | Familiar,0,1,2,1,below stated budget
U1125,135063,1,2,1,0,22.19204,-100.956935,FALSE,casual drinker,formal,friends,public,single,independent,1990,technology,hard-worker,Catholic,student,white,57,low,1.67,22,18-24,20.43816558499767,healthy,3,S3: Tech-focused students,Restaurante Alhondiga,San Luis Potosi,SLP,No_Alcohol_Served,No alcohol,none,informal,no_accessibility,medium,2,familiar,FALSE,closed,none,Medium | price | No alcohol | Familiar,0,1,1,0,above stated budget
U1119,132768,2,2,2,1,18.96479,-99.260017,FALSE,abstemious,formal,family,public,single,independent,1992,eco-friendly,thrifty-protector,Catholic,student,blue,68,medium,1.68,20,18-24,24.092970521541954,healthy,3,S3: Tech-focused students,Mariscos Tia Licha,cuernavaca,morelos,No_Alcohol_Served,No alcohol,not permitted,casual,partially,medium,2,familiar,TRUE,closed,none,Medium | price | No alcohol | Familiar,0,1,2,1,matches stated budget
U1125,135060,1,0,2,0,22.19204,-100.956935,FALSE,casual drinker,formal,friends,public,single,independent,1990,technology,hard-worker,Catholic,student,white,57,low,1.67,22,18-24,20.43816558499767,healthy,3,S3: Tech-focused students,Restaurante Marisco Sam,San Luis Potosi,SLP,No_Alcohol_Served,No alcohol,none,informal,no_accessibility,medium,2,familiar,FALSE,closed,none,Medium | price | No alcohol | Familiar,0,1,1,0,above stated budget
U1125,135038,2,2,1,1,22.19204,-100.956935,FALSE,casual drinker,formal,friends,public,single,independent,1990,technology,hard-worker,Catholic,student,white,57,low,1.67,22,18-24,20.43816558499767,healthy,3,S3: Tech-focused students,Restaurant la Chalita,San Luis Potosi,SLP,No_Alcohol_Served,No alcohol,section,informal,no_accessibility,medium,2,familiar,FALSE,closed,none,Medium | price | No alcohol | Familiar,0,1,1,0,above stated budget
U1125,135062,1,2,1,0,22.19204,-100.956935,FALSE,casual drinker,formal,friends,public,single,independent,1990,technology,hard-worker,Catholic,student,white,57,low,1.67,22,18-24,20.43816558499767,healthy,3,S3: Tech-focused students,Restaurante El Cielo Potosino,San Luis Potosi,SLP,No_Alcohol_Served,No alcohol,none,informal,no_accessibility,medium,2,familiar,FALSE,closed,none,Medium | price | No alcohol | Familiar,0,1,1,0,above stated budget
U1018,135081,1,1,1,0,22.190949,-100.917902,TRUE,casual drinker,formal,friends,public,single,independent,1989,technology,thrifty-protector,Christian,student,blue,65,low,1.83,23,18-24,19.409358296754156,healthy,3,S3: Tech-focused students,El Club,San Luis Potosi,SLP,No_Alcohol_Served,No alcohol,none,informal,no_accessibility,medium,2,familiar,FALSE,closed,none,Medium | price | No alcohol | Familiar,0,1,1,0,above stated budget
U1018,135057,1,1,0,0,22.190949,-100.917902,TRUE,casual drinker,formal,friends,public,single,independent,1989,technology,thrifty-protector,Christian,student,blue,65,low,1.83,23,18-24,19.409358296754156,healthy,3,S3: Tech-focused students,El Herradero Restaurante and Bar,San Luis Potosi,SLP,Wine-Beer,Wine or beer,section,informal,no_accessibility,medium,2,familiar,FALSE,closed,none,Medium | price | Wine or beer | Familiar,0,1,1,0,above stated budget
U1018,135066,1,1,1,0,22.190949,-100.917902,TRUE,casual drinker,formal,friends,public,single,independent,1989,technology,thrifty-protector,Christian,student,blue,65,low,1.83,23,18-24,19.409358296754156,healthy,3,S3: Tech-focused students,Restaurante Guerra,San Luis Potosi,SLP,Wine-Beer,Wine or beer,section,informal,no_accessibility,high,3,familiar,FALSE,closed,none,High | price | Wine or beer | Familiar,0,1,1,0,above stated budget
U1018,135032,1,1,1,0,22.190949,-100.917902,TRUE,casual drinker,formal,friends,public,single,independent,1989,technology,thrifty-protector,Christian,student,blue,65,low,1.83,23,18-24,19.409358296754156,healthy,3,S3: Tech-focused students,Cafeteria y Restaurant El Pacifico,San Luis Potosi,SLP,Wine-Beer,Wine or beer,section,informal,no_accessibility,medium,2,familiar,FALSE,closed,none,Medium | price | Wine or beer | Familiar,0,1,1,0,above stated budget
U1018,135062,0,0,1,0,22.190949,-100.917902,TRUE,casual drinker,formal,friends,public,single,independent,1989,technology,thrifty-protector,Christian,student,blue,65,low,1.83,23,18-24,19.409358296754156,healthy,3,S3: Tech-focused students,Restaurante El Cielo Potosino,San Luis Potosi,SLP,No_Alcohol_Served,No alcohol,none,informal,no_accessibility,medium,2,familiar,FALSE,closed,none,Medium | price | No alcohol | Familiar,0,1,1,0,above stated budget
U1018,135025,1,1,1,0,22.190949,-100.917902,TRUE,casual drinker,formal,friends,public,single,independent,1989,technology,thrifty-protector,Christian,student,blue,65,low,1.83,23,18-24,19.409358296754156,healthy,3,S3: Tech-focused students,El Rincon de San Francisco,San Luis Potosi,SLP,No_Alcohol_Served,No alcohol,none,informal,no_accessibility,medium,2,familiar,FALSE,closed,none,Medium | price | No alcohol | Familiar,1,1,1,0,above stated budget
U1018,135069,0,1,1,0,22.190949,-100.917902,TRUE,casual drinker,formal,friends,public,single,independent,1989,technology,thrifty-protector,Christian,student,blue,65,low,1.83,23,18-24,19.409358296754156,healthy,3,S3: Tech-focused students,Abondance Restaurante Bar,San Luis Potosi,SLP,Wine-Beer,Wine or beer,none,informal,no_accessibility,low,1,familiar,FALSE,closed,none,Low | price | Wine or beer | Familiar,0,1,1,1,matches stated budget
U1018,135108,1,0,1,0,22.190949,-100.917902,TRUE,casual drinker,formal,friends,public,single,independent,1989,technology,thrifty-protector,Christian,student,blue,65,low,1.83,23,18-24,19.409358296754156,healthy,3,S3: Tech-focused students,Potzocalli,San Luis Potosi,NA,No_Alcohol_Served,No alcohol,none,informal,completely,low,1,familiar,FALSE,closed,none,Low | price | No alcohol | Familiar,0,0,1,1,matches stated budget
U1076,135039,2,2,1,1,22.156469,-100.98554,FALSE,social drinker,elegant,family,public,married,kids,1987,technology,thrifty-protector,Catholic,student,blue,65,medium,1.71,25,25-34,22.229061933586404,healthy,3,S3: Tech-focused students,Restaurant de Mariscos de Picon,San Luis Potosi,SLP,No_Alcohol_Served,No alcohol,section,informal,no_accessibility,low,1,familiar,FALSE,closed,none,Low | price | No alcohol | Familiar,0,1,2,1,below stated budget
U1076,135038,1,2,2,0,22.156469,-100.98554,FALSE,social drinker,elegant,family,public,married,kids,1987,technology,thrifty-protector,Catholic,student,blue,65,medium,1.71,25,25-34,22.229061933586404,healthy,3,S3: Tech-focused students,Restaurant la Chalita,San Luis Potosi,SLP,No_Alcohol_Served,No alcohol,section,informal,no_accessibility,medium,2,familiar,FALSE,closed,none,Medium | price | No alcohol | Familiar,0,1,2,1,matches stated budget
U1076,135027,0,1,1,0,22.156469,-100.98554,FALSE,social drinker,elegant,family,public,married,kids,1987,technology,thrifty-protector,Catholic,student,blue,65,medium,1.71,25,25-34,22.229061933586404,healthy,3,S3: Tech-focused students,Restaurant Orizatlan,San Luis Potosi,SLP,Wine-Beer,Wine or beer,none,informal,no_accessibility,medium,2,familiar,FALSE,closed,none,Medium | price | Wine or beer | Familiar,1,1,2,1,matches stated budget
U1076,135042,2,2,2,1,22.156469,-100.98554,FALSE,social drinker,elegant,family,public,married,kids,1987,technology,thrifty-protector,Catholic,student,blue,65,medium,1.71,25,25-34,22.229061933586404,healthy,3,S3: Tech-focused students,Restaurant Oriental Express,San Luis Potosi,SLP,No_Alcohol_Served,No alcohol,none,informal,no_accessibility,medium,2,familiar,FALSE,closed,none,Medium | price | No alcohol | Familiar,0,1,2,1,matches stated budget
U1022,135040,0,0,0,0,22.146708,-100.964355,FALSE,casual drinker,formal,family,car owner,single,independent,1990,variety,hard-worker,Catholic,student,purple,46,medium,1.54,22,18-24,19.396188227357058,healthy,1,S1: Quieter mixed students,Restaurant los Compadres,San Luis Potosi,SLP,Wine-Beer,Wine or beer,none,informal,no_accessibility,high,3,familiar,FALSE,closed,none,High | price | Wine or beer | Familiar,0,1,2,0,above stated budget
U1076,135073,2,1,1,1,22.156469,-100.98554,FALSE,social drinker,elegant,family,public,married,kids,1987,technology,thrifty-protector,Catholic,student,blue,65,medium,1.71,25,25-34,22.229061933586404,healthy,3,S3: Tech-focused students,Restaurante Bar El Gallinero,San Luis Potosi,SLP,Wine-Beer,Wine or beer,section,informal,no_accessibility,high,3,familiar,FALSE,closed,none,High | price | Wine or beer | Familiar,0,1,2,0,above stated budget
U1022,135033,1,1,2,0,22.146708,-100.964355,FALSE,casual drinker,formal,family,car owner,single,independent,1990,variety,hard-worker,Catholic,student,purple,46,medium,1.54,22,18-24,19.396188227357058,healthy,1,S1: Quieter mixed students,Restaurant El Muladar de Calzada,San Luis Potosi,SLP,No_Alcohol_Served,No alcohol,section,informal,no_accessibility,medium,2,familiar,FALSE,closed,none,Medium | price | No alcohol | Familiar,0,1,2,1,matches stated budget
U1022,135025,0,0,0,0,22.146708,-100.964355,FALSE,casual drinker,formal,family,car owner,single,independent,1990,variety,hard-worker,Catholic,student,purple,46,medium,1.54,22,18-24,19.396188227357058,healthy,1,S1: Quieter mixed students,El Rincon de San Francisco,San Luis Potosi,SLP,No_Alcohol_Served,No alcohol,none,informal,no_accessibility,medium,2,familiar,FALSE,closed,none,Medium | price | No alcohol | Familiar,1,1,2,1,matches stated budget
U1022,135032,1,1,2,0,22.146708,-100.964355,FALSE,casual drinker,formal,family,car owner,single,independent,1990,variety,hard-worker,Catholic,student,purple,46,medium,1.54,22,18-24,19.396188227357058,healthy,1,S1: Quieter mixed students,Cafeteria y Restaurant El Pacifico,San Luis Potosi,SLP,Wine-Beer,Wine or beer,section,informal,no_accessibility,medium,2,familiar,FALSE,closed,none,Medium | price | Wine or beer | Familiar,0,1,2,1,matches stated budget
U1022,135057,2,2,2,1,22.146708,-100.964355,FALSE,casual drinker,formal,family,car owner,single,independent,1990,variety,hard-worker,Catholic,student,purple,46,medium,1.54,22,18-24,19.396188227357058,healthy,1,S1: Quieter mixed students,El Herradero Restaurante and Bar,San Luis Potosi,SLP,Wine-Beer,Wine or beer,section,informal,no_accessibility,medium,2,familiar,FALSE,closed,none,Medium | price | Wine or beer | Familiar,0,1,2,1,matches stated budget
U1022,135060,1,1,2,0,22.146708,-100.964355,FALSE,casual drinker,formal,family,car owner,single,independent,1990,variety,hard-worker,Catholic,student,purple,46,medium,1.54,22,18-24,19.396188227357058,healthy,1,S1: Quieter mixed students,Restaurante Marisco Sam,San Luis Potosi,SLP,No_Alcohol_Served,No alcohol,none,informal,no_accessibility,medium,2,familiar,FALSE,closed,none,Medium | price | No alcohol | Familiar,0,1,2,1,matches stated budget
U1022,135052,2,2,2,1,22.146708,-100.964355,FALSE,casual drinker,formal,family,car owner,single,independent,1990,variety,hard-worker,Catholic,student,purple,46,medium,1.54,22,18-24,19.396188227357058,healthy,1,S1: Quieter mixed students,La Cantina Restaurante,San Luis Potosi,SLP,Full_Bar,Full bar,none,informal,no_accessibility,high,3,familiar,FALSE,closed,none,High | price | Full bar | Familiar,0,1,2,0,above stated budget
U1022,135038,2,1,2,1,22.146708,-100.964355,FALSE,casual drinker,formal,family,car owner,single,independent,1990,variety,hard-worker,Catholic,student,purple,46,medium,1.54,22,18-24,19.396188227357058,healthy,1,S1: Quieter mixed students,Restaurant la Chalita,San Luis Potosi,SLP,No_Alcohol_Served,No alcohol,section,informal,no_accessibility,medium,2,familiar,FALSE,closed,none,Medium | price | No alcohol | Familiar,0,1,2,1,matches stated budget
U1022,135081,0,2,1,0,22.146708,-100.964355,FALSE,casual drinker,formal,family,car owner,single,independent,1990,variety,hard-worker,Catholic,student,purple,46,medium,1.54,22,18-24,19.396188227357058,healthy,1,S1: Quieter mixed students,El Club,San Luis Potosi,SLP,No_Alcohol_Served,No alcohol,none,informal,no_accessibility,medium,2,familiar,FALSE,closed,none,Medium | price | No alcohol | Familiar,0,1,2,1,matches stated budget
U1022,135045,2,1,1,1,22.146708,-100.964355,FALSE,casual drinker,formal,family,car owner,single,independent,1990,variety,hard-worker,Catholic,student,purple,46,medium,1.54,22,18-24,19.396188227357058,healthy,1,S1: Quieter mixed students,Restaurante la Gran Via,San Luis Potosi,SLP,Wine-Beer,Wine or beer,none,casual,no_accessibility,high,3,familiar,FALSE,closed,none,High | price | Wine or beer | Familiar,0,1,2,0,above stated budget
U1022,135051,2,1,1,1,22.146708,-100.964355,FALSE,casual drinker,formal,family,car owner,single,independent,1990,variety,hard-worker,Catholic,student,purple,46,medium,1.54,22,18-24,19.396188227357058,healthy,1,S1: Quieter mixed students,Restaurante Versalles,San Luis Potosi,SLP,No_Alcohol_Served,No alcohol,section,informal,no_accessibility,low,1,familiar,FALSE,closed,none,Low | price | No alcohol | Familiar,0,1,2,1,below stated budget
U1022,135073,2,2,2,1,22.146708,-100.964355,FALSE,casual drinker,formal,family,car owner,single,independent,1990,variety,hard-worker,Catholic,student,purple,46,medium,1.54,22,18-24,19.396188227357058,healthy,1,S1: Quieter mixed students,Restaurante Bar El Gallinero,San Luis Potosi,SLP,Wine-Beer,Wine or beer,section,informal,no_accessibility,high,3,familiar,FALSE,closed,none,High | price | Wine or beer | Familiar,0,1,2,0,above stated budget
U1022,135062,1,2,1,0,22.146708,-100.964355,FALSE,casual drinker,formal,family,car owner,single,independent,1990,variety,hard-worker,Catholic,student,purple,46,medium,1.54,22,18-24,19.396188227357058,healthy,1,S1: Quieter mixed students,Restaurante El Cielo Potosino,San Luis Potosi,SLP,No_Alcohol_Served,No alcohol,none,informal,no_accessibility,medium,2,familiar,FALSE,closed,none,Medium | price | No alcohol | Familiar,0,1,2,1,matches stated budget
U1022,135063,2,1,2,1,22.146708,-100.964355,FALSE,casual drinker,formal,family,car owner,single,independent,1990,variety,hard-worker,Catholic,student,purple,46,medium,1.54,22,18-24,19.396188227357058,healthy,1,S1: Quieter mixed students,Restaurante Alhondiga,San Luis Potosi,SLP,No_Alcohol_Served,No alcohol,none,informal,no_accessibility,medium,2,familiar,FALSE,closed,none,Medium | price | No alcohol | Familiar,0,1,2,1,matches stated budget
U1094,135054,0,0,0,0,23.73944,-99.160548,FALSE,abstemious,informal,friends,public,single,independent,1991,variety,thrifty-protector,Catholic,student,green,59,medium,1.71,21,18-24,20.177148524332274,healthy,1,S1: Quieter mixed students,Restaurante y Pescaderia Tampico,San Luis Potosi,SLP,No_Alcohol_Served,No alcohol,none,informal,no_accessibility,high,3,familiar,FALSE,closed,none,High | price | No alcohol | Familiar,0,1,2,0,above stated budget
U1094,135082,0,0,0,0,23.73944,-99.160548,FALSE,abstemious,informal,friends,public,single,independent,1991,variety,thrifty-protector,Catholic,student,green,59,medium,1.71,21,18-24,20.177148524332274,healthy,1,S1: Quieter mixed students,la Estrella de Dimas,San Luis Potosi,SLP,No_Alcohol_Served,No alcohol,none,informal,no_accessibility,medium,2,familiar,FALSE,closed,none,Medium | price | No alcohol | Familiar,0,1,2,1,matches stated budget
U1094,135057,0,1,0,0,23.73944,-99.160548,FALSE,abstemious,informal,friends,public,single,independent,1991,variety,thrifty-protector,Catholic,student,green,59,medium,1.71,21,18-24,20.177148524332274,healthy,1,S1: Quieter mixed students,El Herradero Restaurante and Bar,San Luis Potosi,SLP,Wine-Beer,Wine or beer,section,informal,no_accessibility,medium,2,familiar,FALSE,closed,none,Medium | price | Wine or beer | Familiar,0,1,2,1,matches stated budget
U1094,135071,0,1,0,0,23.73944,-99.160548,FALSE,abstemious,informal,friends,public,single,independent,1991,variety,thrifty-protector,Catholic,student,green,59,medium,1.71,21,18-24,20.177148524332274,healthy,1,S1: Quieter mixed students,Restaurante la Cantina,San Luis Potosi,SLP,Full_Bar,Full bar,section,informal,no_accessibility,medium,2,familiar,FALSE,closed,none,Medium | price | Full bar | Familiar,0,1,2,1,matches stated budget
U1094,132830,0,1,0,0,23.73944,-99.160548,FALSE,abstemious,informal,friends,public,single,independent,1991,variety,thrifty-protector,Catholic,student,green,59,medium,1.71,21,18-24,20.177148524332274,healthy,1,S1: Quieter mixed students,Rincon Huasteco,NA,NA,No_Alcohol_Served,No alcohol,none,informal,completely,low,1,familiar,FALSE,closed,none,Low | price | No alcohol | Familiar,0,0,2,1,below stated budget
U1094,135070,0,1,0,0,23.73944,-99.160548,FALSE,abstemious,informal,friends,public,single,independent,1991,variety,thrifty-protector,Catholic,student,green,59,medium,1.71,21,18-24,20.177148524332274,healthy,1,S1: Quieter mixed students,Restaurante 75,San Luis Potosi,SLP,No_Alcohol_Served,No alcohol,none,informal,no_accessibility,medium,2,familiar,FALSE,closed,none,Medium | price | No alcohol | Familiar,0,1,2,1,matches stated budget
U1094,135108,0,1,1,0,23.73944,-99.160548,FALSE,abstemious,informal,friends,public,single,independent,1991,variety,thrifty-protector,Catholic,student,green,59,medium,1.71,21,18-24,20.177148524332274,healthy,1,S1: Quieter mixed students,Potzocalli,San Luis Potosi,NA,No_Alcohol_Served,No alcohol,none,informal,completely,low,1,familiar,FALSE,closed,none,Low | price | No alcohol | Familiar,0,0,2,1,below stated budget
U1094,135069,0,1,0,0,23.73944,-99.160548,FALSE,abstemious,informal,friends,public,single,independent,1991,variety,thrifty-protector,Catholic,student,green,59,medium,1.71,21,18-24,20.177148524332274,healthy,1,S1: Quieter mixed students,Abondance Restaurante Bar,San Luis Potosi,SLP,Wine-Beer,Wine or beer,none,informal,no_accessibility,low,1,familiar,FALSE,closed,none,Low | price | Wine or beer | Familiar,0,1,2,1,below stated budget
U1116,135047,2,2,2,1,22.156469,-100.98554,FALSE,social drinker,formal,family,public,married,kids,1987,technology,thrifty-protector,Catholic,student,blue,40,medium,1.71,25,25-34,13.679422728360864,underweight,3,S3: Tech-focused students,Restaurante Casa de las Flores,San Luis Potosi,SLP,Wine-Beer,Wine or beer,section,informal,no_accessibility,high,3,familiar,FALSE,closed,none,High | price | Wine or beer | Familiar,0,1,2,0,above stated budget
U1116,135060,0,0,0,0,22.156469,-100.98554,FALSE,social drinker,formal,family,public,married,kids,1987,technology,thrifty-protector,Catholic,student,blue,40,medium,1.71,25,25-34,13.679422728360864,underweight,3,S3: Tech-focused students,Restaurante Marisco Sam,San Luis Potosi,SLP,No_Alcohol_Served,No alcohol,none,informal,no_accessibility,medium,2,familiar,FALSE,closed,none,Medium | price | No alcohol | Familiar,0,1,2,1,matches stated budget
U1116,135038,2,2,2,1,22.156469,-100.98554,FALSE,social drinker,formal,family,public,married,kids,1987,technology,thrifty-protector,Catholic,student,blue,40,medium,1.71,25,25-34,13.679422728360864,underweight,3,S3: Tech-focused students,Restaurant la Chalita,San Luis Potosi,SLP,No_Alcohol_Served,No alcohol,section,informal,no_accessibility,medium,2,familiar,FALSE,closed,none,Medium | price | No alcohol | Familiar,0,1,2,1,matches stated budget
U1116,135085,2,2,2,1,22.156469,-100.98554,FALSE,social drinker,formal,family,public,married,kids,1987,technology,thrifty-protector,Catholic,student,blue,40,medium,1.71,25,25-34,13.679422728360864,underweight,3,S3: Tech-focused students,Tortas Locas Hipocampo,San Luis Potosi,SLP,No_Alcohol_Served,No alcohol,not permitted,informal,no_accessibility,medium,2,familiar,FALSE,closed,none,Medium | price | No alcohol | Familiar,0,1,2,1,matches stated budget
U1116,135052,2,2,2,1,22.156469,-100.98554,FALSE,social drinker,formal,family,public,married,kids,1987,technology,thrifty-protector,Catholic,student,blue,40,medium,1.71,25,25-34,13.679422728360864,underweight,3,S3: Tech-focused students,La Cantina Restaurante,San Luis Potosi,SLP,Full_Bar,Full bar,none,informal,no_accessibility,high,3,familiar,FALSE,closed,none,High | price | Full bar | Familiar,0,1,2,0,above stated budget
U1116,135025,2,2,2,1,22.156469,-100.98554,FALSE,social drinker,formal,family,public,married,kids,1987,technology,thrifty-protector,Catholic,student,blue,40,medium,1.71,25,25-34,13.679422728360864,underweight,3,S3: Tech-focused students,El Rincon de San Francisco,San Luis Potosi,SLP,No_Alcohol_Served,No alcohol,none,informal,no_accessibility,medium,2,familiar,FALSE,closed,none,Medium | price | No alcohol | Familiar,1,1,2,1,matches stated budget
U1116,135059,0,2,2,0,22.156469,-100.98554,FALSE,social drinker,formal,family,public,married,kids,1987,technology,thrifty-protector,Catholic,student,blue,40,medium,1.71,25,25-34,13.679422728360864,underweight,3,S3: Tech-focused students,Restaurant Bar Hacienda los Martinez,San Luis Potosi,SLP,Wine-Beer,Wine or beer,section,informal,no_accessibility,medium,2,familiar,FALSE,closed,none,Medium | price | Wine or beer | Familiar,0,1,2,1,matches stated budget
U1116,135027,0,2,2,0,22.156469,-100.98554,FALSE,social drinker,formal,family,public,married,kids,1987,technology,thrifty-protector,Catholic,student,blue,40,medium,1.71,25,25-34,13.679422728360864,underweight,3,S3: Tech-focused students,Restaurant Orizatlan,San Luis Potosi,SLP,Wine-Beer,Wine or beer,none,informal,no_accessibility,medium,2,familiar,FALSE,closed,none,Medium | price | Wine or beer | Familiar,1,1,2,1,matches stated budget
U1116,132825,2,2,2,1,22.156469,-100.98554,FALSE,social drinker,formal,family,public,married,kids,1987,technology,thrifty-protector,Catholic,student,blue,40,medium,1.71,25,25-34,13.679422728360864,underweight,3,S3: Tech-focused students,puesto de tacos,s.l.p.,s.l.p.,No_Alcohol_Served,No alcohol,none,informal,completely,low,1,familiar,FALSE,open,none,Low | price | No alcohol | Familiar,1,1,2,1,below stated budget
U1116,135030,1,2,2,0,22.156469,-100.98554,FALSE,social drinker,formal,family,public,married,kids,1987,technology,thrifty-protector,Catholic,student,blue,40,medium,1.71,25,25-34,13.679422728360864,underweight,3,S3: Tech-focused students,Preambulo Wifi Zone Cafe,San Luis Potosi,SLP,No_Alcohol_Served,No alcohol,none,informal,no_accessibility,medium,2,quiet,FALSE,closed,Internet,Medium | price | No alcohol | Quiet,0,1,2,1,matches stated budget
U1116,132834,2,2,2,1,22.156469,-100.98554,FALSE,social drinker,formal,family,public,married,kids,1987,technology,thrifty-protector,Catholic,student,blue,40,medium,1.71,25,25-34,13.679422728360864,underweight,3,S3: Tech-focused students,Gorditas Doa Gloria,san luis potosi,san luis potosi,No_Alcohol_Served,No alcohol,not permitted,casual,no_accessibility,low,1,familiar,FALSE,closed,none,Low | price | No alcohol | Familiar,1,1,2,1,below stated budget
U1105,135057,0,0,0,0,22.120019,-100.950991,FALSE,social drinker,formal,family,public,single,independent,1991,variety,hard-worker,Christian,student,green,40,medium,1.74,21,18-24,13.21178491214163,underweight,1,S1: Quieter mixed students,El Herradero Restaurante and Bar,San Luis Potosi,SLP,Wine-Beer,Wine or beer,section,informal,no_accessibility,medium,2,familiar,FALSE,closed,none,Medium | price | Wine or beer | Familiar,0,1,2,1,matches stated budget
U1105,135069,0,0,0,0,22.120019,-100.950991,FALSE,social drinker,formal,family,public,single,independent,1991,variety,hard-worker,Christian,student,green,40,medium,1.74,21,18-24,13.21178491214163,underweight,1,S1: Quieter mixed students,Abondance Restaurante Bar,San Luis Potosi,SLP,Wine-Beer,Wine or beer,none,informal,no_accessibility,low,1,familiar,FALSE,closed,none,Low | price | Wine or beer | Familiar,0,1,2,1,below stated budget
U1105,132830,0,0,0,0,22.120019,-100.950991,FALSE,social drinker,formal,family,public,single,independent,1991,variety,hard-worker,Christian,student,green,40,medium,1.74,21,18-24,13.21178491214163,underweight,1,S1: Quieter mixed students,Rincon Huasteco,NA,NA,No_Alcohol_Served,No alcohol,none,informal,completely,low,1,familiar,FALSE,closed,none,Low | price | No alcohol | Familiar,0,0,2,1,below stated budget
U1105,135040,0,0,0,0,22.120019,-100.950991,FALSE,social drinker,formal,family,public,single,independent,1991,variety,hard-worker,Christian,student,green,40,medium,1.74,21,18-24,13.21178491214163,underweight,1,S1: Quieter mixed students,Restaurant los Compadres,San Luis Potosi,SLP,Wine-Beer,Wine or beer,none,informal,no_accessibility,high,3,familiar,FALSE,closed,none,High | price | Wine or beer | Familiar,0,1,2,0,above stated budget
U1105,135033,0,0,0,0,22.120019,-100.950991,FALSE,social drinker,formal,family,public,single,independent,1991,variety,hard-worker,Christian,student,green,40,medium,1.74,21,18-24,13.21178491214163,underweight,1,S1: Quieter mixed students,Restaurant El Muladar de Calzada,San Luis Potosi,SLP,No_Alcohol_Served,No alcohol,section,informal,no_accessibility,medium,2,familiar,FALSE,closed,none,Medium | price | No alcohol | Familiar,0,1,2,1,matches stated budget
U1105,135054,0,0,0,0,22.120019,-100.950991,FALSE,social drinker,formal,family,public,single,independent,1991,variety,hard-worker,Christian,student,green,40,medium,1.74,21,18-24,13.21178491214163,underweight,1,S1: Quieter mixed students,Restaurante y Pescaderia Tampico,San Luis Potosi,SLP,No_Alcohol_Served,No alcohol,none,informal,no_accessibility,high,3,familiar,FALSE,closed,none,High | price | No alcohol | Familiar,0,1,2,0,above stated budget
U1105,135039,0,0,0,0,22.120019,-100.950991,FALSE,social drinker,formal,family,public,single,independent,1991,variety,hard-worker,Christian,student,green,40,medium,1.74,21,18-24,13.21178491214163,underweight,1,S1: Quieter mixed students,Restaurant de Mariscos de Picon,San Luis Potosi,SLP,No_Alcohol_Served,No alcohol,section,informal,no_accessibility,low,1,familiar,FALSE,closed,none,Low | price | No alcohol | Familiar,0,1,2,1,below stated budget
U1105,135052,0,0,0,0,22.120019,-100.950991,FALSE,social drinker,formal,family,public,single,independent,1991,variety,hard-worker,Christian,student,green,40,medium,1.74,21,18-24,13.21178491214163,underweight,1,S1: Quieter mixed students,La Cantina Restaurante,San Luis Potosi,SLP,Full_Bar,Full bar,none,informal,no_accessibility,high,3,familiar,FALSE,closed,none,High | price | Full bar | Familiar,0,1,2,0,above stated budget
U1075,135081,1,2,1,0,22.167575,-100.960364,FALSE,casual drinker,informal,family,car owner,single,independent,1991,technology,thrifty-protector,Catholic,student,white,68,medium,1.6,21,18-24,26.562499999999996,overweight,3,S3: Tech-focused students,El Club,San Luis Potosi,SLP,No_Alcohol_Served,No alcohol,none,informal,no_accessibility,medium,2,familiar,FALSE,closed,none,Medium | price | No alcohol | Familiar,0,1,2,1,matches stated budget
U1075,135066,2,1,2,1,22.167575,-100.960364,FALSE,casual drinker,informal,family,car owner,single,independent,1991,technology,thrifty-protector,Catholic,student,white,68,medium,1.6,21,18-24,26.562499999999996,overweight,3,S3: Tech-focused students,Restaurante Guerra,San Luis Potosi,SLP,Wine-Beer,Wine or beer,section,informal,no_accessibility,high,3,familiar,FALSE,closed,none,High | price | Wine or beer | Familiar,0,1,2,0,above stated budget
U1075,135050,2,2,2,1,22.167575,-100.960364,FALSE,casual drinker,informal,family,car owner,single,independent,1991,technology,thrifty-protector,Catholic,student,white,68,medium,1.6,21,18-24,26.562499999999996,overweight,3,S3: Tech-focused students,Restaurante la Estrella de Dima,Soledad,SLP,Wine-Beer,Wine or beer,none,informal,no_accessibility,high,3,familiar,FALSE,closed,none,High | price | Wine or beer | Familiar,0,1,2,0,above stated budget
U1007,135108,1,1,1,0,22.118464,-100.938256,FALSE,casual drinker,informal,solitary,public,single,independent,1989,variety,thrifty-protector,Catholic,student,purple,60,low,1.59,23,18-24,23.73323840037973,healthy,3,S3: Tech-focused students,Potzocalli,San Luis Potosi,NA,No_Alcohol_Served,No alcohol,none,informal,completely,low,1,familiar,FALSE,closed,none,Low | price | No alcohol | Familiar,0,0,1,1,matches stated budget
U1075,135076,2,2,0,1,22.167575,-100.960364,FALSE,casual drinker,informal,family,car owner,single,independent,1991,technology,thrifty-protector,Catholic,student,white,68,medium,1.6,21,18-24,26.562499999999996,overweight,3,S3: Tech-focused students,Restaurante Pueblo Bonito,San Luis Potosi,SLP,Wine-Beer,Wine or beer,none,informal,no_accessibility,high,3,familiar,FALSE,closed,none,High | price | Wine or beer | Familiar,0,1,2,0,above stated budget
U1007,135057,1,1,2,0,22.118464,-100.938256,FALSE,casual drinker,informal,solitary,public,single,independent,1989,variety,thrifty-protector,Catholic,student,purple,60,low,1.59,23,18-24,23.73323840037973,healthy,3,S3: Tech-focused students,El Herradero Restaurante and Bar,San Luis Potosi,SLP,Wine-Beer,Wine or beer,section,informal,no_accessibility,medium,2,familiar,FALSE,closed,none,Medium | price | Wine or beer | Familiar,0,1,1,0,above stated budget
U1075,135032,1,1,1,0,22.167575,-100.960364,FALSE,casual drinker,informal,family,car owner,single,independent,1991,technology,thrifty-protector,Catholic,student,white,68,medium,1.6,21,18-24,26.562499999999996,overweight,3,S3: Tech-focused students,Cafeteria y Restaurant El Pacifico,San Luis Potosi,SLP,Wine-Beer,Wine or beer,section,informal,no_accessibility,medium,2,familiar,FALSE,closed,none,Medium | price | Wine or beer | Familiar,0,1,2,1,matches stated budget
U1075,132834,1,2,1,0,22.167575,-100.960364,FALSE,casual drinker,informal,family,car owner,single,independent,1991,technology,thrifty-protector,Catholic,student,white,68,medium,1.6,21,18-24,26.562499999999996,overweight,3,S3: Tech-focused students,Gorditas Doa Gloria,san luis potosi,san luis potosi,No_Alcohol_Served,No alcohol,not permitted,casual,no_accessibility,low,1,familiar,FALSE,closed,none,Low | price | No alcohol | Familiar,1,1,2,1,below stated budget
U1075,135057,2,1,1,1,22.167575,-100.960364,FALSE,casual drinker,informal,family,car owner,single,independent,1991,technology,thrifty-protector,Catholic,student,white,68,medium,1.6,21,18-24,26.562499999999996,overweight,3,S3: Tech-focused students,El Herradero Restaurante and Bar,San Luis Potosi,SLP,Wine-Beer,Wine or beer,section,informal,no_accessibility,medium,2,familiar,FALSE,closed,none,Medium | price | Wine or beer | Familiar,0,1,2,1,matches stated budget
U1075,132830,1,1,1,0,22.167575,-100.960364,FALSE,casual drinker,informal,family,car owner,single,independent,1991,technology,thrifty-protector,Catholic,student,white,68,medium,1.6,21,18-24,26.562499999999996,overweight,3,S3: Tech-focused students,Rincon Huasteco,NA,NA,No_Alcohol_Served,No alcohol,none,informal,completely,low,1,familiar,FALSE,closed,none,Low | price | No alcohol | Familiar,0,0,2,1,below stated budget
U1075,135062,1,0,1,0,22.167575,-100.960364,FALSE,casual drinker,informal,family,car owner,single,independent,1991,technology,thrifty-protector,Catholic,student,white,68,medium,1.6,21,18-24,26.562499999999996,overweight,3,S3: Tech-focused students,Restaurante El Cielo Potosino,San Luis Potosi,SLP,No_Alcohol_Served,No alcohol,none,informal,no_accessibility,medium,2,familiar,FALSE,closed,none,Medium | price | No alcohol | Familiar,0,1,2,1,matches stated budget
U1075,135039,2,2,0,1,22.167575,-100.960364,FALSE,casual drinker,informal,family,car owner,single,independent,1991,technology,thrifty-protector,Catholic,student,white,68,medium,1.6,21,18-24,26.562499999999996,overweight,3,S3: Tech-focused students,Restaurant de Mariscos de Picon,San Luis Potosi,SLP,No_Alcohol_Served,No alcohol,section,informal,no_accessibility,low,1,familiar,FALSE,closed,none,Low | price | No alcohol | Familiar,0,1,2,1,below stated budget
U1075,135051,1,1,1,0,22.167575,-100.960364,FALSE,casual drinker,informal,family,car owner,single,independent,1991,technology,thrifty-protector,Catholic,student,white,68,medium,1.6,21,18-24,26.562499999999996,overweight,3,S3: Tech-focused students,Restaurante Versalles,San Luis Potosi,SLP,No_Alcohol_Served,No alcohol,section,informal,no_accessibility,low,1,familiar,FALSE,closed,none,Low | price | No alcohol | Familiar,0,1,2,1,below stated budget
U1075,135041,1,1,0,0,22.167575,-100.960364,FALSE,casual drinker,informal,family,car owner,single,independent,1991,technology,thrifty-protector,Catholic,student,white,68,medium,1.6,21,18-24,26.562499999999996,overweight,3,S3: Tech-focused students,Luna Cafe,San Luis Potosi,SLP,Wine-Beer,Wine or beer,none,informal,no_accessibility,medium,2,familiar,FALSE,closed,none,Medium | price | Wine or beer | Familiar,0,1,2,1,matches stated budget
U1115,135057,2,2,2,1,22.138127,-100.920512,TRUE,social drinker,elegant,friends,public,single,independent,1990,variety,hard-worker,Catholic,student,green,76,low,1.76,22,18-24,24.535123966942148,healthy,2,S2: Mobile social students,El Herradero Restaurante and Bar,San Luis Potosi,SLP,Wine-Beer,Wine or beer,section,informal,no_accessibility,medium,2,familiar,FALSE,closed,none,Medium | price | Wine or beer | Familiar,0,1,1,0,above stated budget
U1115,135082,2,2,2,1,22.138127,-100.920512,TRUE,social drinker,elegant,friends,public,single,independent,1990,variety,hard-worker,Catholic,student,green,76,low,1.76,22,18-24,24.535123966942148,healthy,2,S2: Mobile social students,la Estrella de Dimas,San Luis Potosi,SLP,No_Alcohol_Served,No alcohol,none,informal,no_accessibility,medium,2,familiar,FALSE,closed,none,Medium | price | No alcohol | Familiar,0,1,1,0,above stated budget
U1115,135054,0,0,1,0,22.138127,-100.920512,TRUE,social drinker,elegant,friends,public,single,independent,1990,variety,hard-worker,Catholic,student,green,76,low,1.76,22,18-24,24.535123966942148,healthy,2,S2: Mobile social students,Restaurante y Pescaderia Tampico,San Luis Potosi,SLP,No_Alcohol_Served,No alcohol,none,informal,no_accessibility,high,3,familiar,FALSE,closed,none,High | price | No alcohol | Familiar,0,1,1,0,above stated budget
U1115,135108,1,2,2,0,22.138127,-100.920512,TRUE,social drinker,elegant,friends,public,single,independent,1990,variety,hard-worker,Catholic,student,green,76,low,1.76,22,18-24,24.535123966942148,healthy,2,S2: Mobile social students,Potzocalli,San Luis Potosi,NA,No_Alcohol_Served,No alcohol,none,informal,completely,low,1,familiar,FALSE,closed,none,Low | price | No alcohol | Familiar,0,0,1,1,matches stated budget
U1115,135069,1,0,1,0,22.138127,-100.920512,TRUE,social drinker,elegant,friends,public,single,independent,1990,variety,hard-worker,Catholic,student,green,76,low,1.76,22,18-24,24.535123966942148,healthy,2,S2: Mobile social students,Abondance Restaurante Bar,San Luis Potosi,SLP,Wine-Beer,Wine or beer,none,informal,no_accessibility,low,1,familiar,FALSE,closed,none,Low | price | Wine or beer | Familiar,0,1,1,1,matches stated budget
U1115,132830,2,2,2,1,22.138127,-100.920512,TRUE,social drinker,elegant,friends,public,single,independent,1990,variety,hard-worker,Catholic,student,green,76,low,1.76,22,18-24,24.535123966942148,healthy,2,S2: Mobile social students,Rincon Huasteco,NA,NA,No_Alcohol_Served,No alcohol,none,informal,completely,low,1,familiar,FALSE,closed,none,Low | price | No alcohol | Familiar,0,0,1,1,matches stated budget
U1115,135070,1,1,1,0,22.138127,-100.920512,TRUE,social drinker,elegant,friends,public,single,independent,1990,variety,hard-worker,Catholic,student,green,76,low,1.76,22,18-24,24.535123966942148,healthy,2,S2: Mobile social students,Restaurante 75,San Luis Potosi,SLP,No_Alcohol_Served,No alcohol,none,informal,no_accessibility,medium,2,familiar,FALSE,closed,none,Medium | price | No alcohol | Familiar,0,1,1,0,above stated budget
U1115,135071,2,2,2,1,22.138127,-100.920512,TRUE,social drinker,elegant,friends,public,single,independent,1990,variety,hard-worker,Catholic,student,green,76,low,1.76,22,18-24,24.535123966942148,healthy,2,S2: Mobile social students,Restaurante la Cantina,San Luis Potosi,SLP,Full_Bar,Full bar,section,informal,no_accessibility,medium,2,familiar,FALSE,closed,none,Medium | price | Full bar | Familiar,0,1,1,0,above stated budget
U1072,135000,0,0,0,0,18.86826,-99.212033,FALSE,casual drinker,no preference,family,public,single,independent,1984,eco-friendly,thrifty-protector,Christian,student,red,50,medium,1.54,28,25-34,21.0828132906055,healthy,3,S3: Tech-focused students,Restaurant los Pinos,Cuernavaca,Morelos,No_Alcohol_Served,No alcohol,none,informal,no_accessibility,medium,2,familiar,FALSE,closed,none,Medium | price | No alcohol | Familiar,0,1,2,1,matches stated budget
U1024,132834,1,1,1,0,22.154021,-100.976028,NA,abstemious,NA,NA,NA,NA,NA,1930,none,hard-worker,none,NA,yellow,40,NA,1.2,82,45+,27.77777777777778,overweight,1,S1: Quieter mixed students,Gorditas Doa Gloria,san luis potosi,san luis potosi,No_Alcohol_Served,No alcohol,not permitted,casual,no_accessibility,low,1,familiar,FALSE,closed,none,Low | price | No alcohol | Familiar,0,0,NA,NA,NA
U1024,135106,1,1,1,0,22.154021,-100.976028,NA,abstemious,NA,NA,NA,NA,NA,1930,none,hard-worker,none,NA,yellow,40,NA,1.2,82,45+,27.77777777777778,overweight,1,S1: Quieter mixed students,El Rincón de San Francisco,San Luis Potosi,San Luis Potosi,Wine-Beer,Wine or beer,only at bar,informal,partially,medium,2,familiar,FALSE,open,none,Medium | price | Wine or beer | Familiar,0,0,NA,NA,NA
U1024,135042,1,2,1,0,22.154021,-100.976028,NA,abstemious,NA,NA,NA,NA,NA,1930,none,hard-worker,none,NA,yellow,40,NA,1.2,82,45+,27.77777777777778,overweight,1,S1: Quieter mixed students,Restaurant Oriental Express,San Luis Potosi,SLP,No_Alcohol_Served,No alcohol,none,informal,no_accessibility,medium,2,familiar,FALSE,closed,none,Medium | price | No alcohol | Familiar,0,0,NA,NA,NA
U1024,132825,1,1,0,0,22.154021,-100.976028,NA,abstemious,NA,NA,NA,NA,NA,1930,none,hard-worker,none,NA,yellow,40,NA,1.2,82,45+,27.77777777777778,overweight,1,S1: Quieter mixed students,puesto de tacos,s.l.p.,s.l.p.,No_Alcohol_Served,No alcohol,none,informal,completely,low,1,familiar,FALSE,open,none,Low | price | No alcohol | Familiar,0,0,NA,NA,NA
U1024,135060,1,0,2,0,22.154021,-100.976028,NA,abstemious,NA,NA,NA,NA,NA,1930,none,hard-worker,none,NA,yellow,40,NA,1.2,82,45+,27.77777777777778,overweight,1,S1: Quieter mixed students,Restaurante Marisco Sam,San Luis Potosi,SLP,No_Alcohol_Served,No alcohol,none,informal,no_accessibility,medium,2,familiar,FALSE,closed,none,Medium | price | No alcohol | Familiar,0,0,NA,NA,NA
U1024,135032,2,2,2,1,22.154021,-100.976028,NA,abstemious,NA,NA,NA,NA,NA,1930,none,hard-worker,none,NA,yellow,40,NA,1.2,82,45+,27.77777777777778,overweight,1,S1: Quieter mixed students,Cafeteria y Restaurant El Pacifico,San Luis Potosi,SLP,Wine-Beer,Wine or beer,section,informal,no_accessibility,medium,2,familiar,FALSE,closed,none,Medium | price | Wine or beer | Familiar,0,0,NA,NA,NA
U1024,135039,2,2,2,1,22.154021,-100.976028,NA,abstemious,NA,NA,NA,NA,NA,1930,none,hard-worker,none,NA,yellow,40,NA,1.2,82,45+,27.77777777777778,overweight,1,S1: Quieter mixed students,Restaurant de Mariscos de Picon,San Luis Potosi,SLP,No_Alcohol_Served,No alcohol,section,informal,no_accessibility,low,1,familiar,FALSE,closed,none,Low | price | No alcohol | Familiar,0,0,NA,NA,NA
U1024,135045,2,2,0,1,22.154021,-100.976028,NA,abstemious,NA,NA,NA,NA,NA,1930,none,hard-worker,none,NA,yellow,40,NA,1.2,82,45+,27.77777777777778,overweight,1,S1: Quieter mixed students,Restaurante la Gran Via,San Luis Potosi,SLP,Wine-Beer,Wine or beer,none,casual,no_accessibility,high,3,familiar,FALSE,closed,none,High | price | Wine or beer | Familiar,0,0,NA,NA,NA
U1024,135027,1,2,0,0,22.154021,-100.976028,NA,abstemious,NA,NA,NA,NA,NA,1930,none,hard-worker,none,NA,yellow,40,NA,1.2,82,45+,27.77777777777778,overweight,1,S1: Quieter mixed students,Restaurant Orizatlan,San Luis Potosi,SLP,Wine-Beer,Wine or beer,none,informal,no_accessibility,medium,2,familiar,FALSE,closed,none,Medium | price | Wine or beer | Familiar,0,0,NA,NA,NA
U1024,135073,1,2,0,0,22.154021,-100.976028,NA,abstemious,NA,NA,NA,NA,NA,1930,none,hard-worker,none,NA,yellow,40,NA,1.2,82,45+,27.77777777777778,overweight,1,S1: Quieter mixed students,Restaurante Bar El Gallinero,San Luis Potosi,SLP,Wine-Beer,Wine or beer,section,informal,no_accessibility,high,3,familiar,FALSE,closed,none,High | price | Wine or beer | Familiar,0,0,NA,NA,NA
U1024,135051,1,1,0,0,22.154021,-100.976028,NA,abstemious,NA,NA,NA,NA,NA,1930,none,hard-worker,none,NA,yellow,40,NA,1.2,82,45+,27.77777777777778,overweight,1,S1: Quieter mixed students,Restaurante Versalles,San Luis Potosi,SLP,No_Alcohol_Served,No alcohol,section,informal,no_accessibility,low,1,familiar,FALSE,closed,none,Low | price | No alcohol | Familiar,0,0,NA,NA,NA
U1024,135041,1,1,1,0,22.154021,-100.976028,NA,abstemious,NA,NA,NA,NA,NA,1930,none,hard-worker,none,NA,yellow,40,NA,1.2,82,45+,27.77777777777778,overweight,1,S1: Quieter mixed students,Luna Cafe,San Luis Potosi,SLP,Wine-Beer,Wine or beer,none,informal,no_accessibility,medium,2,familiar,FALSE,closed,none,Medium | price | Wine or beer | Familiar,0,0,NA,NA,NA
U1024,135038,1,1,0,0,22.154021,-100.976028,NA,abstemious,NA,NA,NA,NA,NA,1930,none,hard-worker,none,NA,yellow,40,NA,1.2,82,45+,27.77777777777778,overweight,1,S1: Quieter mixed students,Restaurant la Chalita,San Luis Potosi,SLP,No_Alcohol_Served,No alcohol,section,informal,no_accessibility,medium,2,familiar,FALSE,closed,none,Medium | price | No alcohol | Familiar,0,0,NA,NA,NA
U1024,135028,1,1,1,0,22.154021,-100.976028,NA,abstemious,NA,NA,NA,NA,NA,1930,none,hard-worker,none,NA,yellow,40,NA,1.2,82,45+,27.77777777777778,overweight,1,S1: Quieter mixed students,La Virreina,San Luis Potosi,SLP,Wine-Beer,Wine or beer,none,informal,no_accessibility,medium,2,familiar,FALSE,closed,none,Medium | price | Wine or beer | Familiar,0,0,NA,NA,NA
U1024,135030,1,1,1,0,22.154021,-100.976028,NA,abstemious,NA,NA,NA,NA,NA,1930,none,hard-worker,none,NA,yellow,40,NA,1.2,82,45+,27.77777777777778,overweight,1,S1: Quieter mixed students,Preambulo Wifi Zone Cafe,San Luis Potosi,SLP,No_Alcohol_Served,No alcohol,none,informal,no_accessibility,medium,2,quiet,FALSE,closed,Internet,Medium | price | No alcohol | Quiet,0,0,NA,NA,NA
U1132,135038,1,1,1,0,22.15,-100.983,FALSE,casual drinker,informal,solitary,public,single,NA,1991,none,hard-worker,none,student,blue,55,NA,1.6,21,18-24,21.484374999999996,healthy,1,S1: Quieter mixed students,Restaurant la Chalita,San Luis Potosi,SLP,No_Alcohol_Served,No alcohol,section,informal,no_accessibility,medium,2,familiar,FALSE,closed,none,Medium | price | No alcohol | Familiar,0,1,NA,NA,NA
U1132,132825,2,2,2,1,22.15,-100.983,FALSE,casual drinker,informal,solitary,public,single,NA,1991,none,hard-worker,none,student,blue,55,NA,1.6,21,18-24,21.484374999999996,healthy,1,S1: Quieter mixed students,puesto de tacos,s.l.p.,s.l.p.,No_Alcohol_Served,No alcohol,none,informal,completely,low,1,familiar,FALSE,open,none,Low | price | No alcohol | Familiar,1,1,NA,NA,NA
U1132,135085,2,2,2,1,22.15,-100.983,FALSE,casual drinker,informal,solitary,public,single,NA,1991,none,hard-worker,none,student,blue,55,NA,1.6,21,18-24,21.484374999999996,healthy,1,S1: Quieter mixed students,Tortas Locas Hipocampo,San Luis Potosi,SLP,No_Alcohol_Served,No alcohol,not permitted,informal,no_accessibility,medium,2,familiar,FALSE,closed,none,Medium | price | No alcohol | Familiar,0,1,NA,NA,NA
U1132,135062,2,1,1,1,22.15,-100.983,FALSE,casual drinker,informal,solitary,public,single,NA,1991,none,hard-worker,none,student,blue,55,NA,1.6,21,18-24,21.484374999999996,healthy,1,S1: Quieter mixed students,Restaurante El Cielo Potosino,San Luis Potosi,SLP,No_Alcohol_Served,No alcohol,none,informal,no_accessibility,medium,2,familiar,FALSE,closed,none,Medium | price | No alcohol | Familiar,0,1,NA,NA,NA
U1132,135025,1,1,2,0,22.15,-100.983,FALSE,casual drinker,informal,solitary,public,single,NA,1991,none,hard-worker,none,student,blue,55,NA,1.6,21,18-24,21.484374999999996,healthy,1,S1: Quieter mixed students,El Rincon de San Francisco,San Luis Potosi,SLP,No_Alcohol_Served,No alcohol,none,informal,no_accessibility,medium,2,familiar,FALSE,closed,none,Medium | price | No alcohol | Familiar,1,1,NA,NA,NA
U1132,135052,2,2,2,1,22.15,-100.983,FALSE,casual drinker,informal,solitary,public,single,NA,1991,none,hard-worker,none,student,blue,55,NA,1.6,21,18-24,21.484374999999996,healthy,1,S1: Quieter mixed students,La Cantina Restaurante,San Luis Potosi,SLP,Full_Bar,Full bar,none,informal,no_accessibility,high,3,familiar,FALSE,closed,none,High | price | Full bar | Familiar,0,1,NA,NA,NA
U1132,135028,2,2,2,1,22.15,-100.983,FALSE,casual drinker,informal,solitary,public,single,NA,1991,none,hard-worker,none,student,blue,55,NA,1.6,21,18-24,21.484374999999996,healthy,1,S1: Quieter mixed students,La Virreina,San Luis Potosi,SLP,Wine-Beer,Wine or beer,none,informal,no_accessibility,medium,2,familiar,FALSE,closed,none,Medium | price | Wine or beer | Familiar,1,1,NA,NA,NA
U1132,135032,1,0,1,0,22.15,-100.983,FALSE,casual drinker,informal,solitary,public,single,NA,1991,none,hard-worker,none,student,blue,55,NA,1.6,21,18-24,21.484374999999996,healthy,1,S1: Quieter mixed students,Cafeteria y Restaurant El Pacifico,San Luis Potosi,SLP,Wine-Beer,Wine or beer,section,informal,no_accessibility,medium,2,familiar,FALSE,closed,none,Medium | price | Wine or beer | Familiar,0,1,NA,NA,NA
U1132,135051,1,1,0,0,22.15,-100.983,FALSE,casual drinker,informal,solitary,public,single,NA,1991,none,hard-worker,none,student,blue,55,NA,1.6,21,18-24,21.484374999999996,healthy,1,S1: Quieter mixed students,Restaurante Versalles,San Luis Potosi,SLP,No_Alcohol_Served,No alcohol,section,informal,no_accessibility,low,1,familiar,FALSE,closed,none,Low | price | No alcohol | Familiar,0,1,NA,NA,NA
U1132,135027,2,1,0,1,22.15,-100.983,FALSE,casual drinker,informal,solitary,public,single,NA,1991,none,hard-worker,none,student,blue,55,NA,1.6,21,18-24,21.484374999999996,healthy,1,S1: Quieter mixed students,Restaurant Orizatlan,San Luis Potosi,SLP,Wine-Beer,Wine or beer,none,informal,no_accessibility,medium,2,familiar,FALSE,closed,none,Medium | price | Wine or beer | Familiar,1,1,NA,NA,NA
U1005,135050,1,2,1,0,22.183477,-100.959891,FALSE,abstemious,no preference,family,public,single,independent,1992,none,thrifty-protector,Catholic,student,black,65,medium,1.69,20,18-24,22.758306781975424,healthy,1,S1: Quieter mixed students,Restaurante la Estrella de Dima,Soledad,SLP,Wine-Beer,Wine or beer,none,informal,no_accessibility,high,3,familiar,FALSE,closed,none,High | price | Wine or beer | Familiar,0,1,2,0,above stated budget
U1005,135076,2,2,1,1,22.183477,-100.959891,FALSE,abstemious,no preference,family,public,single,independent,1992,none,thrifty-protector,Catholic,student,black,65,medium,1.69,20,18-24,22.758306781975424,healthy,1,S1: Quieter mixed students,Restaurante Pueblo Bonito,San Luis Potosi,SLP,Wine-Beer,Wine or beer,none,informal,no_accessibility,high,3,familiar,FALSE,closed,none,High | price | Wine or beer | Familiar,0,1,2,0,above stated budget
U1005,132830,1,1,0,0,22.183477,-100.959891,FALSE,abstemious,no preference,family,public,single,independent,1992,none,thrifty-protector,Catholic,student,black,65,medium,1.69,20,18-24,22.758306781975424,healthy,1,S1: Quieter mixed students,Rincon Huasteco,NA,NA,No_Alcohol_Served,No alcohol,none,informal,completely,low,1,familiar,FALSE,closed,none,Low | price | No alcohol | Familiar,0,0,2,1,below stated budget
U1005,135066,2,1,1,1,22.183477,-100.959891,FALSE,abstemious,no preference,family,public,single,independent,1992,none,thrifty-protector,Catholic,student,black,65,medium,1.69,20,18-24,22.758306781975424,healthy,1,S1: Quieter mixed students,Restaurante Guerra,San Luis Potosi,SLP,Wine-Beer,Wine or beer,section,informal,no_accessibility,high,3,familiar,FALSE,closed,none,High | price | Wine or beer | Familiar,0,1,2,0,above stated budget
U1005,135041,1,1,1,0,22.183477,-100.959891,FALSE,abstemious,no preference,family,public,single,independent,1992,none,thrifty-protector,Catholic,student,black,65,medium,1.69,20,18-24,22.758306781975424,healthy,1,S1: Quieter mixed students,Luna Cafe,San Luis Potosi,SLP,Wine-Beer,Wine or beer,none,informal,no_accessibility,medium,2,familiar,FALSE,closed,none,Medium | price | Wine or beer | Familiar,0,1,2,1,matches stated budget
U1005,135057,1,2,1,0,22.183477,-100.959891,FALSE,abstemious,no preference,family,public,single,independent,1992,none,thrifty-protector,Catholic,student,black,65,medium,1.69,20,18-24,22.758306781975424,healthy,1,S1: Quieter mixed students,El Herradero Restaurante and Bar,San Luis Potosi,SLP,Wine-Beer,Wine or beer,section,informal,no_accessibility,medium,2,familiar,FALSE,closed,none,Medium | price | Wine or beer | Familiar,0,1,2,1,matches stated budget
U1005,135043,0,2,0,0,22.183477,-100.959891,FALSE,abstemious,no preference,family,public,single,independent,1992,none,thrifty-protector,Catholic,student,black,65,medium,1.69,20,18-24,22.758306781975424,healthy,1,S1: Quieter mixed students,pizza clasica,Soledad,SLP,No_Alcohol_Served,No alcohol,none,informal,no_accessibility,medium,2,familiar,FALSE,closed,none,Medium | price | No alcohol | Familiar,0,1,2,1,matches stated budget
U1005,135042,2,1,2,1,22.183477,-100.959891,FALSE,abstemious,no preference,family,public,single,independent,1992,none,thrifty-protector,Catholic,student,black,65,medium,1.69,20,18-24,22.758306781975424,healthy,1,S1: Quieter mixed students,Restaurant Oriental Express,San Luis Potosi,SLP,No_Alcohol_Served,No alcohol,none,informal,no_accessibility,medium,2,familiar,FALSE,closed,none,Medium | price | No alcohol | Familiar,0,1,2,1,matches stated budget
U1005,135032,2,1,2,1,22.183477,-100.959891,FALSE,abstemious,no preference,family,public,single,independent,1992,none,thrifty-protector,Catholic,student,black,65,medium,1.69,20,18-24,22.758306781975424,healthy,1,S1: Quieter mixed students,Cafeteria y Restaurant El Pacifico,San Luis Potosi,SLP,Wine-Beer,Wine or beer,section,informal,no_accessibility,medium,2,familiar,FALSE,closed,none,Medium | price | Wine or beer | Familiar,0,1,2,1,matches stated budget
U1120,135085,0,0,0,0,22.121857,-100.904279,FALSE,abstemious,informal,friends,public,single,independent,1930,variety,hard-worker,none,student,green,47,low,1.57,82,45+,19.067710657633167,healthy,1,S1: Quieter mixed students,Tortas Locas Hipocampo,San Luis Potosi,SLP,No_Alcohol_Served,No alcohol,not permitted,informal,no_accessibility,medium,2,familiar,FALSE,closed,none,Medium | price | No alcohol | Familiar,0,1,1,0,above stated budget
U1120,132845,1,0,2,0,22.121857,-100.904279,FALSE,abstemious,informal,friends,public,single,independent,1930,variety,hard-worker,none,student,green,47,low,1.57,82,45+,19.067710657633167,healthy,1,S1: Quieter mixed students,Cenaduria El RincÃ³n de Tlaquepaque,san luis potosi,san luis potosi,No_Alcohol_Served,No alcohol,none,informal,no_accessibility,medium,2,familiar,FALSE,closed,none,Medium | price | No alcohol | Familiar,1,1,1,0,above stated budget
U1120,135032,1,1,1,0,22.121857,-100.904279,FALSE,abstemious,informal,friends,public,single,independent,1930,variety,hard-worker,none,student,green,47,low,1.57,82,45+,19.067710657633167,healthy,1,S1: Quieter mixed students,Cafeteria y Restaurant El Pacifico,San Luis Potosi,SLP,Wine-Beer,Wine or beer,section,informal,no_accessibility,medium,2,familiar,FALSE,closed,none,Medium | price | Wine or beer | Familiar,0,1,1,0,above stated budget
U1120,135045,1,2,2,0,22.121857,-100.904279,FALSE,abstemious,informal,friends,public,single,independent,1930,variety,hard-worker,none,student,green,47,low,1.57,82,45+,19.067710657633167,healthy,1,S1: Quieter mixed students,Restaurante la Gran Via,San Luis Potosi,SLP,Wine-Beer,Wine or beer,none,casual,no_accessibility,high,3,familiar,FALSE,closed,none,High | price | Wine or beer | Familiar,0,1,1,0,above stated budget
U1120,135038,0,0,0,0,22.121857,-100.904279,FALSE,abstemious,informal,friends,public,single,independent,1930,variety,hard-worker,none,student,green,47,low,1.57,82,45+,19.067710657633167,healthy,1,S1: Quieter mixed students,Restaurant la Chalita,San Luis Potosi,SLP,No_Alcohol_Served,No alcohol,section,informal,no_accessibility,medium,2,familiar,FALSE,closed,none,Medium | price | No alcohol | Familiar,0,1,1,0,above stated budget
U1004,135060,1,1,1,0,18.867,-99.183,FALSE,abstemious,informal,family,public,single,independent,1940,variety,hard-worker,none,professional,green,44,medium,1.53,72,45+,18.79618949976505,healthy,1,S1: Quieter mixed students,Restaurante Marisco Sam,San Luis Potosi,SLP,No_Alcohol_Served,No alcohol,none,informal,no_accessibility,medium,2,familiar,FALSE,closed,none,Medium | price | No alcohol | Familiar,0,1,2,1,matches stated budget
U1004,135028,2,2,2,1,18.867,-99.183,FALSE,abstemious,informal,family,public,single,independent,1940,variety,hard-worker,none,professional,green,44,medium,1.53,72,45+,18.79618949976505,healthy,1,S1: Quieter mixed students,La Virreina,San Luis Potosi,SLP,Wine-Beer,Wine or beer,none,informal,no_accessibility,medium,2,familiar,FALSE,closed,none,Medium | price | Wine or beer | Familiar,1,1,2,1,matches stated budget
U1004,135106,2,2,2,1,18.867,-99.183,FALSE,abstemious,informal,family,public,single,independent,1940,variety,hard-worker,none,professional,green,44,medium,1.53,72,45+,18.79618949976505,healthy,1,S1: Quieter mixed students,El Rincón de San Francisco,San Luis Potosi,San Luis Potosi,Wine-Beer,Wine or beer,only at bar,informal,partially,medium,2,familiar,FALSE,open,none,Medium | price | Wine or beer | Familiar,1,1,2,1,matches stated budget
U1120,135057,2,2,2,1,22.121857,-100.904279,FALSE,abstemious,informal,friends,public,single,independent,1930,variety,hard-worker,none,student,green,47,low,1.57,82,45+,19.067710657633167,healthy,1,S1: Quieter mixed students,El Herradero Restaurante and Bar,San Luis Potosi,SLP,Wine-Beer,Wine or beer,section,informal,no_accessibility,medium,2,familiar,FALSE,closed,none,Medium | price | Wine or beer | Familiar,0,1,1,0,above stated budget
U1004,135062,2,2,1,1,18.867,-99.183,FALSE,abstemious,informal,family,public,single,independent,1940,variety,hard-worker,none,professional,green,44,medium,1.53,72,45+,18.79618949976505,healthy,1,S1: Quieter mixed students,Restaurante El Cielo Potosino,San Luis Potosi,SLP,No_Alcohol_Served,No alcohol,none,informal,no_accessibility,medium,2,familiar,FALSE,closed,none,Medium | price | No alcohol | Familiar,0,1,2,1,matches stated budget
U1120,135026,1,1,1,0,22.121857,-100.904279,FALSE,abstemious,informal,friends,public,single,independent,1930,variety,hard-worker,none,student,green,47,low,1.57,82,45+,19.067710657633167,healthy,1,S1: Quieter mixed students,la Cantina,San Luis Potosi,SLP,Full_Bar,Full bar,none,informal,no_accessibility,high,3,familiar,FALSE,closed,none,High | price | Full bar | Familiar,0,0,1,0,above stated budget
U1004,135032,2,2,2,1,18.867,-99.183,FALSE,abstemious,informal,family,public,single,independent,1940,variety,hard-worker,none,professional,green,44,medium,1.53,72,45+,18.79618949976505,healthy,1,S1: Quieter mixed students,Cafeteria y Restaurant El Pacifico,San Luis Potosi,SLP,Wine-Beer,Wine or beer,section,informal,no_accessibility,medium,2,familiar,FALSE,closed,none,Medium | price | Wine or beer | Familiar,1,1,2,1,matches stated budget
U1120,132846,2,2,1,1,22.121857,-100.904279,FALSE,abstemious,informal,friends,public,single,independent,1930,variety,hard-worker,none,student,green,47,low,1.57,82,45+,19.067710657633167,healthy,1,S1: Quieter mixed students,el lechon potosino,san luis potosi,slp,No_Alcohol_Served,No alcohol,permitted,casual,no_accessibility,low,1,familiar,FALSE,open,none,Low | price | No alcohol | Familiar,0,1,1,1,matches stated budget
U1077,135027,0,1,1,0,22.156469,-100.98554,FALSE,social drinker,elegant,family,public,married,kids,1987,technology,thrifty-protector,Catholic,student,blue,65,medium,1.71,25,25-34,22.229061933586404,healthy,3,S3: Tech-focused students,Restaurant Orizatlan,San Luis Potosi,SLP,Wine-Beer,Wine or beer,none,informal,no_accessibility,medium,2,familiar,FALSE,closed,none,Medium | price | Wine or beer | Familiar,1,1,2,1,matches stated budget
U1120,132847,2,2,2,1,22.121857,-100.904279,FALSE,abstemious,informal,friends,public,single,independent,1930,variety,hard-worker,none,student,green,47,low,1.57,82,45+,19.067710657633167,healthy,1,S1: Quieter mixed students,don burguers,slp,slp,No_Alcohol_Served,No alcohol,none,informal,no_accessibility,low,1,familiar,FALSE,open,none,Low | price | No alcohol | Familiar,0,1,1,1,matches stated budget
U1037,135054,2,1,1,1,22.15031,-100.900536,FALSE,social drinker,no preference,family,public,single,independent,1990,variety,thrifty-protector,Catholic,student,blue,52,low,1.5,22,18-24,23.11111111111111,healthy,1,S1: Quieter mixed students,Restaurante y Pescaderia Tampico,San Luis Potosi,SLP,No_Alcohol_Served,No alcohol,none,informal,no_accessibility,high,3,familiar,FALSE,closed,none,High | price | No alcohol | Familiar,0,1,1,0,above stated budget
U1037,135082,0,0,0,0,22.15031,-100.900536,FALSE,social drinker,no preference,family,public,single,independent,1990,variety,thrifty-protector,Catholic,student,blue,52,low,1.5,22,18-24,23.11111111111111,healthy,1,S1: Quieter mixed students,la Estrella de Dimas,San Luis Potosi,SLP,No_Alcohol_Served,No alcohol,none,informal,no_accessibility,medium,2,familiar,FALSE,closed,none,Medium | price | No alcohol | Familiar,0,1,1,0,above stated budget
U1037,135070,0,0,0,0,22.15031,-100.900536,FALSE,social drinker,no preference,family,public,single,independent,1990,variety,thrifty-protector,Catholic,student,blue,52,low,1.5,22,18-24,23.11111111111111,healthy,1,S1: Quieter mixed students,Restaurante 75,San Luis Potosi,SLP,No_Alcohol_Served,No alcohol,none,informal,no_accessibility,medium,2,familiar,FALSE,closed,none,Medium | price | No alcohol | Familiar,0,1,1,0,above stated budget
U1037,132845,0,0,0,0,22.15031,-100.900536,FALSE,social drinker,no preference,family,public,single,independent,1990,variety,thrifty-protector,Catholic,student,blue,52,low,1.5,22,18-24,23.11111111111111,healthy,1,S1: Quieter mixed students,Cenaduria El RincÃ³n de Tlaquepaque,san luis potosi,san luis potosi,No_Alcohol_Served,No alcohol,none,informal,no_accessibility,medium,2,familiar,FALSE,closed,none,Medium | price | No alcohol | Familiar,1,1,1,0,above stated budget
U1037,135108,2,2,2,1,22.15031,-100.900536,FALSE,social drinker,no preference,family,public,single,independent,1990,variety,thrifty-protector,Catholic,student,blue,52,low,1.5,22,18-24,23.11111111111111,healthy,1,S1: Quieter mixed students,Potzocalli,San Luis Potosi,NA,No_Alcohol_Served,No alcohol,none,informal,completely,low,1,familiar,FALSE,closed,none,Low | price | No alcohol | Familiar,0,0,1,1,matches stated budget
U1037,132847,1,1,1,0,22.15031,-100.900536,FALSE,social drinker,no preference,family,public,single,independent,1990,variety,thrifty-protector,Catholic,student,blue,52,low,1.5,22,18-24,23.11111111111111,healthy,1,S1: Quieter mixed students,don burguers,slp,slp,No_Alcohol_Served,No alcohol,none,informal,no_accessibility,low,1,familiar,FALSE,open,none,Low | price | No alcohol | Familiar,0,1,1,1,matches stated budget
U1037,132830,2,2,2,1,22.15031,-100.900536,FALSE,social drinker,no preference,family,public,single,independent,1990,variety,thrifty-protector,Catholic,student,blue,52,low,1.5,22,18-24,23.11111111111111,healthy,1,S1: Quieter mixed students,Rincon Huasteco,NA,NA,No_Alcohol_Served,No alcohol,none,informal,completely,low,1,familiar,FALSE,closed,none,Low | price | No alcohol | Familiar,0,0,1,1,matches stated budget
U1035,135000,2,2,2,1,18.839671,-99.223897,TRUE,casual drinker,no preference,friends,car owner,single,independent,1985,variety,hunter-ostentatious,none,student,red,69,medium,1.75,27,25-34,22.53061224489796,healthy,2,S2: Mobile social students,Restaurant los Pinos,Cuernavaca,Morelos,No_Alcohol_Served,No alcohol,none,informal,no_accessibility,medium,2,familiar,FALSE,closed,none,Medium | price | No alcohol | Familiar,0,1,2,1,matches stated budget
U1035,134996,2,1,2,1,18.839671,-99.223897,TRUE,casual drinker,no preference,friends,car owner,single,independent,1985,variety,hunter-ostentatious,none,student,red,69,medium,1.75,27,25-34,22.53061224489796,healthy,2,S2: Mobile social students,Sanborns Casa Piedra,Cuernavaca,Morelos,Wine-Beer,Wine or beer,only at bar,informal,no_accessibility,medium,2,familiar,TRUE,closed,Internet,Medium | price | Wine or beer | Familiar,0,1,2,1,matches stated budget
U1035,134986,2,2,2,1,18.839671,-99.223897,TRUE,casual drinker,no preference,friends,car owner,single,independent,1985,variety,hunter-ostentatious,none,student,red,69,medium,1.75,27,25-34,22.53061224489796,healthy,2,S2: Mobile social students,Restaurant Las Mananitas,Cuernavaca,Morelos,Wine-Beer,Wine or beer,none,formal,no_accessibility,high,3,familiar,FALSE,closed,none,High | price | Wine or beer | Familiar,0,0,2,0,above stated budget
U1052,132851,1,0,2,0,22.138055,-100.936005,TRUE,social drinker,no preference,family,on foot,single,independent,1990,none,conformist,Catholic,student,blue,85,low,1.8,22,18-24,26.234567901234566,overweight,2,S2: Mobile social students,KFC,San Luis Potosi,San Luis Potosi,No_Alcohol_Served,No alcohol,not permitted,informal,completely,low,1,familiar,FALSE,closed,none,Low | price | No alcohol | Familiar,0,1,1,1,matches stated budget
U1036,132834,1,2,2,0,22.160572,-100.989418,FALSE,social drinker,informal,family,public,single,independent,1991,none,hard-worker,Catholic,student,blue,76,medium,1.7,21,18-24,26.29757785467128,overweight,1,S1: Quieter mixed students,Gorditas Doa Gloria,san luis potosi,san luis potosi,No_Alcohol_Served,No alcohol,not permitted,casual,no_accessibility,low,1,familiar,FALSE,closed,none,Low | price | No alcohol | Familiar,1,1,2,1,below stated budget
U1036,135064,2,2,1,1,22.160572,-100.989418,FALSE,social drinker,informal,family,public,single,independent,1991,none,hard-worker,Catholic,student,blue,76,medium,1.7,21,18-24,26.29757785467128,overweight,1,S1: Quieter mixed students,Restaurante El Chivero S.A. de C.V.,San Luis Potosi,SLP,No_Alcohol_Served,No alcohol,none,informal,no_accessibility,high,3,familiar,FALSE,closed,none,High | price | No alcohol | Familiar,0,1,2,0,above stated budget
U1036,135079,2,2,2,1,22.160572,-100.989418,FALSE,social drinker,informal,family,public,single,independent,1991,none,hard-worker,Catholic,student,blue,76,medium,1.7,21,18-24,26.29757785467128,overweight,1,S1: Quieter mixed students,Koye Sushi,San Luis Potosi,SLP,No_Alcohol_Served,No alcohol,none,informal,no_accessibility,high,3,familiar,FALSE,closed,none,High | price | No alcohol | Familiar,0,1,2,0,above stated budget
U1036,135042,2,2,2,1,22.160572,-100.989418,FALSE,social drinker,informal,family,public,single,independent,1991,none,hard-worker,Catholic,student,blue,76,medium,1.7,21,18-24,26.29757785467128,overweight,1,S1: Quieter mixed students,Restaurant Oriental Express,San Luis Potosi,SLP,No_Alcohol_Served,No alcohol,none,informal,no_accessibility,medium,2,familiar,FALSE,closed,none,Medium | price | No alcohol | Familiar,0,1,2,1,matches stated budget
U1036,135085,2,2,2,1,22.160572,-100.989418,FALSE,social drinker,informal,family,public,single,independent,1991,none,hard-worker,Catholic,student,blue,76,medium,1.7,21,18-24,26.29757785467128,overweight,1,S1: Quieter mixed students,Tortas Locas Hipocampo,San Luis Potosi,SLP,No_Alcohol_Served,No alcohol,not permitted,informal,no_accessibility,medium,2,familiar,FALSE,closed,none,Medium | price | No alcohol | Familiar,0,1,2,1,matches stated budget
U1036,135025,2,2,2,1,22.160572,-100.989418,FALSE,social drinker,informal,family,public,single,independent,1991,none,hard-worker,Catholic,student,blue,76,medium,1.7,21,18-24,26.29757785467128,overweight,1,S1: Quieter mixed students,El Rincon de San Francisco,San Luis Potosi,SLP,No_Alcohol_Served,No alcohol,none,informal,no_accessibility,medium,2,familiar,FALSE,closed,none,Medium | price | No alcohol | Familiar,1,1,2,1,matches stated budget
U1036,132825,2,2,2,1,22.160572,-100.989418,FALSE,social drinker,informal,family,public,single,independent,1991,none,hard-worker,Catholic,student,blue,76,medium,1.7,21,18-24,26.29757785467128,overweight,1,S1: Quieter mixed students,puesto de tacos,s.l.p.,s.l.p.,No_Alcohol_Served,No alcohol,none,informal,completely,low,1,familiar,FALSE,open,none,Low | price | No alcohol | Familiar,1,1,2,1,below stated budget
U1036,135059,2,2,2,1,22.160572,-100.989418,FALSE,social drinker,informal,family,public,single,independent,1991,none,hard-worker,Catholic,student,blue,76,medium,1.7,21,18-24,26.29757785467128,overweight,1,S1: Quieter mixed students,Restaurant Bar Hacienda los Martinez,San Luis Potosi,SLP,Wine-Beer,Wine or beer,section,informal,no_accessibility,medium,2,familiar,FALSE,closed,none,Medium | price | Wine or beer | Familiar,0,1,2,1,matches stated budget
U1036,135052,2,2,2,1,22.160572,-100.989418,FALSE,social drinker,informal,family,public,single,independent,1991,none,hard-worker,Catholic,student,blue,76,medium,1.7,21,18-24,26.29757785467128,overweight,1,S1: Quieter mixed students,La Cantina Restaurante,San Luis Potosi,SLP,Full_Bar,Full bar,none,informal,no_accessibility,high,3,familiar,FALSE,closed,none,High | price | Full bar | Familiar,0,1,2,0,above stated budget
U1036,132754,2,2,2,1,22.160572,-100.989418,FALSE,social drinker,informal,family,public,single,independent,1991,none,hard-worker,Catholic,student,blue,76,medium,1.7,21,18-24,26.29757785467128,overweight,1,S1: Quieter mixed students,Cabana Huasteca,San Luis Potosi,S.L.P.,No_Alcohol_Served,No alcohol,none,informal,partially,medium,2,familiar,FALSE,closed,none,Medium | price | No alcohol | Familiar,1,1,2,1,matches stated budget
U1036,135065,0,0,0,0,22.160572,-100.989418,FALSE,social drinker,informal,family,public,single,independent,1991,none,hard-worker,Catholic,student,blue,76,medium,1.7,21,18-24,26.29757785467128,overweight,1,S1: Quieter mixed students,El angel Restaurante,San Luis Potosi,SLP,Wine-Beer,Wine or beer,section,informal,no_accessibility,high,3,familiar,FALSE,closed,none,High | price | Wine or beer | Familiar,0,1,2,0,above stated budget
U1036,135045,2,2,2,1,22.160572,-100.989418,FALSE,social drinker,informal,family,public,single,independent,1991,none,hard-worker,Catholic,student,blue,76,medium,1.7,21,18-24,26.29757785467128,overweight,1,S1: Quieter mixed students,Restaurante la Gran Via,San Luis Potosi,SLP,Wine-Beer,Wine or beer,none,casual,no_accessibility,high,3,familiar,FALSE,closed,none,High | price | Wine or beer | Familiar,0,1,2,0,above stated budget
U1038,132854,1,2,2,0,22.125786,-100.943705,TRUE,social drinker,no preference,family,public,single,independent,1930,variety,thrifty-protector,Catholic,student,blue,97,low,1.83,82,45+,28.964734689002356,overweight,2,S2: Mobile social students,Sirlone,San Luis Potosi,San Luis Potosi,Wine-Beer,Wine or beer,none,informal,completely,medium,2,familiar,FALSE,closed,none,Medium | price | Wine or beer | Familiar,0,1,1,0,above stated budget
U1038,132856,0,1,1,0,22.125786,-100.943705,TRUE,social drinker,no preference,family,public,single,independent,1930,variety,thrifty-protector,Catholic,student,blue,97,low,1.83,82,45+,28.964734689002356,overweight,2,S2: Mobile social students,Unicols Pizza,San Luis Potosi,San Luis Potosi,Wine-Beer,Wine or beer,none,informal,completely,low,1,familiar,FALSE,closed,none,Low | price | Wine or beer | Familiar,0,1,1,1,matches stated budget
U1038,132858,0,2,1,0,22.125786,-100.943705,TRUE,social drinker,no preference,family,public,single,independent,1930,variety,thrifty-protector,Catholic,student,blue,97,low,1.83,82,45+,28.964734689002356,overweight,2,S2: Mobile social students,Hamburguesas Valle Dorado,San Luis Potosi,San Luis Potosi,No_Alcohol_Served,No alcohol,none,informal,completely,low,1,familiar,FALSE,closed,none,Low | price | No alcohol | Familiar,0,1,1,1,matches stated budget
U1038,132861,1,1,2,0,22.125786,-100.943705,TRUE,social drinker,no preference,family,public,single,independent,1930,variety,thrifty-protector,Catholic,student,blue,97,low,1.83,82,45+,28.964734689002356,overweight,2,S2: Mobile social students,Carls Jr,San Luis Potosi,San Luis Potosi,No_Alcohol_Served,No alcohol,not permitted,informal,completely,medium,2,familiar,TRUE,closed,none,Medium | price | No alcohol | Familiar,0,1,1,0,above stated budget
U1038,132862,2,2,2,1,22.125786,-100.943705,TRUE,social drinker,no preference,family,public,single,independent,1930,variety,thrifty-protector,Catholic,student,blue,97,low,1.83,82,45+,28.964734689002356,overweight,2,S2: Mobile social students,La Posada del Virrey,San Luis Potosi,San Luis Potosi,Wine-Beer,Wine or beer,none,casual,completely,high,3,familiar,FALSE,closed,none,High | price | Wine or beer | Familiar,0,1,1,0,above stated budget
U1071,132862,2,2,2,1,22.154339,-100.975342,FALSE,abstemious,formal,friends,car owner,single,independent,1930,none,hunter-ostentatious,none,student,blue,40,high,1.73,82,45+,13.364963747535834,underweight,2,S2: Mobile social students,La Posada del Virrey,San Luis Potosi,San Luis Potosi,Wine-Beer,Wine or beer,none,casual,completely,high,3,familiar,FALSE,closed,none,High | price | Wine or beer | Familiar,0,1,3,1,matches stated budget
U1071,135063,2,1,2,1,22.154339,-100.975342,FALSE,abstemious,formal,friends,car owner,single,independent,1930,none,hunter-ostentatious,none,student,blue,40,high,1.73,82,45+,13.364963747535834,underweight,2,S2: Mobile social students,Restaurante Alhondiga,San Luis Potosi,SLP,No_Alcohol_Served,No alcohol,none,informal,no_accessibility,medium,2,familiar,FALSE,closed,none,Medium | price | No alcohol | Familiar,0,1,3,1,below stated budget
U1071,135052,2,2,2,1,22.154339,-100.975342,FALSE,abstemious,formal,friends,car owner,single,independent,1930,none,hunter-ostentatious,none,student,blue,40,high,1.73,82,45+,13.364963747535834,underweight,2,S2: Mobile social students,La Cantina Restaurante,San Luis Potosi,SLP,Full_Bar,Full bar,none,informal,no_accessibility,high,3,familiar,FALSE,closed,none,High | price | Full bar | Familiar,0,1,3,1,matches stated budget
U1071,135060,1,2,2,0,22.154339,-100.975342,FALSE,abstemious,formal,friends,car owner,single,independent,1930,none,hunter-ostentatious,none,student,blue,40,high,1.73,82,45+,13.364963747535834,underweight,2,S2: Mobile social students,Restaurante Marisco Sam,San Luis Potosi,SLP,No_Alcohol_Served,No alcohol,none,informal,no_accessibility,medium,2,familiar,FALSE,closed,none,Medium | price | No alcohol | Familiar,0,1,3,1,below stated budget
U1071,135042,2,2,2,1,22.154339,-100.975342,FALSE,abstemious,formal,friends,car owner,single,independent,1930,none,hunter-ostentatious,none,student,blue,40,high,1.73,82,45+,13.364963747535834,underweight,2,S2: Mobile social students,Restaurant Oriental Express,San Luis Potosi,SLP,No_Alcohol_Served,No alcohol,none,informal,no_accessibility,medium,2,familiar,FALSE,closed,none,Medium | price | No alcohol | Familiar,0,1,3,1,below stated budget
U1071,132825,2,2,2,1,22.154339,-100.975342,FALSE,abstemious,formal,friends,car owner,single,independent,1930,none,hunter-ostentatious,none,student,blue,40,high,1.73,82,45+,13.364963747535834,underweight,2,S2: Mobile social students,puesto de tacos,s.l.p.,s.l.p.,No_Alcohol_Served,No alcohol,none,informal,completely,low,1,familiar,FALSE,open,none,Low | price | No alcohol | Familiar,1,1,3,1,below stated budget
U1071,132856,2,2,2,1,22.154339,-100.975342,FALSE,abstemious,formal,friends,car owner,single,independent,1930,none,hunter-ostentatious,none,student,blue,40,high,1.73,82,45+,13.364963747535834,underweight,2,S2: Mobile social students,Unicols Pizza,San Luis Potosi,San Luis Potosi,Wine-Beer,Wine or beer,none,informal,completely,low,1,familiar,FALSE,closed,none,Low | price | Wine or beer | Familiar,0,1,3,1,below stated budget
U1071,135032,2,2,2,1,22.154339,-100.975342,FALSE,abstemious,formal,friends,car owner,single,independent,1930,none,hunter-ostentatious,none,student,blue,40,high,1.73,82,45+,13.364963747535834,underweight,2,S2: Mobile social students,Cafeteria y Restaurant El Pacifico,San Luis Potosi,SLP,Wine-Beer,Wine or beer,section,informal,no_accessibility,medium,2,familiar,FALSE,closed,none,Medium | price | Wine or beer | Familiar,0,1,3,1,below stated budget
U1071,132834,1,1,1,0,22.154339,-100.975342,FALSE,abstemious,formal,friends,car owner,single,independent,1930,none,hunter-ostentatious,none,student,blue,40,high,1.73,82,45+,13.364963747535834,underweight,2,S2: Mobile social students,Gorditas Doa Gloria,san luis potosi,san luis potosi,No_Alcohol_Served,No alcohol,not permitted,casual,no_accessibility,low,1,familiar,FALSE,closed,none,Low | price | No alcohol | Familiar,1,1,3,1,below stated budget
U1071,135039,2,2,2,1,22.154339,-100.975342,FALSE,abstemious,formal,friends,car owner,single,independent,1930,none,hunter-ostentatious,none,student,blue,40,high,1.73,82,45+,13.364963747535834,underweight,2,S2: Mobile social students,Restaurant de Mariscos de Picon,San Luis Potosi,SLP,No_Alcohol_Served,No alcohol,section,informal,no_accessibility,low,1,familiar,FALSE,closed,none,Low | price | No alcohol | Familiar,0,1,3,1,below stated budget
U1071,135028,2,2,2,1,22.154339,-100.975342,FALSE,abstemious,formal,friends,car owner,single,independent,1930,none,hunter-ostentatious,none,student,blue,40,high,1.73,82,45+,13.364963747535834,underweight,2,S2: Mobile social students,La Virreina,San Luis Potosi,SLP,Wine-Beer,Wine or beer,none,informal,no_accessibility,medium,2,familiar,FALSE,closed,none,Medium | price | Wine or beer | Familiar,1,1,3,1,below stated budget
U1071,135025,2,2,2,1,22.154339,-100.975342,FALSE,abstemious,formal,friends,car owner,single,independent,1930,none,hunter-ostentatious,none,student,blue,40,high,1.73,82,45+,13.364963747535834,underweight,2,S2: Mobile social students,El Rincon de San Francisco,San Luis Potosi,SLP,No_Alcohol_Served,No alcohol,none,informal,no_accessibility,medium,2,familiar,FALSE,closed,none,Medium | price | No alcohol | Familiar,1,1,3,1,below stated budget
U1071,135030,2,2,2,1,22.154339,-100.975342,FALSE,abstemious,formal,friends,car owner,single,independent,1930,none,hunter-ostentatious,none,student,blue,40,high,1.73,82,45+,13.364963747535834,underweight,2,S2: Mobile social students,Preambulo Wifi Zone Cafe,San Luis Potosi,SLP,No_Alcohol_Served,No alcohol,none,informal,no_accessibility,medium,2,quiet,FALSE,closed,Internet,Medium | price | No alcohol | Quiet,0,1,3,1,below stated budget
U1114,135053,0,0,0,0,22.177726,-101.014094,FALSE,abstemious,no preference,family,on foot,single,independent,1991,variety,hard-worker,Catholic,student,blue,58,medium,1.68,21,18-24,20.549886621315196,healthy,1,S1: Quieter mixed students,La Fontana Pizza Restaurante and Cafe,San Luis Potosi,SLP,No_Alcohol_Served,No alcohol,section,informal,no_accessibility,high,3,familiar,FALSE,closed,none,High | price | No alcohol | Familiar,0,1,2,0,above stated budget
U1084,135058,1,0,2,0,22.172524,-101.005758,TRUE,casual drinker,formal,family,public,single,independent,1991,variety,thrifty-protector,Catholic,student,red,65,medium,1.6,21,18-24,25.390624999999996,overweight,3,S3: Tech-focused students,Restaurante Tiberius,San Luis Potosi,SLP,No_Alcohol_Served,No alcohol,none,informal,no_accessibility,medium,2,familiar,TRUE,closed,none,Medium | price | No alcohol | Familiar,0,1,2,1,matches stated budget
U1084,132862,2,2,2,1,22.172524,-101.005758,TRUE,casual drinker,formal,family,public,single,independent,1991,variety,thrifty-protector,Catholic,student,red,65,medium,1.6,21,18-24,25.390624999999996,overweight,3,S3: Tech-focused students,La Posada del Virrey,San Luis Potosi,San Luis Potosi,Wine-Beer,Wine or beer,none,casual,completely,high,3,familiar,FALSE,closed,none,High | price | Wine or beer | Familiar,0,1,2,0,above stated budget
U1084,135072,2,2,2,1,22.172524,-101.005758,TRUE,casual drinker,formal,family,public,single,independent,1991,variety,thrifty-protector,Catholic,student,red,65,medium,1.6,21,18-24,25.390624999999996,overweight,3,S3: Tech-focused students,Sushi Itto,San Luis Potosi,SLP,No_Alcohol_Served,No alcohol,none,informal,no_accessibility,medium,2,familiar,FALSE,closed,none,Medium | price | No alcohol | Familiar,0,1,2,1,matches stated budget
U1084,135030,2,2,2,1,22.172524,-101.005758,TRUE,casual drinker,formal,family,public,single,independent,1991,variety,thrifty-protector,Catholic,student,red,65,medium,1.6,21,18-24,25.390624999999996,overweight,3,S3: Tech-focused students,Preambulo Wifi Zone Cafe,San Luis Potosi,SLP,No_Alcohol_Served,No alcohol,none,informal,no_accessibility,medium,2,quiet,FALSE,closed,Internet,Medium | price | No alcohol | Quiet,0,1,2,1,matches stated budget
U1084,135026,2,2,2,1,22.172524,-101.005758,TRUE,casual drinker,formal,family,public,single,independent,1991,variety,thrifty-protector,Catholic,student,red,65,medium,1.6,21,18-24,25.390624999999996,overweight,3,S3: Tech-focused students,la Cantina,San Luis Potosi,SLP,Full_Bar,Full bar,none,informal,no_accessibility,high,3,familiar,FALSE,closed,none,High | price | Full bar | Familiar,0,0,2,0,above stated budget
U1084,135035,2,2,2,1,22.172524,-101.005758,TRUE,casual drinker,formal,family,public,single,independent,1991,variety,thrifty-protector,Catholic,student,red,65,medium,1.6,21,18-24,25.390624999999996,overweight,3,S3: Tech-focused students,El Mundo de la Pasta,San Luis Potosi,SLP,No_Alcohol_Served,No alcohol,section,informal,no_accessibility,high,3,familiar,FALSE,closed,none,High | price | No alcohol | Familiar,0,1,2,0,above stated budget
U1084,135045,2,2,2,1,22.172524,-101.005758,TRUE,casual drinker,formal,family,public,single,independent,1991,variety,thrifty-protector,Catholic,student,red,65,medium,1.6,21,18-24,25.390624999999996,overweight,3,S3: Tech-focused students,Restaurante la Gran Via,San Luis Potosi,SLP,Wine-Beer,Wine or beer,none,casual,no_accessibility,high,3,familiar,FALSE,closed,none,High | price | Wine or beer | Familiar,0,1,2,0,above stated budget
U1084,132861,2,2,2,1,22.172524,-101.005758,TRUE,casual drinker,formal,family,public,single,independent,1991,variety,thrifty-protector,Catholic,student,red,65,medium,1.6,21,18-24,25.390624999999996,overweight,3,S3: Tech-focused students,Carls Jr,San Luis Potosi,San Luis Potosi,No_Alcohol_Served,No alcohol,not permitted,informal,completely,medium,2,familiar,TRUE,closed,none,Medium | price | No alcohol | Familiar,0,1,2,1,matches stated budget
U1084,135085,2,2,2,1,22.172524,-101.005758,TRUE,casual drinker,formal,family,public,single,independent,1991,variety,thrifty-protector,Catholic,student,red,65,medium,1.6,21,18-24,25.390624999999996,overweight,3,S3: Tech-focused students,Tortas Locas Hipocampo,San Luis Potosi,SLP,No_Alcohol_Served,No alcohol,not permitted,informal,no_accessibility,medium,2,familiar,FALSE,closed,none,Medium | price | No alcohol | Familiar,0,1,2,1,matches stated budget
U1084,132723,1,0,1,0,22.172524,-101.005758,TRUE,casual drinker,formal,family,public,single,independent,1991,variety,thrifty-protector,Catholic,student,red,65,medium,1.6,21,18-24,25.390624999999996,overweight,3,S3: Tech-focused students,Gordas de morales,NA,San Luis Potosi,Full_Bar,Full bar,section,informal,completely,medium,2,familiar,FALSE,closed,none,Medium | price | Full bar | Familiar,1,1,2,1,matches stated budget
U1049,132825,0,0,0,0,22.15,-100.983,FALSE,casual drinker,informal,solitary,public,single,NA,1991,none,hard-worker,none,student,blue,55,NA,1.6,21,18-24,21.484374999999996,healthy,1,S1: Quieter mixed students,puesto de tacos,s.l.p.,s.l.p.,No_Alcohol_Served,No alcohol,none,informal,completely,low,1,familiar,FALSE,open,none,Low | price | No alcohol | Familiar,1,1,NA,NA,NA
U1049,135041,0,0,0,0,22.15,-100.983,FALSE,casual drinker,informal,solitary,public,single,NA,1991,none,hard-worker,none,student,blue,55,NA,1.6,21,18-24,21.484374999999996,healthy,1,S1: Quieter mixed students,Luna Cafe,San Luis Potosi,SLP,Wine-Beer,Wine or beer,none,informal,no_accessibility,medium,2,familiar,FALSE,closed,none,Medium | price | Wine or beer | Familiar,0,1,NA,NA,NA
U1019,132830,0,0,0,0,22.153385,-100.975294,FALSE,casual drinker,no preference,family,public,single,independent,1989,variety,thrifty-protector,Catholic,student,purple,59,medium,1.6,23,18-24,23.046874999999996,healthy,1,S1: Quieter mixed students,Rincon Huasteco,NA,NA,No_Alcohol_Served,No alcohol,none,informal,completely,low,1,familiar,FALSE,closed,none,Low | price | No alcohol | Familiar,0,0,2,1,below stated budget
U1019,135076,0,0,0,0,22.153385,-100.975294,FALSE,casual drinker,no preference,family,public,single,independent,1989,variety,thrifty-protector,Catholic,student,purple,59,medium,1.6,23,18-24,23.046874999999996,healthy,1,S1: Quieter mixed students,Restaurante Pueblo Bonito,San Luis Potosi,SLP,Wine-Beer,Wine or beer,none,informal,no_accessibility,high,3,familiar,FALSE,closed,none,High | price | Wine or beer | Familiar,0,1,2,0,above stated budget
U1019,135038,0,0,0,0,22.153385,-100.975294,FALSE,casual drinker,no preference,family,public,single,independent,1989,variety,thrifty-protector,Catholic,student,purple,59,medium,1.6,23,18-24,23.046874999999996,healthy,1,S1: Quieter mixed students,Restaurant la Chalita,San Luis Potosi,SLP,No_Alcohol_Served,No alcohol,section,informal,no_accessibility,medium,2,familiar,FALSE,closed,none,Medium | price | No alcohol | Familiar,0,1,2,1,matches stated budget
U1019,132856,0,0,0,0,22.153385,-100.975294,FALSE,casual drinker,no preference,family,public,single,independent,1989,variety,thrifty-protector,Catholic,student,purple,59,medium,1.6,23,18-24,23.046874999999996,healthy,1,S1: Quieter mixed students,Unicols Pizza,San Luis Potosi,San Luis Potosi,Wine-Beer,Wine or beer,none,informal,completely,low,1,familiar,FALSE,closed,none,Low | price | Wine or beer | Familiar,0,1,2,1,below stated budget
U1069,135070,0,0,0,0,19.347641,-99.130229,FALSE,social drinker,no preference,family,public,single,independent,1983,variety,thrifty-protector,Catholic,professional,black,60,medium,1.56,29,25-34,24.654832347140037,healthy,1,S1: Quieter mixed students,Restaurante 75,San Luis Potosi,SLP,No_Alcohol_Served,No alcohol,none,informal,no_accessibility,medium,2,familiar,FALSE,closed,none,Medium | price | No alcohol | Familiar,0,1,2,1,matches stated budget
U1069,135082,0,0,0,0,19.347641,-99.130229,FALSE,social drinker,no preference,family,public,single,independent,1983,variety,thrifty-protector,Catholic,professional,black,60,medium,1.56,29,25-34,24.654832347140037,healthy,1,S1: Quieter mixed students,la Estrella de Dimas,San Luis Potosi,SLP,No_Alcohol_Served,No alcohol,none,informal,no_accessibility,medium,2,familiar,FALSE,closed,none,Medium | price | No alcohol | Familiar,0,1,2,1,matches stated budget
U1069,135108,0,0,0,0,19.347641,-99.130229,FALSE,social drinker,no preference,family,public,single,independent,1983,variety,thrifty-protector,Catholic,professional,black,60,medium,1.56,29,25-34,24.654832347140037,healthy,1,S1: Quieter mixed students,Potzocalli,San Luis Potosi,NA,No_Alcohol_Served,No alcohol,none,informal,completely,low,1,familiar,FALSE,closed,none,Low | price | No alcohol | Familiar,0,0,2,1,below stated budget
U1069,132858,0,0,0,0,19.347641,-99.130229,FALSE,social drinker,no preference,family,public,single,independent,1983,variety,thrifty-protector,Catholic,professional,black,60,medium,1.56,29,25-34,24.654832347140037,healthy,1,S1: Quieter mixed students,Hamburguesas Valle Dorado,San Luis Potosi,San Luis Potosi,No_Alcohol_Served,No alcohol,none,informal,completely,low,1,familiar,FALSE,closed,none,Low | price | No alcohol | Familiar,0,1,2,1,below stated budget
U1069,135069,0,0,0,0,19.347641,-99.130229,FALSE,social drinker,no preference,family,public,single,independent,1983,variety,thrifty-protector,Catholic,professional,black,60,medium,1.56,29,25-34,24.654832347140037,healthy,1,S1: Quieter mixed students,Abondance Restaurante Bar,San Luis Potosi,SLP,Wine-Beer,Wine or beer,none,informal,no_accessibility,low,1,familiar,FALSE,closed,none,Low | price | Wine or beer | Familiar,0,1,2,1,below stated budget
U1069,132846,0,0,0,0,19.347641,-99.130229,FALSE,social drinker,no preference,family,public,single,independent,1983,variety,thrifty-protector,Catholic,professional,black,60,medium,1.56,29,25-34,24.654832347140037,healthy,1,S1: Quieter mixed students,el lechon potosino,san luis potosi,slp,No_Alcohol_Served,No alcohol,permitted,casual,no_accessibility,low,1,familiar,FALSE,open,none,Low | price | No alcohol | Familiar,0,1,2,1,below stated budget
U1069,132845,0,0,0,0,19.347641,-99.130229,FALSE,social drinker,no preference,family,public,single,independent,1983,variety,thrifty-protector,Catholic,professional,black,60,medium,1.56,29,25-34,24.654832347140037,healthy,1,S1: Quieter mixed students,Cenaduria El RincÃ³n de Tlaquepaque,san luis potosi,san luis potosi,No_Alcohol_Served,No alcohol,none,informal,no_accessibility,medium,2,familiar,FALSE,closed,none,Medium | price | No alcohol | Familiar,1,1,2,1,matches stated budget
U1069,132851,1,0,0,0,19.347641,-99.130229,FALSE,social drinker,no preference,family,public,single,independent,1983,variety,thrifty-protector,Catholic,professional,black,60,medium,1.56,29,25-34,24.654832347140037,healthy,1,S1: Quieter mixed students,KFC,San Luis Potosi,San Luis Potosi,No_Alcohol_Served,No alcohol,not permitted,informal,completely,low,1,familiar,FALSE,closed,none,Low | price | No alcohol | Familiar,0,1,2,1,below stated budget
U1069,132847,0,2,0,0,19.347641,-99.130229,FALSE,social drinker,no preference,family,public,single,independent,1983,variety,thrifty-protector,Catholic,professional,black,60,medium,1.56,29,25-34,24.654832347140037,healthy,1,S1: Quieter mixed students,don burguers,slp,slp,No_Alcohol_Served,No alcohol,none,informal,no_accessibility,low,1,familiar,FALSE,open,none,Low | price | No alcohol | Familiar,0,1,2,1,below stated budget
U1113,135038,1,2,0,0,22.137343,-100.913935,FALSE,casual drinker,formal,family,public,single,independent,1990,none,thrifty-protector,Catholic,student,blue,75,medium,1.73,22,18-24,25.05930702662969,overweight,3,S3: Tech-focused students,Restaurant la Chalita,San Luis Potosi,SLP,No_Alcohol_Served,No alcohol,section,informal,no_accessibility,medium,2,familiar,FALSE,closed,none,Medium | price | No alcohol | Familiar,0,1,2,1,matches stated budget
U1113,135057,2,2,1,1,22.137343,-100.913935,FALSE,casual drinker,formal,family,public,single,independent,1990,none,thrifty-protector,Catholic,student,blue,75,medium,1.73,22,18-24,25.05930702662969,overweight,3,S3: Tech-focused students,El Herradero Restaurante and Bar,San Luis Potosi,SLP,Wine-Beer,Wine or beer,section,informal,no_accessibility,medium,2,familiar,FALSE,closed,none,Medium | price | Wine or beer | Familiar,0,1,2,1,matches stated budget
U1113,135085,1,2,1,0,22.137343,-100.913935,FALSE,casual drinker,formal,family,public,single,independent,1990,none,thrifty-protector,Catholic,student,blue,75,medium,1.73,22,18-24,25.05930702662969,overweight,3,S3: Tech-focused students,Tortas Locas Hipocampo,San Luis Potosi,SLP,No_Alcohol_Served,No alcohol,not permitted,informal,no_accessibility,medium,2,familiar,FALSE,closed,none,Medium | price | No alcohol | Familiar,0,1,2,1,matches stated budget
U1113,135032,0,0,0,0,22.137343,-100.913935,FALSE,casual drinker,formal,family,public,single,independent,1990,none,thrifty-protector,Catholic,student,blue,75,medium,1.73,22,18-24,25.05930702662969,overweight,3,S3: Tech-focused students,Cafeteria y Restaurant El Pacifico,San Luis Potosi,SLP,Wine-Beer,Wine or beer,section,informal,no_accessibility,medium,2,familiar,FALSE,closed,none,Medium | price | Wine or beer | Familiar,0,1,2,1,matches stated budget
U1113,135079,1,2,1,0,22.137343,-100.913935,FALSE,casual drinker,formal,family,public,single,independent,1990,none,thrifty-protector,Catholic,student,blue,75,medium,1.73,22,18-24,25.05930702662969,overweight,3,S3: Tech-focused students,Koye Sushi,San Luis Potosi,SLP,No_Alcohol_Served,No alcohol,none,informal,no_accessibility,high,3,familiar,FALSE,closed,none,High | price | No alcohol | Familiar,0,1,2,0,above stated budget
U1113,135046,2,2,1,1,22.137343,-100.913935,FALSE,casual drinker,formal,family,public,single,independent,1990,none,thrifty-protector,Catholic,student,blue,75,medium,1.73,22,18-24,25.05930702662969,overweight,3,S3: Tech-focused students,Restaurante El Reyecito,San Luis Potosi,SLP,No_Alcohol_Served,No alcohol,none,informal,no_accessibility,medium,2,familiar,FALSE,closed,none,Medium | price | No alcohol | Familiar,0,1,2,1,matches stated budget
U1113,132856,0,1,0,0,22.137343,-100.913935,FALSE,casual drinker,formal,family,public,single,independent,1990,none,thrifty-protector,Catholic,student,blue,75,medium,1.73,22,18-24,25.05930702662969,overweight,3,S3: Tech-focused students,Unicols Pizza,San Luis Potosi,San Luis Potosi,Wine-Beer,Wine or beer,none,informal,completely,low,1,familiar,FALSE,closed,none,Low | price | Wine or beer | Familiar,0,1,2,1,below stated budget
U1113,132854,0,0,0,0,22.137343,-100.913935,FALSE,casual drinker,formal,family,public,single,independent,1990,none,thrifty-protector,Catholic,student,blue,75,medium,1.73,22,18-24,25.05930702662969,overweight,3,S3: Tech-focused students,Sirlone,San Luis Potosi,San Luis Potosi,Wine-Beer,Wine or beer,none,informal,completely,medium,2,familiar,FALSE,closed,none,Medium | price | Wine or beer | Familiar,0,1,2,1,matches stated budget
U1104,135039,0,0,1,0,22.149005,-100.978153,TRUE,social drinker,no preference,family,car owner,single,independent,1991,technology,hunter-ostentatious,Catholic,student,blue,75,medium,1.71,21,18-24,25.64891761567662,overweight,2,S2: Mobile social students,Restaurant de Mariscos de Picon,San Luis Potosi,SLP,No_Alcohol_Served,No alcohol,section,informal,no_accessibility,low,1,familiar,FALSE,closed,none,Low | price | No alcohol | Familiar,0,1,2,1,below stated budget
U1104,132825,1,2,1,0,22.149005,-100.978153,TRUE,social drinker,no preference,family,car owner,single,independent,1991,technology,hunter-ostentatious,Catholic,student,blue,75,medium,1.71,21,18-24,25.64891761567662,overweight,2,S2: Mobile social students,puesto de tacos,s.l.p.,s.l.p.,No_Alcohol_Served,No alcohol,none,informal,completely,low,1,familiar,FALSE,open,none,Low | price | No alcohol | Familiar,0,1,2,1,below stated budget
U1104,135085,2,2,1,1,22.149005,-100.978153,TRUE,social drinker,no preference,family,car owner,single,independent,1991,technology,hunter-ostentatious,Catholic,student,blue,75,medium,1.71,21,18-24,25.64891761567662,overweight,2,S2: Mobile social students,Tortas Locas Hipocampo,San Luis Potosi,SLP,No_Alcohol_Served,No alcohol,not permitted,informal,no_accessibility,medium,2,familiar,FALSE,closed,none,Medium | price | No alcohol | Familiar,0,1,2,1,matches stated budget
U1104,135030,2,1,1,1,22.149005,-100.978153,TRUE,social drinker,no preference,family,car owner,single,independent,1991,technology,hunter-ostentatious,Catholic,student,blue,75,medium,1.71,21,18-24,25.64891761567662,overweight,2,S2: Mobile social students,Preambulo Wifi Zone Cafe,San Luis Potosi,SLP,No_Alcohol_Served,No alcohol,none,informal,no_accessibility,medium,2,quiet,FALSE,closed,Internet,Medium | price | No alcohol | Quiet,0,1,2,1,matches stated budget
U1104,135062,1,1,2,0,22.149005,-100.978153,TRUE,social drinker,no preference,family,car owner,single,independent,1991,technology,hunter-ostentatious,Catholic,student,blue,75,medium,1.71,21,18-24,25.64891761567662,overweight,2,S2: Mobile social students,Restaurante El Cielo Potosino,San Luis Potosi,SLP,No_Alcohol_Served,No alcohol,none,informal,no_accessibility,medium,2,familiar,FALSE,closed,none,Medium | price | No alcohol | Familiar,0,1,2,1,matches stated budget
U1106,135047,0,0,0,0,18.927072,-99.173584,FALSE,casual drinker,informal,friends,car owner,single,independent,1930,technology,hard-worker,Catholic,professional,blue,65,medium,1.71,82,45+,22.229061933586404,healthy,2,S2: Mobile social students,Restaurante Casa de las Flores,San Luis Potosi,SLP,Wine-Beer,Wine or beer,section,informal,no_accessibility,high,3,familiar,FALSE,closed,none,High | price | Wine or beer | Familiar,0,1,2,0,above stated budget
U1106,135052,0,0,0,0,18.927072,-99.173584,FALSE,casual drinker,informal,friends,car owner,single,independent,1930,technology,hard-worker,Catholic,professional,blue,65,medium,1.71,82,45+,22.229061933586404,healthy,2,S2: Mobile social students,La Cantina Restaurante,San Luis Potosi,SLP,Full_Bar,Full bar,none,informal,no_accessibility,high,3,familiar,FALSE,closed,none,High | price | Full bar | Familiar,0,1,2,0,above stated budget
U1104,132834,1,2,1,0,22.149005,-100.978153,TRUE,social drinker,no preference,family,car owner,single,independent,1991,technology,hunter-ostentatious,Catholic,student,blue,75,medium,1.71,21,18-24,25.64891761567662,overweight,2,S2: Mobile social students,Gorditas Doa Gloria,san luis potosi,san luis potosi,No_Alcohol_Served,No alcohol,not permitted,casual,no_accessibility,low,1,familiar,FALSE,closed,none,Low | price | No alcohol | Familiar,0,1,2,1,below stated budget
U1106,135106,0,0,0,0,18.927072,-99.173584,FALSE,casual drinker,informal,friends,car owner,single,independent,1930,technology,hard-worker,Catholic,professional,blue,65,medium,1.71,82,45+,22.229061933586404,healthy,2,S2: Mobile social students,El Rincón de San Francisco,San Luis Potosi,San Luis Potosi,Wine-Beer,Wine or beer,only at bar,informal,partially,medium,2,familiar,FALSE,open,none,Medium | price | Wine or beer | Familiar,0,1,2,1,matches stated budget
U1106,132754,2,2,1,1,18.927072,-99.173584,FALSE,casual drinker,informal,friends,car owner,single,independent,1930,technology,hard-worker,Catholic,professional,blue,65,medium,1.71,82,45+,22.229061933586404,healthy,2,S2: Mobile social students,Cabana Huasteca,San Luis Potosi,S.L.P.,No_Alcohol_Served,No alcohol,none,informal,partially,medium,2,familiar,FALSE,closed,none,Medium | price | No alcohol | Familiar,0,1,2,1,matches stated budget
U1104,135052,1,1,1,0,22.149005,-100.978153,TRUE,social drinker,no preference,family,car owner,single,independent,1991,technology,hunter-ostentatious,Catholic,student,blue,75,medium,1.71,21,18-24,25.64891761567662,overweight,2,S2: Mobile social students,La Cantina Restaurante,San Luis Potosi,SLP,Full_Bar,Full bar,none,informal,no_accessibility,high,3,familiar,FALSE,closed,none,High | price | Full bar | Familiar,0,1,2,0,above stated budget
U1106,132856,0,1,0,0,18.927072,-99.173584,FALSE,casual drinker,informal,friends,car owner,single,independent,1930,technology,hard-worker,Catholic,professional,blue,65,medium,1.71,82,45+,22.229061933586404,healthy,2,S2: Mobile social students,Unicols Pizza,San Luis Potosi,San Luis Potosi,Wine-Beer,Wine or beer,none,informal,completely,low,1,familiar,FALSE,closed,none,Low | price | Wine or beer | Familiar,0,1,2,1,below stated budget
U1104,135032,2,1,1,1,22.149005,-100.978153,TRUE,social drinker,no preference,family,car owner,single,independent,1991,technology,hunter-ostentatious,Catholic,student,blue,75,medium,1.71,21,18-24,25.64891761567662,overweight,2,S2: Mobile social students,Cafeteria y Restaurant El Pacifico,San Luis Potosi,SLP,Wine-Beer,Wine or beer,section,informal,no_accessibility,medium,2,familiar,FALSE,closed,none,Medium | price | Wine or beer | Familiar,0,1,2,1,matches stated budget
U1104,135025,2,1,1,1,22.149005,-100.978153,TRUE,social drinker,no preference,family,car owner,single,independent,1991,technology,hunter-ostentatious,Catholic,student,blue,75,medium,1.71,21,18-24,25.64891761567662,overweight,2,S2: Mobile social students,El Rincon de San Francisco,San Luis Potosi,SLP,No_Alcohol_Served,No alcohol,none,informal,no_accessibility,medium,2,familiar,FALSE,closed,none,Medium | price | No alcohol | Familiar,0,1,2,1,matches stated budget
U1106,132834,2,1,1,1,18.927072,-99.173584,FALSE,casual drinker,informal,friends,car owner,single,independent,1930,technology,hard-worker,Catholic,professional,blue,65,medium,1.71,82,45+,22.229061933586404,healthy,2,S2: Mobile social students,Gorditas Doa Gloria,san luis potosi,san luis potosi,No_Alcohol_Served,No alcohol,not permitted,casual,no_accessibility,low,1,familiar,FALSE,closed,none,Low | price | No alcohol | Familiar,0,1,2,1,below stated budget
U1104,135047,1,2,1,0,22.149005,-100.978153,TRUE,social drinker,no preference,family,car owner,single,independent,1991,technology,hunter-ostentatious,Catholic,student,blue,75,medium,1.71,21,18-24,25.64891761567662,overweight,2,S2: Mobile social students,Restaurante Casa de las Flores,San Luis Potosi,SLP,Wine-Beer,Wine or beer,section,informal,no_accessibility,high,3,familiar,FALSE,closed,none,High | price | Wine or beer | Familiar,0,1,2,0,above stated budget
U1106,135042,2,0,0,1,18.927072,-99.173584,FALSE,casual drinker,informal,friends,car owner,single,independent,1930,technology,hard-worker,Catholic,professional,blue,65,medium,1.71,82,45+,22.229061933586404,healthy,2,S2: Mobile social students,Restaurant Oriental Express,San Luis Potosi,SLP,No_Alcohol_Served,No alcohol,none,informal,no_accessibility,medium,2,familiar,FALSE,closed,none,Medium | price | No alcohol | Familiar,0,1,2,1,matches stated budget
U1106,135039,2,1,1,1,18.927072,-99.173584,FALSE,casual drinker,informal,friends,car owner,single,independent,1930,technology,hard-worker,Catholic,professional,blue,65,medium,1.71,82,45+,22.229061933586404,healthy,2,S2: Mobile social students,Restaurant de Mariscos de Picon,San Luis Potosi,SLP,No_Alcohol_Served,No alcohol,section,informal,no_accessibility,low,1,familiar,FALSE,closed,none,Low | price | No alcohol | Familiar,0,1,2,1,below stated budget
U1052,132866,2,2,1,1,22.138055,-100.936005,TRUE,social drinker,no preference,family,on foot,single,independent,1990,none,conformist,Catholic,student,blue,85,low,1.8,22,18-24,26.234567901234566,overweight,2,S2: Mobile social students,Chaires,San Luis Potosi,San Luis Potosi,No_Alcohol_Served,No alcohol,not permitted,informal,completely,medium,2,familiar,FALSE,closed,none,Medium | price | No alcohol | Familiar,1,1,1,0,above stated budget
U1106,135066,2,1,2,1,18.927072,-99.173584,FALSE,casual drinker,informal,friends,car owner,single,independent,1930,technology,hard-worker,Catholic,professional,blue,65,medium,1.71,82,45+,22.229061933586404,healthy,2,S2: Mobile social students,Restaurante Guerra,San Luis Potosi,SLP,Wine-Beer,Wine or beer,section,informal,no_accessibility,high,3,familiar,FALSE,closed,none,High | price | Wine or beer | Familiar,0,1,2,0,above stated budget
U1106,135085,2,2,2,1,18.927072,-99.173584,FALSE,casual drinker,informal,friends,car owner,single,independent,1930,technology,hard-worker,Catholic,professional,blue,65,medium,1.71,82,45+,22.229061933586404,healthy,2,S2: Mobile social students,Tortas Locas Hipocampo,San Luis Potosi,SLP,No_Alcohol_Served,No alcohol,not permitted,informal,no_accessibility,medium,2,familiar,FALSE,closed,none,Medium | price | No alcohol | Familiar,0,1,2,1,matches stated budget
U1104,135033,1,1,2,0,22.149005,-100.978153,TRUE,social drinker,no preference,family,car owner,single,independent,1991,technology,hunter-ostentatious,Catholic,student,blue,75,medium,1.71,21,18-24,25.64891761567662,overweight,2,S2: Mobile social students,Restaurant El Muladar de Calzada,San Luis Potosi,SLP,No_Alcohol_Served,No alcohol,section,informal,no_accessibility,medium,2,familiar,FALSE,closed,none,Medium | price | No alcohol | Familiar,0,1,2,1,matches stated budget
U1106,135062,2,2,1,1,18.927072,-99.173584,FALSE,casual drinker,informal,friends,car owner,single,independent,1930,technology,hard-worker,Catholic,professional,blue,65,medium,1.71,82,45+,22.229061933586404,healthy,2,S2: Mobile social students,Restaurante El Cielo Potosino,San Luis Potosi,SLP,No_Alcohol_Served,No alcohol,none,informal,no_accessibility,medium,2,familiar,FALSE,closed,none,Medium | price | No alcohol | Familiar,0,1,2,1,matches stated budget
U1106,132862,2,2,2,1,18.927072,-99.173584,FALSE,casual drinker,informal,friends,car owner,single,independent,1930,technology,hard-worker,Catholic,professional,blue,65,medium,1.71,82,45+,22.229061933586404,healthy,2,S2: Mobile social students,La Posada del Virrey,San Luis Potosi,San Luis Potosi,Wine-Beer,Wine or beer,none,casual,completely,high,3,familiar,FALSE,closed,none,High | price | Wine or beer | Familiar,0,1,2,0,above stated budget
U1106,135030,2,2,1,1,18.927072,-99.173584,FALSE,casual drinker,informal,friends,car owner,single,independent,1930,technology,hard-worker,Catholic,professional,blue,65,medium,1.71,82,45+,22.229061933586404,healthy,2,S2: Mobile social students,Preambulo Wifi Zone Cafe,San Luis Potosi,SLP,No_Alcohol_Served,No alcohol,none,informal,no_accessibility,medium,2,quiet,FALSE,closed,Internet,Medium | price | No alcohol | Quiet,0,1,2,1,matches stated budget
U1106,135079,2,2,2,1,18.927072,-99.173584,FALSE,casual drinker,informal,friends,car owner,single,independent,1930,technology,hard-worker,Catholic,professional,blue,65,medium,1.71,82,45+,22.229061933586404,healthy,2,S2: Mobile social students,Koye Sushi,San Luis Potosi,SLP,No_Alcohol_Served,No alcohol,none,informal,no_accessibility,high,3,familiar,FALSE,closed,none,High | price | No alcohol | Familiar,0,1,2,0,above stated budget
U1106,135064,2,2,2,1,18.927072,-99.173584,FALSE,casual drinker,informal,friends,car owner,single,independent,1930,technology,hard-worker,Catholic,professional,blue,65,medium,1.71,82,45+,22.229061933586404,healthy,2,S2: Mobile social students,Restaurante El Chivero S.A. de C.V.,San Luis Potosi,SLP,No_Alcohol_Served,No alcohol,none,informal,no_accessibility,high,3,familiar,FALSE,closed,none,High | price | No alcohol | Familiar,0,1,2,0,above stated budget
U1052,132869,2,2,1,1,22.138055,-100.936005,TRUE,social drinker,no preference,family,on foot,single,independent,1990,none,conformist,Catholic,student,blue,85,low,1.8,22,18-24,26.234567901234566,overweight,2,S2: Mobile social students,Dominos Pizza,San Luis Potosi,San Luis Potosi,No_Alcohol_Served,No alcohol,not permitted,informal,no_accessibility,medium,2,familiar,FALSE,closed,none,Medium | price | No alcohol | Familiar,0,1,1,0,above stated budget
U1052,132870,1,1,1,0,22.138055,-100.936005,TRUE,social drinker,no preference,family,on foot,single,independent,1990,none,conformist,Catholic,student,blue,85,low,1.8,22,18-24,26.234567901234566,overweight,2,S2: Mobile social students,Tortas y hamburguesas el gordo,San Luis Potosi,San Luis Potosi,No_Alcohol_Served,No alcohol,not permitted,informal,no_accessibility,low,1,familiar,FALSE,closed,none,Low | price | No alcohol | Familiar,0,1,1,1,matches stated budget
U1104,135041,1,2,1,0,22.149005,-100.978153,TRUE,social drinker,no preference,family,car owner,single,independent,1991,technology,hunter-ostentatious,Catholic,student,blue,75,medium,1.71,21,18-24,25.64891761567662,overweight,2,S2: Mobile social students,Luna Cafe,San Luis Potosi,SLP,Wine-Beer,Wine or beer,none,informal,no_accessibility,medium,2,familiar,FALSE,closed,none,Medium | price | Wine or beer | Familiar,0,1,2,1,matches stated budget
U1079,134986,2,2,2,1,18.917,-99.25,FALSE,abstemious,formal,family,public,single,independent,1992,technology,thrifty-protector,Catholic,NA,black,53,medium,1.55,20,18-24,22.060353798126947,healthy,3,S3: Tech-focused students,Restaurant Las Mananitas,Cuernavaca,Morelos,Wine-Beer,Wine or beer,none,formal,no_accessibility,high,3,familiar,FALSE,closed,none,High | price | Wine or beer | Familiar,0,0,2,0,above stated budget
U1079,134976,1,1,0,0,18.917,-99.25,FALSE,abstemious,formal,family,public,single,independent,1992,technology,thrifty-protector,Catholic,NA,black,53,medium,1.55,20,18-24,22.060353798126947,healthy,3,S3: Tech-focused students,Log Yin,NA,NA,No_Alcohol_Served,No alcohol,none,informal,no_accessibility,low,1,familiar,FALSE,closed,none,Low | price | No alcohol | Familiar,1,0,2,1,below stated budget
U1079,132768,2,2,2,1,18.917,-99.25,FALSE,abstemious,formal,family,public,single,independent,1992,technology,thrifty-protector,Catholic,NA,black,53,medium,1.55,20,18-24,22.060353798126947,healthy,3,S3: Tech-focused students,Mariscos Tia Licha,cuernavaca,morelos,No_Alcohol_Served,No alcohol,not permitted,casual,partially,medium,2,familiar,TRUE,closed,none,Medium | price | No alcohol | Familiar,0,1,2,1,matches stated budget
U1079,132766,1,2,1,0,18.917,-99.25,FALSE,abstemious,formal,family,public,single,independent,1992,technology,thrifty-protector,Catholic,NA,black,53,medium,1.55,20,18-24,22.060353798126947,healthy,3,S3: Tech-focused students,Mikasa,Cuernavaca,Morelos,Wine-Beer,Wine or beer,none,informal,no_accessibility,medium,2,familiar,FALSE,closed,none,Medium | price | Wine or beer | Familiar,0,1,2,1,matches stated budget
U1045,132825,2,1,1,1,22.156724,-100.984268,FALSE,casual drinker,elegant,friends,car owner,single,independent,1991,technology,thrifty-protector,Mormon,student,orange,68,high,1.6,21,18-24,26.562499999999996,overweight,3,S3: Tech-focused students,puesto de tacos,s.l.p.,s.l.p.,No_Alcohol_Served,No alcohol,none,informal,completely,low,1,familiar,FALSE,open,none,Low | price | No alcohol | Familiar,1,1,3,1,below stated budget
U1045,135064,0,0,0,0,22.156724,-100.984268,FALSE,casual drinker,elegant,friends,car owner,single,independent,1991,technology,thrifty-protector,Mormon,student,orange,68,high,1.6,21,18-24,26.562499999999996,overweight,3,S3: Tech-focused students,Restaurante El Chivero S.A. de C.V.,San Luis Potosi,SLP,No_Alcohol_Served,No alcohol,none,informal,no_accessibility,high,3,familiar,FALSE,closed,none,High | price | No alcohol | Familiar,0,1,3,1,matches stated budget
U1045,132856,1,2,2,0,22.156724,-100.984268,FALSE,casual drinker,elegant,friends,car owner,single,independent,1991,technology,thrifty-protector,Mormon,student,orange,68,high,1.6,21,18-24,26.562499999999996,overweight,3,S3: Tech-focused students,Unicols Pizza,San Luis Potosi,San Luis Potosi,Wine-Beer,Wine or beer,none,informal,completely,low,1,familiar,FALSE,closed,none,Low | price | Wine or beer | Familiar,0,1,3,1,below stated budget
U1045,135085,2,2,2,1,22.156724,-100.984268,FALSE,casual drinker,elegant,friends,car owner,single,independent,1991,technology,thrifty-protector,Mormon,student,orange,68,high,1.6,21,18-24,26.562499999999996,overweight,3,S3: Tech-focused students,Tortas Locas Hipocampo,San Luis Potosi,SLP,No_Alcohol_Served,No alcohol,not permitted,informal,no_accessibility,medium,2,familiar,FALSE,closed,none,Medium | price | No alcohol | Familiar,0,1,3,1,below stated budget
U1045,135032,0,0,0,0,22.156724,-100.984268,FALSE,casual drinker,elegant,friends,car owner,single,independent,1991,technology,thrifty-protector,Mormon,student,orange,68,high,1.6,21,18-24,26.562499999999996,overweight,3,S3: Tech-focused students,Cafeteria y Restaurant El Pacifico,San Luis Potosi,SLP,Wine-Beer,Wine or beer,section,informal,no_accessibility,medium,2,familiar,FALSE,closed,none,Medium | price | Wine or beer | Familiar,0,1,3,1,below stated budget
U1045,132834,1,1,1,0,22.156724,-100.984268,FALSE,casual drinker,elegant,friends,car owner,single,independent,1991,technology,thrifty-protector,Mormon,student,orange,68,high,1.6,21,18-24,26.562499999999996,overweight,3,S3: Tech-focused students,Gorditas Doa Gloria,san luis potosi,san luis potosi,No_Alcohol_Served,No alcohol,not permitted,casual,no_accessibility,low,1,familiar,FALSE,closed,none,Low | price | No alcohol | Familiar,1,1,3,1,below stated budget
U1045,135052,1,2,2,0,22.156724,-100.984268,FALSE,casual drinker,elegant,friends,car owner,single,independent,1991,technology,thrifty-protector,Mormon,student,orange,68,high,1.6,21,18-24,26.562499999999996,overweight,3,S3: Tech-focused students,La Cantina Restaurante,San Luis Potosi,SLP,Full_Bar,Full bar,none,informal,no_accessibility,high,3,familiar,FALSE,closed,none,High | price | Full bar | Familiar,0,1,3,1,matches stated budget
U1045,135060,2,2,2,1,22.156724,-100.984268,FALSE,casual drinker,elegant,friends,car owner,single,independent,1991,technology,thrifty-protector,Mormon,student,orange,68,high,1.6,21,18-24,26.562499999999996,overweight,3,S3: Tech-focused students,Restaurante Marisco Sam,San Luis Potosi,SLP,No_Alcohol_Served,No alcohol,none,informal,no_accessibility,medium,2,familiar,FALSE,closed,none,Medium | price | No alcohol | Familiar,0,1,3,1,below stated budget
U1045,135051,2,2,2,1,22.156724,-100.984268,FALSE,casual drinker,elegant,friends,car owner,single,independent,1991,technology,thrifty-protector,Mormon,student,orange,68,high,1.6,21,18-24,26.562499999999996,overweight,3,S3: Tech-focused students,Restaurante Versalles,San Luis Potosi,SLP,No_Alcohol_Served,No alcohol,section,informal,no_accessibility,low,1,familiar,FALSE,closed,none,Low | price | No alcohol | Familiar,0,1,3,1,below stated budget
U1045,135041,1,2,1,0,22.156724,-100.984268,FALSE,casual drinker,elegant,friends,car owner,single,independent,1991,technology,thrifty-protector,Mormon,student,orange,68,high,1.6,21,18-24,26.562499999999996,overweight,3,S3: Tech-focused students,Luna Cafe,San Luis Potosi,SLP,Wine-Beer,Wine or beer,none,informal,no_accessibility,medium,2,familiar,FALSE,closed,none,Medium | price | Wine or beer | Familiar,0,1,3,1,below stated budget
U1009,132754,1,2,1,0,22.159427,-100.990448,FALSE,abstemious,formal,family,on foot,single,kids,1991,variety,thrifty-protector,Catholic,student,green,75,medium,1.78,21,18-24,23.671253629592222,healthy,1,S1: Quieter mixed students,Cabana Huasteca,San Luis Potosi,S.L.P.,No_Alcohol_Served,No alcohol,none,informal,partially,medium,2,familiar,FALSE,closed,none,Medium | price | No alcohol | Familiar,1,1,2,1,matches stated budget
U1009,132862,2,1,2,1,22.159427,-100.990448,FALSE,abstemious,formal,family,on foot,single,kids,1991,variety,thrifty-protector,Catholic,student,green,75,medium,1.78,21,18-24,23.671253629592222,healthy,1,S1: Quieter mixed students,La Posada del Virrey,San Luis Potosi,San Luis Potosi,Wine-Beer,Wine or beer,none,casual,completely,high,3,familiar,FALSE,closed,none,High | price | Wine or beer | Familiar,0,1,2,0,above stated budget
U1009,135060,1,1,1,0,22.159427,-100.990448,FALSE,abstemious,formal,family,on foot,single,kids,1991,variety,thrifty-protector,Catholic,student,green,75,medium,1.78,21,18-24,23.671253629592222,healthy,1,S1: Quieter mixed students,Restaurante Marisco Sam,San Luis Potosi,SLP,No_Alcohol_Served,No alcohol,none,informal,no_accessibility,medium,2,familiar,FALSE,closed,none,Medium | price | No alcohol | Familiar,0,1,2,1,matches stated budget
U1009,135059,2,1,1,1,22.159427,-100.990448,FALSE,abstemious,formal,family,on foot,single,kids,1991,variety,thrifty-protector,Catholic,student,green,75,medium,1.78,21,18-24,23.671253629592222,healthy,1,S1: Quieter mixed students,Restaurant Bar Hacienda los Martinez,San Luis Potosi,SLP,Wine-Beer,Wine or beer,section,informal,no_accessibility,medium,2,familiar,FALSE,closed,none,Medium | price | Wine or beer | Familiar,0,1,2,1,matches stated budget
U1009,132834,2,2,1,1,22.159427,-100.990448,FALSE,abstemious,formal,family,on foot,single,kids,1991,variety,thrifty-protector,Catholic,student,green,75,medium,1.78,21,18-24,23.671253629592222,healthy,1,S1: Quieter mixed students,Gorditas Doa Gloria,san luis potosi,san luis potosi,No_Alcohol_Served,No alcohol,not permitted,casual,no_accessibility,low,1,familiar,FALSE,closed,none,Low | price | No alcohol | Familiar,1,1,2,1,below stated budget
U1009,135058,1,1,2,0,22.159427,-100.990448,FALSE,abstemious,formal,family,on foot,single,kids,1991,variety,thrifty-protector,Catholic,student,green,75,medium,1.78,21,18-24,23.671253629592222,healthy,1,S1: Quieter mixed students,Restaurante Tiberius,San Luis Potosi,SLP,No_Alcohol_Served,No alcohol,none,informal,no_accessibility,medium,2,familiar,TRUE,closed,none,Medium | price | No alcohol | Familiar,0,1,2,1,matches stated budget
U1009,135038,2,2,2,1,22.159427,-100.990448,FALSE,abstemious,formal,family,on foot,single,kids,1991,variety,thrifty-protector,Catholic,student,green,75,medium,1.78,21,18-24,23.671253629592222,healthy,1,S1: Quieter mixed students,Restaurant la Chalita,San Luis Potosi,SLP,No_Alcohol_Served,No alcohol,section,informal,no_accessibility,medium,2,familiar,FALSE,closed,none,Medium | price | No alcohol | Familiar,0,1,2,1,matches stated budget
U1009,132825,1,1,0,0,22.159427,-100.990448,FALSE,abstemious,formal,family,on foot,single,kids,1991,variety,thrifty-protector,Catholic,student,green,75,medium,1.78,21,18-24,23.671253629592222,healthy,1,S1: Quieter mixed students,puesto de tacos,s.l.p.,s.l.p.,No_Alcohol_Served,No alcohol,none,informal,completely,low,1,familiar,FALSE,open,none,Low | price | No alcohol | Familiar,1,1,2,1,below stated budget
U1009,135052,2,1,0,1,22.159427,-100.990448,FALSE,abstemious,formal,family,on foot,single,kids,1991,variety,thrifty-protector,Catholic,student,green,75,medium,1.78,21,18-24,23.671253629592222,healthy,1,S1: Quieter mixed students,La Cantina Restaurante,San Luis Potosi,SLP,Full_Bar,Full bar,none,informal,no_accessibility,high,3,familiar,FALSE,closed,none,High | price | Full bar | Familiar,0,1,2,0,above stated budget
U1009,135063,0,0,0,0,22.159427,-100.990448,FALSE,abstemious,formal,family,on foot,single,kids,1991,variety,thrifty-protector,Catholic,student,green,75,medium,1.78,21,18-24,23.671253629592222,healthy,1,S1: Quieter mixed students,Restaurante Alhondiga,San Luis Potosi,SLP,No_Alcohol_Served,No alcohol,none,informal,no_accessibility,medium,2,familiar,FALSE,closed,none,Medium | price | No alcohol | Familiar,0,1,2,1,matches stated budget
U1009,135079,1,2,2,0,22.159427,-100.990448,FALSE,abstemious,formal,family,on foot,single,kids,1991,variety,thrifty-protector,Catholic,student,green,75,medium,1.78,21,18-24,23.671253629592222,healthy,1,S1: Quieter mixed students,Koye Sushi,San Luis Potosi,SLP,No_Alcohol_Served,No alcohol,none,informal,no_accessibility,high,3,familiar,FALSE,closed,none,High | price | No alcohol | Familiar,0,1,2,0,above stated budget
U1016,132834,2,2,2,1,22.156247,-100.977402,FALSE,casual drinker,informal,friends,on foot,single,independent,1991,eco-friendly,thrifty-protector,Catholic,student,green,70,medium,1.67,21,18-24,25.099501595611173,overweight,3,S3: Tech-focused students,Gorditas Doa Gloria,san luis potosi,san luis potosi,No_Alcohol_Served,No alcohol,not permitted,casual,no_accessibility,low,1,familiar,FALSE,closed,none,Low | price | No alcohol | Familiar,0,1,2,1,below stated budget
U1016,135042,1,2,2,0,22.156247,-100.977402,FALSE,casual drinker,informal,friends,on foot,single,independent,1991,eco-friendly,thrifty-protector,Catholic,student,green,70,medium,1.67,21,18-24,25.099501595611173,overweight,3,S3: Tech-focused students,Restaurant Oriental Express,San Luis Potosi,SLP,No_Alcohol_Served,No alcohol,none,informal,no_accessibility,medium,2,familiar,FALSE,closed,none,Medium | price | No alcohol | Familiar,0,1,2,1,matches stated budget
U1016,135032,2,2,2,1,22.156247,-100.977402,FALSE,casual drinker,informal,friends,on foot,single,independent,1991,eco-friendly,thrifty-protector,Catholic,student,green,70,medium,1.67,21,18-24,25.099501595611173,overweight,3,S3: Tech-focused students,Cafeteria y Restaurant El Pacifico,San Luis Potosi,SLP,Wine-Beer,Wine or beer,section,informal,no_accessibility,medium,2,familiar,FALSE,closed,none,Medium | price | Wine or beer | Familiar,1,1,2,1,matches stated budget
U1016,135106,2,2,2,1,22.156247,-100.977402,FALSE,casual drinker,informal,friends,on foot,single,independent,1991,eco-friendly,thrifty-protector,Catholic,student,green,70,medium,1.67,21,18-24,25.099501595611173,overweight,3,S3: Tech-focused students,El Rincón de San Francisco,San Luis Potosi,San Luis Potosi,Wine-Beer,Wine or beer,only at bar,informal,partially,medium,2,familiar,FALSE,open,none,Medium | price | Wine or beer | Familiar,0,1,2,1,matches stated budget
U1016,132856,2,2,2,1,22.156247,-100.977402,FALSE,casual drinker,informal,friends,on foot,single,independent,1991,eco-friendly,thrifty-protector,Catholic,student,green,70,medium,1.67,21,18-24,25.099501595611173,overweight,3,S3: Tech-focused students,Unicols Pizza,San Luis Potosi,San Luis Potosi,Wine-Beer,Wine or beer,none,informal,completely,low,1,familiar,FALSE,closed,none,Low | price | Wine or beer | Familiar,0,1,2,1,below stated budget
U1016,135045,2,2,2,1,22.156247,-100.977402,FALSE,casual drinker,informal,friends,on foot,single,independent,1991,eco-friendly,thrifty-protector,Catholic,student,green,70,medium,1.67,21,18-24,25.099501595611173,overweight,3,S3: Tech-focused students,Restaurante la Gran Via,San Luis Potosi,SLP,Wine-Beer,Wine or beer,none,casual,no_accessibility,high,3,familiar,FALSE,closed,none,High | price | Wine or beer | Familiar,0,1,2,0,above stated budget
U1016,135060,2,2,2,1,22.156247,-100.977402,FALSE,casual drinker,informal,friends,on foot,single,independent,1991,eco-friendly,thrifty-protector,Catholic,student,green,70,medium,1.67,21,18-24,25.099501595611173,overweight,3,S3: Tech-focused students,Restaurante Marisco Sam,San Luis Potosi,SLP,No_Alcohol_Served,No alcohol,none,informal,no_accessibility,medium,2,familiar,FALSE,closed,none,Medium | price | No alcohol | Familiar,0,1,2,1,matches stated budget
U1016,135066,2,2,2,1,22.156247,-100.977402,FALSE,casual drinker,informal,friends,on foot,single,independent,1991,eco-friendly,thrifty-protector,Catholic,student,green,70,medium,1.67,21,18-24,25.099501595611173,overweight,3,S3: Tech-focused students,Restaurante Guerra,San Luis Potosi,SLP,Wine-Beer,Wine or beer,section,informal,no_accessibility,high,3,familiar,FALSE,closed,none,High | price | Wine or beer | Familiar,0,1,2,0,above stated budget
U1016,135085,2,2,0,1,22.156247,-100.977402,FALSE,casual drinker,informal,friends,on foot,single,independent,1991,eco-friendly,thrifty-protector,Catholic,student,green,70,medium,1.67,21,18-24,25.099501595611173,overweight,3,S3: Tech-focused students,Tortas Locas Hipocampo,San Luis Potosi,SLP,No_Alcohol_Served,No alcohol,not permitted,informal,no_accessibility,medium,2,familiar,FALSE,closed,none,Medium | price | No alcohol | Familiar,0,1,2,1,matches stated budget
U1016,135052,2,2,2,1,22.156247,-100.977402,FALSE,casual drinker,informal,friends,on foot,single,independent,1991,eco-friendly,thrifty-protector,Catholic,student,green,70,medium,1.67,21,18-24,25.099501595611173,overweight,3,S3: Tech-focused students,La Cantina Restaurante,San Luis Potosi,SLP,Full_Bar,Full bar,none,informal,no_accessibility,high,3,familiar,FALSE,closed,none,High | price | Full bar | Familiar,0,1,2,0,above stated budget
U1016,132862,2,2,2,1,22.156247,-100.977402,FALSE,casual drinker,informal,friends,on foot,single,independent,1991,eco-friendly,thrifty-protector,Catholic,student,green,70,medium,1.67,21,18-24,25.099501595611173,overweight,3,S3: Tech-focused students,La Posada del Virrey,San Luis Potosi,San Luis Potosi,Wine-Beer,Wine or beer,none,casual,completely,high,3,familiar,FALSE,closed,none,High | price | Wine or beer | Familiar,0,1,2,0,above stated budget
U1016,135051,2,2,0,1,22.156247,-100.977402,FALSE,casual drinker,informal,friends,on foot,single,independent,1991,eco-friendly,thrifty-protector,Catholic,student,green,70,medium,1.67,21,18-24,25.099501595611173,overweight,3,S3: Tech-focused students,Restaurante Versalles,San Luis Potosi,SLP,No_Alcohol_Served,No alcohol,section,informal,no_accessibility,low,1,familiar,FALSE,closed,none,Low | price | No alcohol | Familiar,0,1,2,1,below stated budget
U1016,135062,2,2,2,1,22.156247,-100.977402,FALSE,casual drinker,informal,friends,on foot,single,independent,1991,eco-friendly,thrifty-protector,Catholic,student,green,70,medium,1.67,21,18-24,25.099501595611173,overweight,3,S3: Tech-focused students,Restaurante El Cielo Potosino,San Luis Potosi,SLP,No_Alcohol_Served,No alcohol,none,informal,no_accessibility,medium,2,familiar,FALSE,closed,none,Medium | price | No alcohol | Familiar,0,1,2,1,matches stated budget
U1047,132875,0,0,0,0,22.142429,-100.949147,FALSE,abstemious,no preference,family,public,single,independent,1992,retro,thrifty-protector,Catholic,student,purple,60,medium,1.63,20,18-24,22.582709172343712,healthy,1,S1: Quieter mixed students,shi ro ie,NA,NA,Wine-Beer,Wine or beer,section,informal,no_accessibility,high,3,familiar,TRUE,open,Internet,High | price | Wine or beer | Familiar,0,1,2,0,above stated budget
U1047,132877,0,0,0,0,22.142429,-100.949147,FALSE,abstemious,no preference,family,public,single,independent,1992,retro,thrifty-protector,Catholic,student,purple,60,medium,1.63,20,18-24,22.582709172343712,healthy,1,S1: Quieter mixed students,sirloin stockade,NA,NA,No_Alcohol_Served,No alcohol,none,informal,completely,low,1,familiar,FALSE,closed,none,Low | price | No alcohol | Familiar,0,0,2,1,below stated budget
U1047,132884,0,0,0,0,22.142429,-100.949147,FALSE,abstemious,no preference,family,public,single,independent,1992,retro,thrifty-protector,Catholic,student,purple,60,medium,1.63,20,18-24,22.582709172343712,healthy,1,S1: Quieter mixed students,dairy queen,NA,NA,No_Alcohol_Served,No alcohol,none,informal,completely,low,1,familiar,FALSE,closed,none,Low | price | No alcohol | Familiar,0,0,2,1,below stated budget
U1095,132872,1,2,2,0,22.179865,-101.018547,FALSE,abstemious,formal,family,public,married,independent,1986,variety,thrifty-protector,Catholic,student,blue,65,medium,1.65,26,25-34,23.875114784205696,healthy,1,S1: Quieter mixed students,Pizzeria Julios,s.l.p,mexico,No_Alcohol_Served,No alcohol,not permitted,informal,partially,medium,2,familiar,FALSE,closed,none,Medium | price | No alcohol | Familiar,0,1,2,1,matches stated budget
U1095,135034,2,2,2,1,22.179865,-101.018547,FALSE,abstemious,formal,family,public,married,independent,1986,variety,thrifty-protector,Catholic,student,blue,65,medium,1.65,26,25-34,23.875114784205696,healthy,1,S1: Quieter mixed students,Michiko Restaurant Japones,San Luis Potosi,SLP,No_Alcohol_Served,No alcohol,none,informal,no_accessibility,medium,2,familiar,FALSE,closed,none,Medium | price | No alcohol | Familiar,0,1,2,1,matches stated budget
U1095,135058,1,2,2,0,22.179865,-101.018547,FALSE,abstemious,formal,family,public,married,independent,1986,variety,thrifty-protector,Catholic,student,blue,65,medium,1.65,26,25-34,23.875114784205696,healthy,1,S1: Quieter mixed students,Restaurante Tiberius,San Luis Potosi,SLP,No_Alcohol_Served,No alcohol,none,informal,no_accessibility,medium,2,familiar,TRUE,closed,none,Medium | price | No alcohol | Familiar,0,1,2,1,matches stated budget
U1034,135086,1,1,1,0,22.137178,-101.013169,FALSE,casual drinker,informal,family,public,single,independent,1990,technology,thrifty-protector,Catholic,student,yellow,50,medium,1.58,22,18-24,20.028841531805796,healthy,3,S3: Tech-focused students,Mcdonalds Parque Tangamanga,San Luis Potosi,SLP,No_Alcohol_Served,No alcohol,not permitted,informal,no_accessibility,medium,2,familiar,TRUE,closed,none,Medium | price | No alcohol | Familiar,0,1,2,1,matches stated budget
U1095,132861,1,1,1,0,22.179865,-101.018547,FALSE,abstemious,formal,family,public,married,independent,1986,variety,thrifty-protector,Catholic,student,blue,65,medium,1.65,26,25-34,23.875114784205696,healthy,1,S1: Quieter mixed students,Carls Jr,San Luis Potosi,San Luis Potosi,No_Alcohol_Served,No alcohol,not permitted,informal,completely,medium,2,familiar,TRUE,closed,none,Medium | price | No alcohol | Familiar,0,1,2,1,matches stated budget
U1034,135049,0,0,0,0,22.137178,-101.013169,FALSE,casual drinker,informal,family,public,single,independent,1990,technology,thrifty-protector,Catholic,student,yellow,50,medium,1.58,22,18-24,20.028841531805796,healthy,3,S3: Tech-focused students,Restaurante de Mariscos la Langosta,San Luis Potosi,SLP,No_Alcohol_Served,No alcohol,none,informal,no_accessibility,medium,2,familiar,FALSE,closed,none,Medium | price | No alcohol | Familiar,0,1,2,1,matches stated budget
U1034,132723,1,0,1,0,22.137178,-101.013169,FALSE,casual drinker,informal,family,public,single,independent,1990,technology,thrifty-protector,Catholic,student,yellow,50,medium,1.58,22,18-24,20.028841531805796,healthy,3,S3: Tech-focused students,Gordas de morales,NA,San Luis Potosi,Full_Bar,Full bar,section,informal,completely,medium,2,familiar,FALSE,closed,none,Medium | price | Full bar | Familiar,1,1,2,1,matches stated budget
U1095,132723,2,2,2,1,22.179865,-101.018547,FALSE,abstemious,formal,family,public,married,independent,1986,variety,thrifty-protector,Catholic,student,blue,65,medium,1.65,26,25-34,23.875114784205696,healthy,1,S1: Quieter mixed students,Gordas de morales,NA,San Luis Potosi,Full_Bar,Full bar,section,informal,completely,medium,2,familiar,FALSE,closed,none,Medium | price | Full bar | Familiar,0,1,2,1,matches stated budget
U1095,135086,1,2,1,0,22.179865,-101.018547,FALSE,abstemious,formal,family,public,married,independent,1986,variety,thrifty-protector,Catholic,student,blue,65,medium,1.65,26,25-34,23.875114784205696,healthy,1,S1: Quieter mixed students,Mcdonalds Parque Tangamanga,San Luis Potosi,SLP,No_Alcohol_Served,No alcohol,not permitted,informal,no_accessibility,medium,2,familiar,TRUE,closed,none,Medium | price | No alcohol | Familiar,0,1,2,1,matches stated budget
U1095,135055,2,2,2,1,22.179865,-101.018547,FALSE,abstemious,formal,family,public,married,independent,1986,variety,thrifty-protector,Catholic,student,blue,65,medium,1.65,26,25-34,23.875114784205696,healthy,1,S1: Quieter mixed students,la Cochinita Pibil Restaurante Yucateco,San Luis Potosi,SLP,No_Alcohol_Served,No alcohol,section,informal,no_accessibility,high,3,familiar,FALSE,closed,none,High | price | No alcohol | Familiar,0,1,2,0,above stated budget
U1007,135058,1,2,1,0,22.118464,-100.938256,FALSE,casual drinker,informal,solitary,public,single,independent,1989,variety,thrifty-protector,Catholic,student,purple,60,low,1.59,23,18-24,23.73323840037973,healthy,3,S3: Tech-focused students,Restaurante Tiberius,San Luis Potosi,SLP,No_Alcohol_Served,No alcohol,none,informal,no_accessibility,medium,2,familiar,TRUE,closed,none,Medium | price | No alcohol | Familiar,0,1,1,0,above stated budget
U1007,135085,1,2,0,0,22.118464,-100.938256,FALSE,casual drinker,informal,solitary,public,single,independent,1989,variety,thrifty-protector,Catholic,student,purple,60,low,1.59,23,18-24,23.73323840037973,healthy,3,S3: Tech-focused students,Tortas Locas Hipocampo,San Luis Potosi,SLP,No_Alcohol_Served,No alcohol,not permitted,informal,no_accessibility,medium,2,familiar,FALSE,closed,none,Medium | price | No alcohol | Familiar,0,1,1,0,above stated budget
U1095,135064,1,1,1,0,22.179865,-101.018547,FALSE,abstemious,formal,family,public,married,independent,1986,variety,thrifty-protector,Catholic,student,blue,65,medium,1.65,26,25-34,23.875114784205696,healthy,1,S1: Quieter mixed students,Restaurante El Chivero S.A. de C.V.,San Luis Potosi,SLP,No_Alcohol_Served,No alcohol,none,informal,no_accessibility,high,3,familiar,FALSE,closed,none,High | price | No alcohol | Familiar,0,1,2,0,above stated budget
U1095,135035,2,2,2,1,22.179865,-101.018547,FALSE,abstemious,formal,family,public,married,independent,1986,variety,thrifty-protector,Catholic,student,blue,65,medium,1.65,26,25-34,23.875114784205696,healthy,1,S1: Quieter mixed students,El Mundo de la Pasta,San Luis Potosi,SLP,No_Alcohol_Served,No alcohol,section,informal,no_accessibility,high,3,familiar,FALSE,closed,none,High | price | No alcohol | Familiar,1,1,2,0,above stated budget
U1095,135072,2,2,2,1,22.179865,-101.018547,FALSE,abstemious,formal,family,public,married,independent,1986,variety,thrifty-protector,Catholic,student,blue,65,medium,1.65,26,25-34,23.875114784205696,healthy,1,S1: Quieter mixed students,Sushi Itto,San Luis Potosi,SLP,No_Alcohol_Served,No alcohol,none,informal,no_accessibility,medium,2,familiar,FALSE,closed,none,Medium | price | No alcohol | Familiar,0,1,2,1,matches stated budget
U1007,135025,1,1,1,0,22.118464,-100.938256,FALSE,casual drinker,informal,solitary,public,single,independent,1989,variety,thrifty-protector,Catholic,student,purple,60,low,1.59,23,18-24,23.73323840037973,healthy,3,S3: Tech-focused students,El Rincon de San Francisco,San Luis Potosi,SLP,No_Alcohol_Served,No alcohol,none,informal,no_accessibility,medium,2,familiar,FALSE,closed,none,Medium | price | No alcohol | Familiar,0,1,1,0,above stated budget
U1007,135032,1,1,0,0,22.118464,-100.938256,FALSE,casual drinker,informal,solitary,public,single,independent,1989,variety,thrifty-protector,Catholic,student,purple,60,low,1.59,23,18-24,23.73323840037973,healthy,3,S3: Tech-focused students,Cafeteria y Restaurant El Pacifico,San Luis Potosi,SLP,Wine-Beer,Wine or beer,section,informal,no_accessibility,medium,2,familiar,FALSE,closed,none,Medium | price | Wine or beer | Familiar,0,1,1,0,above stated budget
U1007,135086,0,0,0,0,22.118464,-100.938256,FALSE,casual drinker,informal,solitary,public,single,independent,1989,variety,thrifty-protector,Catholic,student,purple,60,low,1.59,23,18-24,23.73323840037973,healthy,3,S3: Tech-focused students,Mcdonalds Parque Tangamanga,San Luis Potosi,SLP,No_Alcohol_Served,No alcohol,not permitted,informal,no_accessibility,medium,2,familiar,TRUE,closed,none,Medium | price | No alcohol | Familiar,0,1,1,0,above stated budget
U1007,132572,1,1,1,0,22.118464,-100.938256,FALSE,casual drinker,informal,solitary,public,single,independent,1989,variety,thrifty-protector,Catholic,student,purple,60,low,1.59,23,18-24,23.73323840037973,healthy,3,S3: Tech-focused students,Cafe Chaires,San Luis Potosi,San Luis Potosi,No_Alcohol_Served,No alcohol,not permitted,informal,completely,low,1,familiar,FALSE,closed,none,Low | price | No alcohol | Familiar,0,1,1,1,matches stated budget
U1007,135038,1,1,0,0,22.118464,-100.938256,FALSE,casual drinker,informal,solitary,public,single,independent,1989,variety,thrifty-protector,Catholic,student,purple,60,low,1.59,23,18-24,23.73323840037973,healthy,3,S3: Tech-focused students,Restaurant la Chalita,San Luis Potosi,SLP,No_Alcohol_Served,No alcohol,section,informal,no_accessibility,medium,2,familiar,FALSE,closed,none,Medium | price | No alcohol | Familiar,0,1,1,0,above stated budget
U1078,132885,1,1,1,0,22.172109,-100.963199,TRUE,social drinker,informal,solitary,car owner,single,independent,1983,variety,hard-worker,Catholic,professional,blue,69,medium,1.69,29,25-34,24.158817968558527,healthy,2,S2: Mobile social students,Hamburguesas saul,San Luis Potosi,San Luis Potosi,No_Alcohol_Served,No alcohol,none,informal,completely,low,1,familiar,FALSE,closed,none,Low | price | No alcohol | Familiar,0,1,2,1,below stated budget
U1099,135076,1,1,0,0,22.184862,-100.970535,TRUE,social drinker,informal,family,public,single,independent,1989,technology,conformist,Catholic,student,purple,70,high,2,23,18-24,17.5,underweight,3,S3: Tech-focused students,Restaurante Pueblo Bonito,San Luis Potosi,SLP,Wine-Beer,Wine or beer,none,informal,no_accessibility,high,3,familiar,FALSE,closed,none,High | price | Wine or beer | Familiar,0,1,3,1,matches stated budget
U1099,132834,2,2,2,1,22.184862,-100.970535,TRUE,social drinker,informal,family,public,single,independent,1989,technology,conformist,Catholic,student,purple,70,high,2,23,18-24,17.5,underweight,3,S3: Tech-focused students,Gorditas Doa Gloria,san luis potosi,san luis potosi,No_Alcohol_Served,No alcohol,not permitted,casual,no_accessibility,low,1,familiar,FALSE,closed,none,Low | price | No alcohol | Familiar,1,1,3,1,below stated budget
U1008,132866,1,1,1,0,22.122989,-100.923811,FALSE,social drinker,formal,solitary,public,single,independent,1989,technology,hard-worker,Catholic,student,green,68,low,1.72,23,18-24,22.985397512168742,healthy,3,S3: Tech-focused students,Chaires,San Luis Potosi,San Luis Potosi,No_Alcohol_Served,No alcohol,not permitted,informal,completely,medium,2,familiar,FALSE,closed,none,Medium | price | No alcohol | Familiar,1,1,1,0,above stated budget
U1008,132858,1,2,1,0,22.122989,-100.923811,FALSE,social drinker,formal,solitary,public,single,independent,1989,technology,hard-worker,Catholic,student,green,68,low,1.72,23,18-24,22.985397512168742,healthy,3,S3: Tech-focused students,Hamburguesas Valle Dorado,San Luis Potosi,San Luis Potosi,No_Alcohol_Served,No alcohol,none,informal,completely,low,1,familiar,FALSE,closed,none,Low | price | No alcohol | Familiar,0,1,1,1,matches stated budget
U1099,135043,2,2,2,1,22.184862,-100.970535,TRUE,social drinker,informal,family,public,single,independent,1989,technology,conformist,Catholic,student,purple,70,high,2,23,18-24,17.5,underweight,3,S3: Tech-focused students,pizza clasica,Soledad,SLP,No_Alcohol_Served,No alcohol,none,informal,no_accessibility,medium,2,familiar,FALSE,closed,none,Medium | price | No alcohol | Familiar,0,1,3,1,below stated budget
U1099,132885,0,0,0,0,22.184862,-100.970535,TRUE,social drinker,informal,family,public,single,independent,1989,technology,conformist,Catholic,student,purple,70,high,2,23,18-24,17.5,underweight,3,S3: Tech-focused students,Hamburguesas saul,San Luis Potosi,San Luis Potosi,No_Alcohol_Served,No alcohol,none,informal,completely,low,1,familiar,FALSE,closed,none,Low | price | No alcohol | Familiar,0,1,3,1,below stated budget
U1008,132854,2,2,1,1,22.122989,-100.923811,FALSE,social drinker,formal,solitary,public,single,independent,1989,technology,hard-worker,Catholic,student,green,68,low,1.72,23,18-24,22.985397512168742,healthy,3,S3: Tech-focused students,Sirlone,San Luis Potosi,San Luis Potosi,Wine-Beer,Wine or beer,none,informal,completely,medium,2,familiar,FALSE,closed,none,Medium | price | Wine or beer | Familiar,0,1,1,0,above stated budget
U1099,132872,1,1,2,0,22.184862,-100.970535,TRUE,social drinker,informal,family,public,single,independent,1989,technology,conformist,Catholic,student,purple,70,high,2,23,18-24,17.5,underweight,3,S3: Tech-focused students,Pizzeria Julios,s.l.p,mexico,No_Alcohol_Served,No alcohol,not permitted,informal,partially,medium,2,familiar,FALSE,closed,none,Medium | price | No alcohol | Familiar,0,1,3,1,below stated budget
U1008,135108,1,1,0,0,22.122989,-100.923811,FALSE,social drinker,formal,solitary,public,single,independent,1989,technology,hard-worker,Catholic,student,green,68,low,1.72,23,18-24,22.985397512168742,healthy,3,S3: Tech-focused students,Potzocalli,San Luis Potosi,NA,No_Alcohol_Served,No alcohol,none,informal,completely,low,1,familiar,FALSE,closed,none,Low | price | No alcohol | Familiar,0,0,1,1,matches stated budget
U1008,132851,1,1,1,0,22.122989,-100.923811,FALSE,social drinker,formal,solitary,public,single,independent,1989,technology,hard-worker,Catholic,student,green,68,low,1.72,23,18-24,22.985397512168742,healthy,3,S3: Tech-focused students,KFC,San Luis Potosi,San Luis Potosi,No_Alcohol_Served,No alcohol,not permitted,informal,completely,low,1,familiar,FALSE,closed,none,Low | price | No alcohol | Familiar,1,1,1,1,matches stated budget
U1099,132856,1,1,0,0,22.184862,-100.970535,TRUE,social drinker,informal,family,public,single,independent,1989,technology,conformist,Catholic,student,purple,70,high,2,23,18-24,17.5,underweight,3,S3: Tech-focused students,Unicols Pizza,San Luis Potosi,San Luis Potosi,Wine-Beer,Wine or beer,none,informal,completely,low,1,familiar,FALSE,closed,none,Low | price | Wine or beer | Familiar,0,1,3,1,below stated budget
U1008,132869,1,1,1,0,22.122989,-100.923811,FALSE,social drinker,formal,solitary,public,single,independent,1989,technology,hard-worker,Catholic,student,green,68,low,1.72,23,18-24,22.985397512168742,healthy,3,S3: Tech-focused students,Dominos Pizza,San Luis Potosi,San Luis Potosi,No_Alcohol_Served,No alcohol,not permitted,informal,no_accessibility,medium,2,familiar,FALSE,closed,none,Medium | price | No alcohol | Familiar,0,1,1,0,above stated budget
U1099,135066,1,1,1,0,22.184862,-100.970535,TRUE,social drinker,informal,family,public,single,independent,1989,technology,conformist,Catholic,student,purple,70,high,2,23,18-24,17.5,underweight,3,S3: Tech-focused students,Restaurante Guerra,San Luis Potosi,SLP,Wine-Beer,Wine or beer,section,informal,no_accessibility,high,3,familiar,FALSE,closed,none,High | price | Wine or beer | Familiar,0,1,3,1,matches stated budget
U1008,135069,1,1,1,0,22.122989,-100.923811,FALSE,social drinker,formal,solitary,public,single,independent,1989,technology,hard-worker,Catholic,student,green,68,low,1.72,23,18-24,22.985397512168742,healthy,3,S3: Tech-focused students,Abondance Restaurante Bar,San Luis Potosi,SLP,Wine-Beer,Wine or beer,none,informal,no_accessibility,low,1,familiar,FALSE,closed,none,Low | price | Wine or beer | Familiar,0,1,1,1,matches stated budget
U1099,135038,0,1,1,0,22.184862,-100.970535,TRUE,social drinker,informal,family,public,single,independent,1989,technology,conformist,Catholic,student,purple,70,high,2,23,18-24,17.5,underweight,3,S3: Tech-focused students,Restaurant la Chalita,San Luis Potosi,SLP,No_Alcohol_Served,No alcohol,section,informal,no_accessibility,medium,2,familiar,FALSE,closed,none,Medium | price | No alcohol | Familiar,0,1,3,1,below stated budget
U1099,135060,2,2,2,1,22.184862,-100.970535,TRUE,social drinker,informal,family,public,single,independent,1989,technology,conformist,Catholic,student,purple,70,high,2,23,18-24,17.5,underweight,3,S3: Tech-focused students,Restaurante Marisco Sam,San Luis Potosi,SLP,No_Alcohol_Served,No alcohol,none,informal,no_accessibility,medium,2,familiar,FALSE,closed,none,Medium | price | No alcohol | Familiar,0,1,3,1,below stated budget
U1099,135045,1,1,1,0,22.184862,-100.970535,TRUE,social drinker,informal,family,public,single,independent,1989,technology,conformist,Catholic,student,purple,70,high,2,23,18-24,17.5,underweight,3,S3: Tech-focused students,Restaurante la Gran Via,San Luis Potosi,SLP,Wine-Beer,Wine or beer,none,casual,no_accessibility,high,3,familiar,FALSE,closed,none,High | price | Wine or beer | Familiar,0,1,3,1,matches stated budget
U1008,132846,1,1,1,0,22.122989,-100.923811,FALSE,social drinker,formal,solitary,public,single,independent,1989,technology,hard-worker,Catholic,student,green,68,low,1.72,23,18-24,22.985397512168742,healthy,3,S3: Tech-focused students,el lechon potosino,san luis potosi,slp,No_Alcohol_Served,No alcohol,permitted,casual,no_accessibility,low,1,familiar,FALSE,open,none,Low | price | No alcohol | Familiar,0,1,1,1,matches stated budget
U1008,135054,1,1,1,0,22.122989,-100.923811,FALSE,social drinker,formal,solitary,public,single,independent,1989,technology,hard-worker,Catholic,student,green,68,low,1.72,23,18-24,22.985397512168742,healthy,3,S3: Tech-focused students,Restaurante y Pescaderia Tampico,San Luis Potosi,SLP,No_Alcohol_Served,No alcohol,none,informal,no_accessibility,high,3,familiar,FALSE,closed,none,High | price | No alcohol | Familiar,0,1,1,0,above stated budget
U1099,135042,1,1,1,0,22.184862,-100.970535,TRUE,social drinker,informal,family,public,single,independent,1989,technology,conformist,Catholic,student,purple,70,high,2,23,18-24,17.5,underweight,3,S3: Tech-focused students,Restaurant Oriental Express,San Luis Potosi,SLP,No_Alcohol_Served,No alcohol,none,informal,no_accessibility,medium,2,familiar,FALSE,closed,none,Medium | price | No alcohol | Familiar,0,1,3,1,below stated budget
U1040,132773,1,1,1,0,18.895187,-99.18039,FALSE,abstemious,no preference,friends,public,single,independent,1994,none,thrifty-protector,Catholic,student,blue,73,medium,1.64,18,18-24,27.141582391433676,overweight,1,S1: Quieter mixed students,El cotorreo,Cuernavaca,Morelos,Wine-Beer,Wine or beer,permitted,informal,no_accessibility,low,1,familiar,FALSE,open,none,Low | price | Wine or beer | Familiar,0,1,2,1,below stated budget
U1040,134999,1,1,1,0,18.895187,-99.18039,FALSE,abstemious,no preference,friends,public,single,independent,1994,none,thrifty-protector,Catholic,student,blue,73,medium,1.64,18,18-24,27.141582391433676,overweight,1,S1: Quieter mixed students,Kiku Cuernavaca,Cuernavaca,Morelos,No_Alcohol_Served,No alcohol,none,informal,no_accessibility,medium,2,familiar,FALSE,closed,none,Medium | price | No alcohol | Familiar,0,0,2,1,matches stated budget
U1040,135013,2,2,2,1,18.895187,-99.18039,FALSE,abstemious,no preference,friends,public,single,independent,1994,none,thrifty-protector,Catholic,student,blue,73,medium,1.64,18,18-24,27.141582391433676,overweight,1,S1: Quieter mixed students,Giovannis,Jiutepec,Morelos,No_Alcohol_Served,No alcohol,none,informal,no_accessibility,low,1,familiar,FALSE,closed,none,Low | price | No alcohol | Familiar,0,1,2,1,below stated budget
U1040,135019,1,2,1,0,18.895187,-99.18039,FALSE,abstemious,no preference,friends,public,single,independent,1994,none,thrifty-protector,Catholic,student,blue,73,medium,1.64,18,18-24,27.141582391433676,overweight,1,S1: Quieter mixed students,Restaurant Bar Coty y Pablo,Jiutepec,Morelos,No_Alcohol_Served,No alcohol,none,informal,completely,low,1,familiar,FALSE,closed,none,Low | price | No alcohol | Familiar,0,0,2,1,below stated budget
U1121,135021,0,0,0,0,18.871674,-99.183253,FALSE,social drinker,no preference,family,public,married,independent,1987,variety,thrifty-protector,Catholic,working-class,black,90,medium,1.6,25,25-34,35.15624999999999,obese,1,S1: Quieter mixed students,Subway,Cuernavaca,Morelos,No_Alcohol_Served,No alcohol,not permitted,informal,no_accessibility,low,1,familiar,TRUE,closed,none,Low | price | No alcohol | Familiar,0,1,2,1,below stated budget
U1110,135021,1,2,1,0,18.871678,-99.183263,FALSE,abstemious,no preference,family,car owner,single,independent,1993,variety,thrifty-protector,Catholic,student,red,85,medium,1.75,19,18-24,27.755102040816325,overweight,1,S1: Quieter mixed students,Subway,Cuernavaca,Morelos,No_Alcohol_Served,No alcohol,not permitted,informal,no_accessibility,low,1,familiar,TRUE,closed,none,Low | price | No alcohol | Familiar,0,1,2,1,below stated budget
U1110,132767,2,2,2,1,18.871678,-99.183263,FALSE,abstemious,no preference,family,car owner,single,independent,1993,variety,thrifty-protector,Catholic,student,red,85,medium,1.75,19,18-24,27.755102040816325,overweight,1,S1: Quieter mixed students,Restaurant Familiar El Chino,Jiutepec,Morelos,Wine-Beer,Wine or beer,permitted,casual,partially,medium,2,familiar,FALSE,open,variety,Medium | price | Wine or beer | Familiar,0,1,2,1,matches stated budget
U1110,135013,2,2,2,1,18.871678,-99.183263,FALSE,abstemious,no preference,family,car owner,single,independent,1993,variety,thrifty-protector,Catholic,student,red,85,medium,1.75,19,18-24,27.755102040816325,overweight,1,S1: Quieter mixed students,Giovannis,Jiutepec,Morelos,No_Alcohol_Served,No alcohol,none,informal,no_accessibility,low,1,familiar,FALSE,closed,none,Low | price | No alcohol | Familiar,0,1,2,1,below stated budget
U1110,134999,2,2,2,1,18.871678,-99.183263,FALSE,abstemious,no preference,family,car owner,single,independent,1993,variety,thrifty-protector,Catholic,student,red,85,medium,1.75,19,18-24,27.755102040816325,overweight,1,S1: Quieter mixed students,Kiku Cuernavaca,Cuernavaca,Morelos,No_Alcohol_Served,No alcohol,none,informal,no_accessibility,medium,2,familiar,FALSE,closed,none,Medium | price | No alcohol | Familiar,0,0,2,1,matches stated budget
U1121,135019,2,2,2,1,18.871674,-99.183253,FALSE,social drinker,no preference,family,public,married,independent,1987,variety,thrifty-protector,Catholic,working-class,black,90,medium,1.6,25,25-34,35.15624999999999,obese,1,S1: Quieter mixed students,Restaurant Bar Coty y Pablo,Jiutepec,Morelos,No_Alcohol_Served,No alcohol,none,informal,completely,low,1,familiar,FALSE,closed,none,Low | price | No alcohol | Familiar,0,0,2,1,below stated budget
U1121,132767,2,2,2,1,18.871674,-99.183253,FALSE,social drinker,no preference,family,public,married,independent,1987,variety,thrifty-protector,Catholic,working-class,black,90,medium,1.6,25,25-34,35.15624999999999,obese,1,S1: Quieter mixed students,Restaurant Familiar El Chino,Jiutepec,Morelos,Wine-Beer,Wine or beer,permitted,casual,partially,medium,2,familiar,FALSE,open,variety,Medium | price | Wine or beer | Familiar,0,1,2,1,matches stated budget
U1121,134999,2,2,2,1,18.871674,-99.183253,FALSE,social drinker,no preference,family,public,married,independent,1987,variety,thrifty-protector,Catholic,working-class,black,90,medium,1.6,25,25-34,35.15624999999999,obese,1,S1: Quieter mixed students,Kiku Cuernavaca,Cuernavaca,Morelos,No_Alcohol_Served,No alcohol,none,informal,no_accessibility,medium,2,familiar,FALSE,closed,none,Medium | price | No alcohol | Familiar,0,0,2,1,matches stated budget
U1042,132768,2,2,1,1,18.925773,-99.219589,FALSE,abstemious,no preference,family,car owner,single,independent,1943,technology,thrifty-protector,Christian,student,yellow,40,high,1.4,69,45+,20.408163265306126,healthy,1,S1: Quieter mixed students,Mariscos Tia Licha,cuernavaca,morelos,No_Alcohol_Served,No alcohol,not permitted,casual,partially,medium,2,familiar,TRUE,closed,none,Medium | price | No alcohol | Familiar,0,1,3,1,below stated budget
U1042,135021,1,2,0,0,18.925773,-99.219589,FALSE,abstemious,no preference,family,car owner,single,independent,1943,technology,thrifty-protector,Christian,student,yellow,40,high,1.4,69,45+,20.408163265306126,healthy,1,S1: Quieter mixed students,Subway,Cuernavaca,Morelos,No_Alcohol_Served,No alcohol,not permitted,informal,no_accessibility,low,1,familiar,TRUE,closed,none,Low | price | No alcohol | Familiar,0,0,3,1,below stated budget
U1042,134996,2,2,2,1,18.925773,-99.219589,FALSE,abstemious,no preference,family,car owner,single,independent,1943,technology,thrifty-protector,Christian,student,yellow,40,high,1.4,69,45+,20.408163265306126,healthy,1,S1: Quieter mixed students,Sanborns Casa Piedra,Cuernavaca,Morelos,Wine-Beer,Wine or beer,only at bar,informal,no_accessibility,medium,2,familiar,TRUE,closed,Internet,Medium | price | Wine or beer | Familiar,0,0,3,1,below stated budget
U1013,135079,1,1,1,0,22.174624,-100.993873,FALSE,abstemious,no preference,friends,public,widow,independent,1982,retro,thrifty-protector,none,professional,blue,80,medium,1.75,30,25-34,26.122448979591837,overweight,1,S1: Quieter mixed students,Koye Sushi,San Luis Potosi,SLP,No_Alcohol_Served,No alcohol,none,informal,no_accessibility,high,3,familiar,FALSE,closed,none,High | price | No alcohol | Familiar,0,1,2,0,above stated budget
U1013,135072,2,1,1,1,22.174624,-100.993873,FALSE,abstemious,no preference,friends,public,widow,independent,1982,retro,thrifty-protector,none,professional,blue,80,medium,1.75,30,25-34,26.122448979591837,overweight,1,S1: Quieter mixed students,Sushi Itto,San Luis Potosi,SLP,No_Alcohol_Served,No alcohol,none,informal,no_accessibility,medium,2,familiar,FALSE,closed,none,Medium | price | No alcohol | Familiar,1,1,2,1,matches stated budget
U1013,135085,1,2,0,0,22.174624,-100.993873,FALSE,abstemious,no preference,friends,public,widow,independent,1982,retro,thrifty-protector,none,professional,blue,80,medium,1.75,30,25-34,26.122448979591837,overweight,1,S1: Quieter mixed students,Tortas Locas Hipocampo,San Luis Potosi,SLP,No_Alcohol_Served,No alcohol,not permitted,informal,no_accessibility,medium,2,familiar,FALSE,closed,none,Medium | price | No alcohol | Familiar,0,1,2,1,matches stated budget
U1013,135076,1,1,0,0,22.174624,-100.993873,FALSE,abstemious,no preference,friends,public,widow,independent,1982,retro,thrifty-protector,none,professional,blue,80,medium,1.75,30,25-34,26.122448979591837,overweight,1,S1: Quieter mixed students,Restaurante Pueblo Bonito,San Luis Potosi,SLP,Wine-Beer,Wine or beer,none,informal,no_accessibility,high,3,familiar,FALSE,closed,none,High | price | Wine or beer | Familiar,0,1,2,0,above stated budget
U1054,135062,2,2,0,1,22.150683,-100.975342,FALSE,social drinker,formal,family,public,single,independent,1992,technology,thrifty-protector,Catholic,student,blue,59,medium,1.7,20,18-24,20.41522491349481,healthy,3,S3: Tech-focused students,Restaurante El Cielo Potosino,San Luis Potosi,SLP,No_Alcohol_Served,No alcohol,none,informal,no_accessibility,medium,2,familiar,FALSE,closed,none,Medium | price | No alcohol | Familiar,0,1,2,1,matches stated budget
U1054,135060,2,2,2,1,22.150683,-100.975342,FALSE,social drinker,formal,family,public,single,independent,1992,technology,thrifty-protector,Catholic,student,blue,59,medium,1.7,20,18-24,20.41522491349481,healthy,3,S3: Tech-focused students,Restaurante Marisco Sam,San Luis Potosi,SLP,No_Alcohol_Served,No alcohol,none,informal,no_accessibility,medium,2,familiar,FALSE,closed,none,Medium | price | No alcohol | Familiar,0,1,2,1,matches stated budget
U1054,135039,2,2,1,1,22.150683,-100.975342,FALSE,social drinker,formal,family,public,single,independent,1992,technology,thrifty-protector,Catholic,student,blue,59,medium,1.7,20,18-24,20.41522491349481,healthy,3,S3: Tech-focused students,Restaurant de Mariscos de Picon,San Luis Potosi,SLP,No_Alcohol_Served,No alcohol,section,informal,no_accessibility,low,1,familiar,FALSE,closed,none,Low | price | No alcohol | Familiar,0,1,2,1,below stated budget
U1054,135052,2,2,1,1,22.150683,-100.975342,FALSE,social drinker,formal,family,public,single,independent,1992,technology,thrifty-protector,Catholic,student,blue,59,medium,1.7,20,18-24,20.41522491349481,healthy,3,S3: Tech-focused students,La Cantina Restaurante,San Luis Potosi,SLP,Full_Bar,Full bar,none,informal,no_accessibility,high,3,familiar,FALSE,closed,none,High | price | Full bar | Familiar,0,1,2,0,above stated budget
U1054,132856,2,2,2,1,22.150683,-100.975342,FALSE,social drinker,formal,family,public,single,independent,1992,technology,thrifty-protector,Catholic,student,blue,59,medium,1.7,20,18-24,20.41522491349481,healthy,3,S3: Tech-focused students,Unicols Pizza,San Luis Potosi,San Luis Potosi,Wine-Beer,Wine or beer,none,informal,completely,low,1,familiar,FALSE,closed,none,Low | price | Wine or beer | Familiar,0,1,2,1,below stated budget
U1054,135051,2,2,0,1,22.150683,-100.975342,FALSE,social drinker,formal,family,public,single,independent,1992,technology,thrifty-protector,Catholic,student,blue,59,medium,1.7,20,18-24,20.41522491349481,healthy,3,S3: Tech-focused students,Restaurante Versalles,San Luis Potosi,SLP,No_Alcohol_Served,No alcohol,section,informal,no_accessibility,low,1,familiar,FALSE,closed,none,Low | price | No alcohol | Familiar,0,1,2,1,below stated budget
U1054,135025,2,2,2,1,22.150683,-100.975342,FALSE,social drinker,formal,family,public,single,independent,1992,technology,thrifty-protector,Catholic,student,blue,59,medium,1.7,20,18-24,20.41522491349481,healthy,3,S3: Tech-focused students,El Rincon de San Francisco,San Luis Potosi,SLP,No_Alcohol_Served,No alcohol,none,informal,no_accessibility,medium,2,familiar,FALSE,closed,none,Medium | price | No alcohol | Familiar,1,1,2,1,matches stated budget
U1054,135041,2,2,2,1,22.150683,-100.975342,FALSE,social drinker,formal,family,public,single,independent,1992,technology,thrifty-protector,Catholic,student,blue,59,medium,1.7,20,18-24,20.41522491349481,healthy,3,S3: Tech-focused students,Luna Cafe,San Luis Potosi,SLP,Wine-Beer,Wine or beer,none,informal,no_accessibility,medium,2,familiar,FALSE,closed,none,Medium | price | Wine or beer | Familiar,0,1,2,1,matches stated budget
U1054,135038,2,1,1,1,22.150683,-100.975342,FALSE,social drinker,formal,family,public,single,independent,1992,technology,thrifty-protector,Catholic,student,blue,59,medium,1.7,20,18-24,20.41522491349481,healthy,3,S3: Tech-focused students,Restaurant la Chalita,San Luis Potosi,SLP,No_Alcohol_Served,No alcohol,section,informal,no_accessibility,medium,2,familiar,FALSE,closed,none,Medium | price | No alcohol | Familiar,0,1,2,1,matches stated budget
U1054,135032,1,1,1,0,22.150683,-100.975342,FALSE,social drinker,formal,family,public,single,independent,1992,technology,thrifty-protector,Catholic,student,blue,59,medium,1.7,20,18-24,20.41522491349481,healthy,3,S3: Tech-focused students,Cafeteria y Restaurant El Pacifico,San Luis Potosi,SLP,Wine-Beer,Wine or beer,section,informal,no_accessibility,medium,2,familiar,FALSE,closed,none,Medium | price | Wine or beer | Familiar,0,1,2,1,matches stated budget
U1054,135045,2,1,2,1,22.150683,-100.975342,FALSE,social drinker,formal,family,public,single,independent,1992,technology,thrifty-protector,Catholic,student,blue,59,medium,1.7,20,18-24,20.41522491349481,healthy,3,S3: Tech-focused students,Restaurante la Gran Via,San Luis Potosi,SLP,Wine-Beer,Wine or beer,none,casual,no_accessibility,high,3,familiar,FALSE,closed,none,High | price | Wine or beer | Familiar,0,1,2,0,above stated budget
U1042,134986,2,2,2,1,18.925773,-99.219589,FALSE,abstemious,no preference,family,car owner,single,independent,1943,technology,thrifty-protector,Christian,student,yellow,40,high,1.4,69,45+,20.408163265306126,healthy,1,S1: Quieter mixed students,Restaurant Las Mananitas,Cuernavaca,Morelos,Wine-Beer,Wine or beer,none,formal,no_accessibility,high,3,familiar,FALSE,closed,none,High | price | Wine or beer | Familiar,0,0,3,1,matches stated budget
U1042,134992,1,2,1,0,18.925773,-99.219589,FALSE,abstemious,no preference,family,car owner,single,independent,1943,technology,thrifty-protector,Christian,student,yellow,40,high,1.4,69,45+,20.408163265306126,healthy,1,S1: Quieter mixed students,Restaurant Teely,Cuernavaca,Morelos,Wine-Beer,Wine or beer,section,casual,no_accessibility,high,3,familiar,FALSE,closed,none,High | price | Wine or beer | Familiar,0,0,3,1,matches stated budget
U1111,132845,2,2,1,1,22.143078,-100.908523,TRUE,casual drinker,formal,friends,car owner,single,independent,1991,none,hard-worker,Catholic,student,white,69,medium,1.69,21,18-24,24.158817968558527,healthy,2,S2: Mobile social students,Cenaduria El RincÃ³n de Tlaquepaque,san luis potosi,san luis potosi,No_Alcohol_Served,No alcohol,none,informal,no_accessibility,medium,2,familiar,FALSE,closed,none,Medium | price | No alcohol | Familiar,1,1,2,1,matches stated budget
U1111,135071,2,2,2,1,22.143078,-100.908523,TRUE,casual drinker,formal,friends,car owner,single,independent,1991,none,hard-worker,Catholic,student,white,69,medium,1.69,21,18-24,24.158817968558527,healthy,2,S2: Mobile social students,Restaurante la Cantina,San Luis Potosi,SLP,Full_Bar,Full bar,section,informal,no_accessibility,medium,2,familiar,FALSE,closed,none,Medium | price | Full bar | Familiar,0,1,2,1,matches stated budget
U1111,132858,1,1,1,0,22.143078,-100.908523,TRUE,casual drinker,formal,friends,car owner,single,independent,1991,none,hard-worker,Catholic,student,white,69,medium,1.69,21,18-24,24.158817968558527,healthy,2,S2: Mobile social students,Hamburguesas Valle Dorado,San Luis Potosi,San Luis Potosi,No_Alcohol_Served,No alcohol,none,informal,completely,low,1,familiar,FALSE,closed,none,Low | price | No alcohol | Familiar,0,1,2,1,below stated budget
U1111,132854,2,2,2,1,22.143078,-100.908523,TRUE,casual drinker,formal,friends,car owner,single,independent,1991,none,hard-worker,Catholic,student,white,69,medium,1.69,21,18-24,24.158817968558527,healthy,2,S2: Mobile social students,Sirlone,San Luis Potosi,San Luis Potosi,Wine-Beer,Wine or beer,none,informal,completely,medium,2,familiar,FALSE,closed,none,Medium | price | Wine or beer | Familiar,0,1,2,1,matches stated budget
U1111,132877,1,1,1,0,22.143078,-100.908523,TRUE,casual drinker,formal,friends,car owner,single,independent,1991,none,hard-worker,Catholic,student,white,69,medium,1.69,21,18-24,24.158817968558527,healthy,2,S2: Mobile social students,sirloin stockade,NA,NA,No_Alcohol_Served,No alcohol,none,informal,completely,low,1,familiar,FALSE,closed,none,Low | price | No alcohol | Familiar,0,0,2,1,below stated budget
U1037,135071,1,0,0,0,22.15031,-100.900536,FALSE,social drinker,no preference,family,public,single,independent,1990,variety,thrifty-protector,Catholic,student,blue,52,low,1.5,22,18-24,23.11111111111111,healthy,1,S1: Quieter mixed students,Restaurante la Cantina,San Luis Potosi,SLP,Full_Bar,Full bar,section,informal,no_accessibility,medium,2,familiar,FALSE,closed,none,Medium | price | Full bar | Familiar,0,1,1,0,above stated budget
U1111,132851,2,1,0,1,22.143078,-100.908523,TRUE,casual drinker,formal,friends,car owner,single,independent,1991,none,hard-worker,Catholic,student,white,69,medium,1.69,21,18-24,24.158817968558527,healthy,2,S2: Mobile social students,KFC,San Luis Potosi,San Luis Potosi,No_Alcohol_Served,No alcohol,not permitted,informal,completely,low,1,familiar,FALSE,closed,none,Low | price | No alcohol | Familiar,0,1,2,1,below stated budget
U1111,135108,2,1,0,1,22.143078,-100.908523,TRUE,casual drinker,formal,friends,car owner,single,independent,1991,none,hard-worker,Catholic,student,white,69,medium,1.69,21,18-24,24.158817968558527,healthy,2,S2: Mobile social students,Potzocalli,San Luis Potosi,NA,No_Alcohol_Served,No alcohol,none,informal,completely,low,1,familiar,FALSE,closed,none,Low | price | No alcohol | Familiar,0,0,2,1,below stated budget
U1111,132869,0,0,0,0,22.143078,-100.908523,TRUE,casual drinker,formal,friends,car owner,single,independent,1991,none,hard-worker,Catholic,student,white,69,medium,1.69,21,18-24,24.158817968558527,healthy,2,S2: Mobile social students,Dominos Pizza,San Luis Potosi,San Luis Potosi,No_Alcohol_Served,No alcohol,not permitted,informal,no_accessibility,medium,2,familiar,FALSE,closed,none,Medium | price | No alcohol | Familiar,0,1,2,1,matches stated budget
U1037,132869,1,1,2,0,22.15031,-100.900536,FALSE,social drinker,no preference,family,public,single,independent,1990,variety,thrifty-protector,Catholic,student,blue,52,low,1.5,22,18-24,23.11111111111111,healthy,1,S1: Quieter mixed students,Dominos Pizza,San Luis Potosi,San Luis Potosi,No_Alcohol_Served,No alcohol,not permitted,informal,no_accessibility,medium,2,familiar,FALSE,closed,none,Medium | price | No alcohol | Familiar,0,1,1,0,above stated budget
U1111,132870,0,0,0,0,22.143078,-100.908523,TRUE,casual drinker,formal,friends,car owner,single,independent,1991,none,hard-worker,Catholic,student,white,69,medium,1.69,21,18-24,24.158817968558527,healthy,2,S2: Mobile social students,Tortas y hamburguesas el gordo,San Luis Potosi,San Luis Potosi,No_Alcohol_Served,No alcohol,not permitted,informal,no_accessibility,low,1,familiar,FALSE,closed,none,Low | price | No alcohol | Familiar,0,1,2,1,below stated budget
U1037,132851,2,2,1,1,22.15031,-100.900536,FALSE,social drinker,no preference,family,public,single,independent,1990,variety,thrifty-protector,Catholic,student,blue,52,low,1.5,22,18-24,23.11111111111111,healthy,1,S1: Quieter mixed students,KFC,San Luis Potosi,San Luis Potosi,No_Alcohol_Served,No alcohol,not permitted,informal,completely,low,1,familiar,FALSE,closed,none,Low | price | No alcohol | Familiar,0,1,1,1,matches stated budget
U1111,132847,0,0,0,0,22.143078,-100.908523,TRUE,casual drinker,formal,friends,car owner,single,independent,1991,none,hard-worker,Catholic,student,white,69,medium,1.69,21,18-24,24.158817968558527,healthy,2,S2: Mobile social students,don burguers,slp,slp,No_Alcohol_Served,No alcohol,none,informal,no_accessibility,low,1,familiar,FALSE,open,none,Low | price | No alcohol | Familiar,0,1,2,1,below stated budget
U1111,135082,1,0,0,0,22.143078,-100.908523,TRUE,casual drinker,formal,friends,car owner,single,independent,1991,none,hard-worker,Catholic,student,white,69,medium,1.69,21,18-24,24.158817968558527,healthy,2,S2: Mobile social students,la Estrella de Dimas,San Luis Potosi,SLP,No_Alcohol_Served,No alcohol,none,informal,no_accessibility,medium,2,familiar,FALSE,closed,none,Medium | price | No alcohol | Familiar,0,1,2,1,matches stated budget
U1037,132854,1,2,0,0,22.15031,-100.900536,FALSE,social drinker,no preference,family,public,single,independent,1990,variety,thrifty-protector,Catholic,student,blue,52,low,1.5,22,18-24,23.11111111111111,healthy,1,S1: Quieter mixed students,Sirlone,San Luis Potosi,San Luis Potosi,Wine-Beer,Wine or beer,none,informal,completely,medium,2,familiar,FALSE,closed,none,Medium | price | Wine or beer | Familiar,0,1,1,0,above stated budget
U1015,132845,1,1,1,0,22.12676,-100.905209,TRUE,social drinker,informal,family,public,single,independent,1989,technology,thrifty-protector,Catholic,student,black,87,medium,1.67,23,18-24,31.1950948402596,obese,3,S3: Tech-focused students,Cenaduria El RincÃ³n de Tlaquepaque,san luis potosi,san luis potosi,No_Alcohol_Served,No alcohol,none,informal,no_accessibility,medium,2,familiar,FALSE,closed,none,Medium | price | No alcohol | Familiar,1,1,2,1,matches stated budget
U1015,132866,0,1,1,0,22.12676,-100.905209,TRUE,social drinker,informal,family,public,single,independent,1989,technology,thrifty-protector,Catholic,student,black,87,medium,1.67,23,18-24,31.1950948402596,obese,3,S3: Tech-focused students,Chaires,San Luis Potosi,San Luis Potosi,No_Alcohol_Served,No alcohol,not permitted,informal,completely,medium,2,familiar,FALSE,closed,none,Medium | price | No alcohol | Familiar,0,1,2,1,matches stated budget
U1015,132870,0,0,1,0,22.12676,-100.905209,TRUE,social drinker,informal,family,public,single,independent,1989,technology,thrifty-protector,Catholic,student,black,87,medium,1.67,23,18-24,31.1950948402596,obese,3,S3: Tech-focused students,Tortas y hamburguesas el gordo,San Luis Potosi,San Luis Potosi,No_Alcohol_Served,No alcohol,not permitted,informal,no_accessibility,low,1,familiar,FALSE,closed,none,Low | price | No alcohol | Familiar,0,1,2,1,below stated budget
U1015,135054,1,1,1,0,22.12676,-100.905209,TRUE,social drinker,informal,family,public,single,independent,1989,technology,thrifty-protector,Catholic,student,black,87,medium,1.67,23,18-24,31.1950948402596,obese,3,S3: Tech-focused students,Restaurante y Pescaderia Tampico,San Luis Potosi,SLP,No_Alcohol_Served,No alcohol,none,informal,no_accessibility,high,3,familiar,FALSE,closed,none,High | price | No alcohol | Familiar,0,1,2,0,above stated budget
U1015,132869,2,2,2,1,22.12676,-100.905209,TRUE,social drinker,informal,family,public,single,independent,1989,technology,thrifty-protector,Catholic,student,black,87,medium,1.67,23,18-24,31.1950948402596,obese,3,S3: Tech-focused students,Dominos Pizza,San Luis Potosi,San Luis Potosi,No_Alcohol_Served,No alcohol,not permitted,informal,no_accessibility,medium,2,familiar,FALSE,closed,none,Medium | price | No alcohol | Familiar,0,1,2,1,matches stated budget
U1015,132851,1,1,1,0,22.12676,-100.905209,TRUE,social drinker,informal,family,public,single,independent,1989,technology,thrifty-protector,Catholic,student,black,87,medium,1.67,23,18-24,31.1950948402596,obese,3,S3: Tech-focused students,KFC,San Luis Potosi,San Luis Potosi,No_Alcohol_Served,No alcohol,not permitted,informal,completely,low,1,familiar,FALSE,closed,none,Low | price | No alcohol | Familiar,0,1,2,1,below stated budget
U1015,132877,1,1,2,0,22.12676,-100.905209,TRUE,social drinker,informal,family,public,single,independent,1989,technology,thrifty-protector,Catholic,student,black,87,medium,1.67,23,18-24,31.1950948402596,obese,3,S3: Tech-focused students,sirloin stockade,NA,NA,No_Alcohol_Served,No alcohol,none,informal,completely,low,1,familiar,FALSE,closed,none,Low | price | No alcohol | Familiar,0,0,2,1,below stated budget
U1128,132872,0,0,0,0,22.187236,-100.994213,FALSE,casual drinker,no preference,friends,public,single,independent,1986,variety,thrifty-protector,Catholic,student,red,66,low,1.72,26,25-34,22.30935640886966,healthy,1,S1: Quieter mixed students,Pizzeria Julios,s.l.p,mexico,No_Alcohol_Served,No alcohol,not permitted,informal,partially,medium,2,familiar,FALSE,closed,none,Medium | price | No alcohol | Familiar,0,1,1,0,above stated budget
U1062,132872,0,0,0,0,22.195826,-101.006317,FALSE,casual drinker,informal,friends,car owner,single,independent,1985,variety,hard-worker,Catholic,student,yellow,88,medium,1.68,27,25-34,31.17913832199547,obese,2,S2: Mobile social students,Pizzeria Julios,s.l.p,mexico,No_Alcohol_Served,No alcohol,not permitted,informal,partially,medium,2,familiar,FALSE,closed,none,Medium | price | No alcohol | Familiar,0,1,2,1,matches stated budget
U1101,135039,1,1,1,0,22.150891,-100.974891,FALSE,casual drinker,no preference,friends,car owner,single,independent,1988,eco-friendly,hunter-ostentatious,Catholic,student,white,50,low,1.69,24,18-24,17.506389832288786,underweight,2,S2: Mobile social students,Restaurant de Mariscos de Picon,San Luis Potosi,SLP,No_Alcohol_Served,No alcohol,section,informal,no_accessibility,low,1,familiar,FALSE,closed,none,Low | price | No alcohol | Familiar,0,1,1,1,matches stated budget
U1101,135027,2,1,1,1,22.150891,-100.974891,FALSE,casual drinker,no preference,friends,car owner,single,independent,1988,eco-friendly,hunter-ostentatious,Catholic,student,white,50,low,1.69,24,18-24,17.506389832288786,underweight,2,S2: Mobile social students,Restaurant Orizatlan,San Luis Potosi,SLP,Wine-Beer,Wine or beer,none,informal,no_accessibility,medium,2,familiar,FALSE,closed,none,Medium | price | Wine or beer | Familiar,1,1,1,0,above stated budget
U1101,135073,1,1,1,0,22.150891,-100.974891,FALSE,casual drinker,no preference,friends,car owner,single,independent,1988,eco-friendly,hunter-ostentatious,Catholic,student,white,50,low,1.69,24,18-24,17.506389832288786,underweight,2,S2: Mobile social students,Restaurante Bar El Gallinero,San Luis Potosi,SLP,Wine-Beer,Wine or beer,section,informal,no_accessibility,high,3,familiar,FALSE,closed,none,High | price | Wine or beer | Familiar,1,1,1,0,above stated budget
U1101,135106,0,0,0,0,22.150891,-100.974891,FALSE,casual drinker,no preference,friends,car owner,single,independent,1988,eco-friendly,hunter-ostentatious,Catholic,student,white,50,low,1.69,24,18-24,17.506389832288786,underweight,2,S2: Mobile social students,El Rincón de San Francisco,San Luis Potosi,San Luis Potosi,Wine-Beer,Wine or beer,only at bar,informal,partially,medium,2,familiar,FALSE,open,none,Medium | price | Wine or beer | Familiar,1,1,1,0,above stated budget
U1101,132856,1,0,1,0,22.150891,-100.974891,FALSE,casual drinker,no preference,friends,car owner,single,independent,1988,eco-friendly,hunter-ostentatious,Catholic,student,white,50,low,1.69,24,18-24,17.506389832288786,underweight,2,S2: Mobile social students,Unicols Pizza,San Luis Potosi,San Luis Potosi,Wine-Beer,Wine or beer,none,informal,completely,low,1,familiar,FALSE,closed,none,Low | price | Wine or beer | Familiar,1,1,1,1,matches stated budget
U1101,135032,2,2,1,1,22.150891,-100.974891,FALSE,casual drinker,no preference,friends,car owner,single,independent,1988,eco-friendly,hunter-ostentatious,Catholic,student,white,50,low,1.69,24,18-24,17.506389832288786,underweight,2,S2: Mobile social students,Cafeteria y Restaurant El Pacifico,San Luis Potosi,SLP,Wine-Beer,Wine or beer,section,informal,no_accessibility,medium,2,familiar,FALSE,closed,none,Medium | price | Wine or beer | Familiar,1,1,1,0,above stated budget
U1101,135038,2,2,1,1,22.150891,-100.974891,FALSE,casual drinker,no preference,friends,car owner,single,independent,1988,eco-friendly,hunter-ostentatious,Catholic,student,white,50,low,1.69,24,18-24,17.506389832288786,underweight,2,S2: Mobile social students,Restaurant la Chalita,San Luis Potosi,SLP,No_Alcohol_Served,No alcohol,section,informal,no_accessibility,medium,2,familiar,FALSE,closed,none,Medium | price | No alcohol | Familiar,0,1,1,0,above stated budget
U1101,135051,2,0,2,1,22.150891,-100.974891,FALSE,casual drinker,no preference,friends,car owner,single,independent,1988,eco-friendly,hunter-ostentatious,Catholic,student,white,50,low,1.69,24,18-24,17.506389832288786,underweight,2,S2: Mobile social students,Restaurante Versalles,San Luis Potosi,SLP,No_Alcohol_Served,No alcohol,section,informal,no_accessibility,low,1,familiar,FALSE,closed,none,Low | price | No alcohol | Familiar,0,1,1,1,matches stated budget
U1101,135052,2,1,1,1,22.150891,-100.974891,FALSE,casual drinker,no preference,friends,car owner,single,independent,1988,eco-friendly,hunter-ostentatious,Catholic,student,white,50,low,1.69,24,18-24,17.506389832288786,underweight,2,S2: Mobile social students,La Cantina Restaurante,San Luis Potosi,SLP,Full_Bar,Full bar,none,informal,no_accessibility,high,3,familiar,FALSE,closed,none,High | price | Full bar | Familiar,1,1,1,0,above stated budget
U1101,135041,0,0,0,0,22.150891,-100.974891,FALSE,casual drinker,no preference,friends,car owner,single,independent,1988,eco-friendly,hunter-ostentatious,Catholic,student,white,50,low,1.69,24,18-24,17.506389832288786,underweight,2,S2: Mobile social students,Luna Cafe,San Luis Potosi,SLP,Wine-Beer,Wine or beer,none,informal,no_accessibility,medium,2,familiar,FALSE,closed,none,Medium | price | Wine or beer | Familiar,1,1,1,0,above stated budget
U1001,135085,0,1,1,0,22.139997,-100.978803,FALSE,abstemious,informal,family,on foot,single,independent,1989,variety,thrifty-protector,none,student,black,69,medium,1.77,23,18-24,22.024322512687924,healthy,1,S1: Quieter mixed students,Tortas Locas Hipocampo,San Luis Potosi,SLP,No_Alcohol_Served,No alcohol,not permitted,informal,no_accessibility,medium,2,familiar,FALSE,closed,none,Medium | price | No alcohol | Familiar,0,1,2,1,matches stated budget
U1001,135040,1,1,1,0,22.139997,-100.978803,FALSE,abstemious,informal,family,on foot,single,independent,1989,variety,thrifty-protector,none,student,black,69,medium,1.77,23,18-24,22.024322512687924,healthy,1,S1: Quieter mixed students,Restaurant los Compadres,San Luis Potosi,SLP,Wine-Beer,Wine or beer,none,informal,no_accessibility,high,3,familiar,FALSE,closed,none,High | price | Wine or beer | Familiar,0,1,2,0,above stated budget
U1001,135039,1,1,1,0,22.139997,-100.978803,FALSE,abstemious,informal,family,on foot,single,independent,1989,variety,thrifty-protector,none,student,black,69,medium,1.77,23,18-24,22.024322512687924,healthy,1,S1: Quieter mixed students,Restaurant de Mariscos de Picon,San Luis Potosi,SLP,No_Alcohol_Served,No alcohol,section,informal,no_accessibility,low,1,familiar,FALSE,closed,none,Low | price | No alcohol | Familiar,0,1,2,1,below stated budget
U1001,135045,1,1,1,0,22.139997,-100.978803,FALSE,abstemious,informal,family,on foot,single,independent,1989,variety,thrifty-protector,none,student,black,69,medium,1.77,23,18-24,22.024322512687924,healthy,1,S1: Quieter mixed students,Restaurante la Gran Via,San Luis Potosi,SLP,Wine-Beer,Wine or beer,none,casual,no_accessibility,high,3,familiar,FALSE,closed,none,High | price | Wine or beer | Familiar,0,1,2,0,above stated budget
U1001,135033,1,1,1,0,22.139997,-100.978803,FALSE,abstemious,informal,family,on foot,single,independent,1989,variety,thrifty-protector,none,student,black,69,medium,1.77,23,18-24,22.024322512687924,healthy,1,S1: Quieter mixed students,Restaurant El Muladar de Calzada,San Luis Potosi,SLP,No_Alcohol_Served,No alcohol,section,informal,no_accessibility,medium,2,familiar,FALSE,closed,none,Medium | price | No alcohol | Familiar,0,1,2,1,matches stated budget
U1001,135025,2,2,2,1,22.139997,-100.978803,FALSE,abstemious,informal,family,on foot,single,independent,1989,variety,thrifty-protector,none,student,black,69,medium,1.77,23,18-24,22.024322512687924,healthy,1,S1: Quieter mixed students,El Rincon de San Francisco,San Luis Potosi,SLP,No_Alcohol_Served,No alcohol,none,informal,no_accessibility,medium,2,familiar,FALSE,closed,none,Medium | price | No alcohol | Familiar,0,1,2,1,matches stated budget
U1001,135051,1,1,2,0,22.139997,-100.978803,FALSE,abstemious,informal,family,on foot,single,independent,1989,variety,thrifty-protector,none,student,black,69,medium,1.77,23,18-24,22.024322512687924,healthy,1,S1: Quieter mixed students,Restaurante Versalles,San Luis Potosi,SLP,No_Alcohol_Served,No alcohol,section,informal,no_accessibility,low,1,familiar,FALSE,closed,none,Low | price | No alcohol | Familiar,0,1,2,1,below stated budget
U1135,135085,0,0,0,0,22.170396,-100.949936,FALSE,casual drinker,informal,family,on foot,single,kids,1988,variety,hunter-ostentatious,Catholic,student,purple,66,low,1.54,24,18-24,27.82931354359926,overweight,1,S1: Quieter mixed students,Tortas Locas Hipocampo,San Luis Potosi,SLP,No_Alcohol_Served,No alcohol,not permitted,informal,no_accessibility,medium,2,familiar,FALSE,closed,none,Medium | price | No alcohol | Familiar,1,1,1,0,above stated budget
U1135,135106,0,0,0,0,22.170396,-100.949936,FALSE,casual drinker,informal,family,on foot,single,kids,1988,variety,hunter-ostentatious,Catholic,student,purple,66,low,1.54,24,18-24,27.82931354359926,overweight,1,S1: Quieter mixed students,El Rincón de San Francisco,San Luis Potosi,San Luis Potosi,Wine-Beer,Wine or beer,only at bar,informal,partially,medium,2,familiar,FALSE,open,none,Medium | price | Wine or beer | Familiar,1,1,1,0,above stated budget
U1135,135052,0,0,0,0,22.170396,-100.949936,FALSE,casual drinker,informal,family,on foot,single,kids,1988,variety,hunter-ostentatious,Catholic,student,purple,66,low,1.54,24,18-24,27.82931354359926,overweight,1,S1: Quieter mixed students,La Cantina Restaurante,San Luis Potosi,SLP,Full_Bar,Full bar,none,informal,no_accessibility,high,3,familiar,FALSE,closed,none,High | price | Full bar | Familiar,1,1,1,0,above stated budget
U1135,135041,0,0,0,0,22.170396,-100.949936,FALSE,casual drinker,informal,family,on foot,single,kids,1988,variety,hunter-ostentatious,Catholic,student,purple,66,low,1.54,24,18-24,27.82931354359926,overweight,1,S1: Quieter mixed students,Luna Cafe,San Luis Potosi,SLP,Wine-Beer,Wine or beer,none,informal,no_accessibility,medium,2,familiar,FALSE,closed,none,Medium | price | Wine or beer | Familiar,1,1,1,0,above stated budget
U1032,132872,1,1,1,0,22.169184,-100.986843,FALSE,abstemious,formal,family,public,single,independent,1989,variety,hard-worker,Catholic,student,blue,40,medium,1.75,23,18-24,13.061224489795919,underweight,1,S1: Quieter mixed students,Pizzeria Julios,s.l.p,mexico,No_Alcohol_Served,No alcohol,not permitted,informal,partially,medium,2,familiar,FALSE,closed,none,Medium | price | No alcohol | Familiar,0,1,2,1,matches stated budget
U1032,135058,2,1,0,1,22.169184,-100.986843,FALSE,abstemious,formal,family,public,single,independent,1989,variety,hard-worker,Catholic,student,blue,40,medium,1.75,23,18-24,13.061224489795919,underweight,1,S1: Quieter mixed students,Restaurante Tiberius,San Luis Potosi,SLP,No_Alcohol_Served,No alcohol,none,informal,no_accessibility,medium,2,familiar,TRUE,closed,none,Medium | price | No alcohol | Familiar,0,1,2,1,matches stated budget
U1032,135079,2,2,0,1,22.169184,-100.986843,FALSE,abstemious,formal,family,public,single,independent,1989,variety,hard-worker,Catholic,student,blue,40,medium,1.75,23,18-24,13.061224489795919,underweight,1,S1: Quieter mixed students,Koye Sushi,San Luis Potosi,SLP,No_Alcohol_Served,No alcohol,none,informal,no_accessibility,high,3,familiar,FALSE,closed,none,High | price | No alcohol | Familiar,0,1,2,0,above stated budget
U1032,135085,1,1,1,0,22.169184,-100.986843,FALSE,abstemious,formal,family,public,single,independent,1989,variety,hard-worker,Catholic,student,blue,40,medium,1.75,23,18-24,13.061224489795919,underweight,1,S1: Quieter mixed students,Tortas Locas Hipocampo,San Luis Potosi,SLP,No_Alcohol_Served,No alcohol,not permitted,informal,no_accessibility,medium,2,familiar,FALSE,closed,none,Medium | price | No alcohol | Familiar,0,1,2,1,matches stated budget
U1032,135042,0,1,0,0,22.169184,-100.986843,FALSE,abstemious,formal,family,public,single,independent,1989,variety,hard-worker,Catholic,student,blue,40,medium,1.75,23,18-24,13.061224489795919,underweight,1,S1: Quieter mixed students,Restaurant Oriental Express,San Luis Potosi,SLP,No_Alcohol_Served,No alcohol,none,informal,no_accessibility,medium,2,familiar,FALSE,closed,none,Medium | price | No alcohol | Familiar,0,1,2,1,matches stated budget
U1032,132856,1,1,0,0,22.169184,-100.986843,FALSE,abstemious,formal,family,public,single,independent,1989,variety,hard-worker,Catholic,student,blue,40,medium,1.75,23,18-24,13.061224489795919,underweight,1,S1: Quieter mixed students,Unicols Pizza,San Luis Potosi,San Luis Potosi,Wine-Beer,Wine or beer,none,informal,completely,low,1,familiar,FALSE,closed,none,Low | price | Wine or beer | Familiar,0,1,2,1,below stated budget
U1135,132825,0,0,0,0,22.170396,-100.949936,FALSE,casual drinker,informal,family,on foot,single,kids,1988,variety,hunter-ostentatious,Catholic,student,purple,66,low,1.54,24,18-24,27.82931354359926,overweight,1,S1: Quieter mixed students,puesto de tacos,s.l.p.,s.l.p.,No_Alcohol_Served,No alcohol,none,informal,completely,low,1,familiar,FALSE,open,none,Low | price | No alcohol | Familiar,1,1,1,1,matches stated budget
U1135,132834,0,0,0,0,22.170396,-100.949936,FALSE,casual drinker,informal,family,on foot,single,kids,1988,variety,hunter-ostentatious,Catholic,student,purple,66,low,1.54,24,18-24,27.82931354359926,overweight,1,S1: Quieter mixed students,Gorditas Doa Gloria,san luis potosi,san luis potosi,No_Alcohol_Served,No alcohol,not permitted,casual,no_accessibility,low,1,familiar,FALSE,closed,none,Low | price | No alcohol | Familiar,1,1,1,1,matches stated budget
U1032,135038,1,1,0,0,22.169184,-100.986843,FALSE,abstemious,formal,family,public,single,independent,1989,variety,hard-worker,Catholic,student,blue,40,medium,1.75,23,18-24,13.061224489795919,underweight,1,S1: Quieter mixed students,Restaurant la Chalita,San Luis Potosi,SLP,No_Alcohol_Served,No alcohol,section,informal,no_accessibility,medium,2,familiar,FALSE,closed,none,Medium | price | No alcohol | Familiar,0,1,2,1,matches stated budget
U1032,132834,1,1,0,0,22.169184,-100.986843,FALSE,abstemious,formal,family,public,single,independent,1989,variety,hard-worker,Catholic,student,blue,40,medium,1.75,23,18-24,13.061224489795919,underweight,1,S1: Quieter mixed students,Gorditas Doa Gloria,san luis potosi,san luis potosi,No_Alcohol_Served,No alcohol,not permitted,casual,no_accessibility,low,1,familiar,FALSE,closed,none,Low | price | No alcohol | Familiar,1,1,2,1,below stated budget
U1032,135060,1,1,1,0,22.169184,-100.986843,FALSE,abstemious,formal,family,public,single,independent,1989,variety,hard-worker,Catholic,student,blue,40,medium,1.75,23,18-24,13.061224489795919,underweight,1,S1: Quieter mixed students,Restaurante Marisco Sam,San Luis Potosi,SLP,No_Alcohol_Served,No alcohol,none,informal,no_accessibility,medium,2,familiar,FALSE,closed,none,Medium | price | No alcohol | Familiar,0,1,2,1,matches stated budget
U1135,135058,0,0,0,0,22.170396,-100.949936,FALSE,casual drinker,informal,family,on foot,single,kids,1988,variety,hunter-ostentatious,Catholic,student,purple,66,low,1.54,24,18-24,27.82931354359926,overweight,1,S1: Quieter mixed students,Restaurante Tiberius,San Luis Potosi,SLP,No_Alcohol_Served,No alcohol,none,informal,no_accessibility,medium,2,familiar,TRUE,closed,none,Medium | price | No alcohol | Familiar,1,1,1,0,above stated budget
U1032,135032,0,0,0,0,22.169184,-100.986843,FALSE,abstemious,formal,family,public,single,independent,1989,variety,hard-worker,Catholic,student,blue,40,medium,1.75,23,18-24,13.061224489795919,underweight,1,S1: Quieter mixed students,Cafeteria y Restaurant El Pacifico,San Luis Potosi,SLP,Wine-Beer,Wine or beer,section,informal,no_accessibility,medium,2,familiar,FALSE,closed,none,Medium | price | Wine or beer | Familiar,0,1,2,1,matches stated budget
U1135,135063,0,0,0,0,22.170396,-100.949936,FALSE,casual drinker,informal,family,on foot,single,kids,1988,variety,hunter-ostentatious,Catholic,student,purple,66,low,1.54,24,18-24,27.82931354359926,overweight,1,S1: Quieter mixed students,Restaurante Alhondiga,San Luis Potosi,SLP,No_Alcohol_Served,No alcohol,none,informal,no_accessibility,medium,2,familiar,FALSE,closed,none,Medium | price | No alcohol | Familiar,0,1,1,0,above stated budget
U1135,132856,0,0,0,0,22.170396,-100.949936,FALSE,casual drinker,informal,family,on foot,single,kids,1988,variety,hunter-ostentatious,Catholic,student,purple,66,low,1.54,24,18-24,27.82931354359926,overweight,1,S1: Quieter mixed students,Unicols Pizza,San Luis Potosi,San Luis Potosi,Wine-Beer,Wine or beer,none,informal,completely,low,1,familiar,FALSE,closed,none,Low | price | Wine or beer | Familiar,1,1,1,1,matches stated budget
U1135,135045,0,0,0,0,22.170396,-100.949936,FALSE,casual drinker,informal,family,on foot,single,kids,1988,variety,hunter-ostentatious,Catholic,student,purple,66,low,1.54,24,18-24,27.82931354359926,overweight,1,S1: Quieter mixed students,Restaurante la Gran Via,San Luis Potosi,SLP,Wine-Beer,Wine or beer,none,casual,no_accessibility,high,3,familiar,FALSE,closed,none,High | price | Wine or beer | Familiar,0,1,1,0,above stated budget
U1135,135028,0,0,0,0,22.170396,-100.949936,FALSE,casual drinker,informal,family,on foot,single,kids,1988,variety,hunter-ostentatious,Catholic,student,purple,66,low,1.54,24,18-24,27.82931354359926,overweight,1,S1: Quieter mixed students,La Virreina,San Luis Potosi,SLP,Wine-Beer,Wine or beer,none,informal,no_accessibility,medium,2,familiar,FALSE,closed,none,Medium | price | Wine or beer | Familiar,1,1,1,0,above stated budget
U1135,135032,0,0,0,0,22.170396,-100.949936,FALSE,casual drinker,informal,family,on foot,single,kids,1988,variety,hunter-ostentatious,Catholic,student,purple,66,low,1.54,24,18-24,27.82931354359926,overweight,1,S1: Quieter mixed students,Cafeteria y Restaurant El Pacifico,San Luis Potosi,SLP,Wine-Beer,Wine or beer,section,informal,no_accessibility,medium,2,familiar,FALSE,closed,none,Medium | price | Wine or beer | Familiar,1,1,1,0,above stated budget
U1135,135042,0,0,0,0,22.170396,-100.949936,FALSE,casual drinker,informal,family,on foot,single,kids,1988,variety,hunter-ostentatious,Catholic,student,purple,66,low,1.54,24,18-24,27.82931354359926,overweight,1,S1: Quieter mixed students,Restaurant Oriental Express,San Luis Potosi,SLP,No_Alcohol_Served,No alcohol,none,informal,no_accessibility,medium,2,familiar,FALSE,closed,none,Medium | price | No alcohol | Familiar,1,1,1,0,above stated budget
U1135,135060,0,0,0,0,22.170396,-100.949936,FALSE,casual drinker,informal,family,on foot,single,kids,1988,variety,hunter-ostentatious,Catholic,student,purple,66,low,1.54,24,18-24,27.82931354359926,overweight,1,S1: Quieter mixed students,Restaurante Marisco Sam,San Luis Potosi,SLP,No_Alcohol_Served,No alcohol,none,informal,no_accessibility,medium,2,familiar,FALSE,closed,none,Medium | price | No alcohol | Familiar,1,1,1,0,above stated budget
U1048,135049,1,0,2,0,22.142208,-101.022785,TRUE,casual drinker,no preference,NA,public,single,independent,1988,eco-friendly,thrifty-protector,none,student,green,65,medium,1.7,24,18-24,22.49134948096886,healthy,3,S3: Tech-focused students,Restaurante de Mariscos la Langosta,San Luis Potosi,SLP,No_Alcohol_Served,No alcohol,none,informal,no_accessibility,medium,2,familiar,FALSE,closed,none,Medium | price | No alcohol | Familiar,0,1,2,1,matches stated budget
U1048,135026,2,2,2,1,22.142208,-101.022785,TRUE,casual drinker,no preference,NA,public,single,independent,1988,eco-friendly,thrifty-protector,none,student,green,65,medium,1.7,24,18-24,22.49134948096886,healthy,3,S3: Tech-focused students,la Cantina,San Luis Potosi,SLP,Full_Bar,Full bar,none,informal,no_accessibility,high,3,familiar,FALSE,closed,none,High | price | Full bar | Familiar,0,0,2,0,above stated budget
U1048,135034,2,2,1,1,22.142208,-101.022785,TRUE,casual drinker,no preference,NA,public,single,independent,1988,eco-friendly,thrifty-protector,none,student,green,65,medium,1.7,24,18-24,22.49134948096886,healthy,3,S3: Tech-focused students,Michiko Restaurant Japones,San Luis Potosi,SLP,No_Alcohol_Served,No alcohol,none,informal,no_accessibility,medium,2,familiar,FALSE,closed,none,Medium | price | No alcohol | Familiar,0,1,2,1,matches stated budget
U1048,135048,0,1,0,0,22.142208,-101.022785,TRUE,casual drinker,no preference,NA,public,single,independent,1988,eco-friendly,thrifty-protector,none,student,green,65,medium,1.7,24,18-24,22.49134948096886,healthy,3,S3: Tech-focused students,Restaurante Bar Fu-hao,San Luis Potosi,SLP,Wine-Beer,Wine or beer,none,informal,no_accessibility,high,3,familiar,FALSE,closed,none,High | price | Wine or beer | Familiar,0,1,2,0,above stated budget
U1048,135065,2,2,0,1,22.142208,-101.022785,TRUE,casual drinker,no preference,NA,public,single,independent,1988,eco-friendly,thrifty-protector,none,student,green,65,medium,1.7,24,18-24,22.49134948096886,healthy,3,S3: Tech-focused students,El angel Restaurante,San Luis Potosi,SLP,Wine-Beer,Wine or beer,section,informal,no_accessibility,high,3,familiar,FALSE,closed,none,High | price | Wine or beer | Familiar,0,1,2,0,above stated budget
U1048,132755,2,2,2,1,22.142208,-101.022785,TRUE,casual drinker,no preference,NA,public,single,independent,1988,eco-friendly,thrifty-protector,none,student,green,65,medium,1.7,24,18-24,22.49134948096886,healthy,3,S3: Tech-focused students,La Estrella de Dimas,San Luis Potosi,S.L.P.,No_Alcohol_Served,No alcohol,none,informal,partially,medium,2,familiar,FALSE,closed,variety,Medium | price | No alcohol | Familiar,1,1,2,1,matches stated budget
U1048,132723,2,2,2,1,22.142208,-101.022785,TRUE,casual drinker,no preference,NA,public,single,independent,1988,eco-friendly,thrifty-protector,none,student,green,65,medium,1.7,24,18-24,22.49134948096886,healthy,3,S3: Tech-focused students,Gordas de morales,NA,San Luis Potosi,Full_Bar,Full bar,section,informal,completely,medium,2,familiar,FALSE,closed,none,Medium | price | Full bar | Familiar,1,1,2,1,matches stated budget
U1062,135085,0,0,0,0,22.195826,-101.006317,FALSE,casual drinker,informal,friends,car owner,single,independent,1985,variety,hard-worker,Catholic,student,yellow,88,medium,1.68,27,25-34,31.17913832199547,obese,2,S2: Mobile social students,Tortas Locas Hipocampo,San Luis Potosi,SLP,No_Alcohol_Served,No alcohol,not permitted,informal,no_accessibility,medium,2,familiar,FALSE,closed,none,Medium | price | No alcohol | Familiar,0,1,2,1,matches stated budget
U1062,135053,0,0,0,0,22.195826,-101.006317,FALSE,casual drinker,informal,friends,car owner,single,independent,1985,variety,hard-worker,Catholic,student,yellow,88,medium,1.68,27,25-34,31.17913832199547,obese,2,S2: Mobile social students,La Fontana Pizza Restaurante and Cafe,San Luis Potosi,SLP,No_Alcohol_Served,No alcohol,section,informal,no_accessibility,high,3,familiar,FALSE,closed,none,High | price | No alcohol | Familiar,0,1,2,0,above stated budget
U1092,135071,1,0,0,0,22.125365,-100.947888,FALSE,abstemious,formal,solitary,public,single,dependent,1990,variety,thrifty-protector,Catholic,NA,red,70,medium,1.69,22,18-24,24.508945765204302,healthy,1,S1: Quieter mixed students,Restaurante la Cantina,San Luis Potosi,SLP,Full_Bar,Full bar,section,informal,no_accessibility,medium,2,familiar,FALSE,closed,none,Medium | price | Full bar | Familiar,0,1,2,1,matches stated budget
U1062,132825,0,0,0,0,22.195826,-101.006317,FALSE,casual drinker,informal,friends,car owner,single,independent,1985,variety,hard-worker,Catholic,student,yellow,88,medium,1.68,27,25-34,31.17913832199547,obese,2,S2: Mobile social students,puesto de tacos,s.l.p.,s.l.p.,No_Alcohol_Served,No alcohol,none,informal,completely,low,1,familiar,FALSE,open,none,Low | price | No alcohol | Familiar,1,1,2,1,below stated budget
U1092,135085,0,0,0,0,22.125365,-100.947888,FALSE,abstemious,formal,solitary,public,single,dependent,1990,variety,thrifty-protector,Catholic,NA,red,70,medium,1.69,22,18-24,24.508945765204302,healthy,1,S1: Quieter mixed students,Tortas Locas Hipocampo,San Luis Potosi,SLP,No_Alcohol_Served,No alcohol,not permitted,informal,no_accessibility,medium,2,familiar,FALSE,closed,none,Medium | price | No alcohol | Familiar,0,1,2,1,matches stated budget
U1062,135052,0,0,0,0,22.195826,-101.006317,FALSE,casual drinker,informal,friends,car owner,single,independent,1985,variety,hard-worker,Catholic,student,yellow,88,medium,1.68,27,25-34,31.17913832199547,obese,2,S2: Mobile social students,La Cantina Restaurante,San Luis Potosi,SLP,Full_Bar,Full bar,none,informal,no_accessibility,high,3,familiar,FALSE,closed,none,High | price | Full bar | Familiar,0,1,2,0,above stated budget
U1092,135046,0,0,0,0,22.125365,-100.947888,FALSE,abstemious,formal,solitary,public,single,dependent,1990,variety,thrifty-protector,Catholic,NA,red,70,medium,1.69,22,18-24,24.508945765204302,healthy,1,S1: Quieter mixed students,Restaurante El Reyecito,San Luis Potosi,SLP,No_Alcohol_Served,No alcohol,none,informal,no_accessibility,medium,2,familiar,FALSE,closed,none,Medium | price | No alcohol | Familiar,0,1,2,1,matches stated budget
U1062,135062,0,0,0,0,22.195826,-101.006317,FALSE,casual drinker,informal,friends,car owner,single,independent,1985,variety,hard-worker,Catholic,student,yellow,88,medium,1.68,27,25-34,31.17913832199547,obese,2,S2: Mobile social students,Restaurante El Cielo Potosino,San Luis Potosi,SLP,No_Alcohol_Served,No alcohol,none,informal,no_accessibility,medium,2,familiar,FALSE,closed,none,Medium | price | No alcohol | Familiar,0,1,2,1,matches stated budget
U1092,132572,1,0,0,0,22.125365,-100.947888,FALSE,abstemious,formal,solitary,public,single,dependent,1990,variety,thrifty-protector,Catholic,NA,red,70,medium,1.69,22,18-24,24.508945765204302,healthy,1,S1: Quieter mixed students,Cafe Chaires,San Luis Potosi,San Luis Potosi,No_Alcohol_Served,No alcohol,not permitted,informal,completely,low,1,familiar,FALSE,closed,none,Low | price | No alcohol | Familiar,0,1,2,1,below stated budget
U1062,135038,0,0,0,0,22.195826,-101.006317,FALSE,casual drinker,informal,friends,car owner,single,independent,1985,variety,hard-worker,Catholic,student,yellow,88,medium,1.68,27,25-34,31.17913832199547,obese,2,S2: Mobile social students,Restaurant la Chalita,San Luis Potosi,SLP,No_Alcohol_Served,No alcohol,section,informal,no_accessibility,medium,2,familiar,FALSE,closed,none,Medium | price | No alcohol | Familiar,0,1,2,1,matches stated budget
U1062,135045,0,0,0,0,22.195826,-101.006317,FALSE,casual drinker,informal,friends,car owner,single,independent,1985,variety,hard-worker,Catholic,student,yellow,88,medium,1.68,27,25-34,31.17913832199547,obese,2,S2: Mobile social students,Restaurante la Gran Via,San Luis Potosi,SLP,Wine-Beer,Wine or beer,none,casual,no_accessibility,high,3,familiar,FALSE,closed,none,High | price | Wine or beer | Familiar,0,1,2,0,above stated budget
U1092,135025,2,1,1,1,22.125365,-100.947888,FALSE,abstemious,formal,solitary,public,single,dependent,1990,variety,thrifty-protector,Catholic,NA,red,70,medium,1.69,22,18-24,24.508945765204302,healthy,1,S1: Quieter mixed students,El Rincon de San Francisco,San Luis Potosi,SLP,No_Alcohol_Served,No alcohol,none,informal,no_accessibility,medium,2,familiar,FALSE,closed,none,Medium | price | No alcohol | Familiar,0,1,2,1,matches stated budget
U1062,132834,0,0,0,0,22.195826,-101.006317,FALSE,casual drinker,informal,friends,car owner,single,independent,1985,variety,hard-worker,Catholic,student,yellow,88,medium,1.68,27,25-34,31.17913832199547,obese,2,S2: Mobile social students,Gorditas Doa Gloria,san luis potosi,san luis potosi,No_Alcohol_Served,No alcohol,not permitted,casual,no_accessibility,low,1,familiar,FALSE,closed,none,Low | price | No alcohol | Familiar,1,1,2,1,below stated budget
U1092,132723,1,1,1,0,22.125365,-100.947888,FALSE,abstemious,formal,solitary,public,single,dependent,1990,variety,thrifty-protector,Catholic,NA,red,70,medium,1.69,22,18-24,24.508945765204302,healthy,1,S1: Quieter mixed students,Gordas de morales,NA,San Luis Potosi,Full_Bar,Full bar,section,informal,completely,medium,2,familiar,FALSE,closed,none,Medium | price | Full bar | Familiar,0,1,2,1,matches stated budget
U1051,134996,1,1,2,0,18.877719,-99.22299,FALSE,casual drinker,no preference,family,public,single,independent,1979,variety,thrifty-protector,none,professional,blue,74,medium,1.76,33,25-34,23.889462809917354,healthy,1,S1: Quieter mixed students,Sanborns Casa Piedra,Cuernavaca,Morelos,Wine-Beer,Wine or beer,only at bar,informal,no_accessibility,medium,2,familiar,TRUE,closed,Internet,Medium | price | Wine or beer | Familiar,0,1,2,1,matches stated budget
U1013,132875,2,2,1,1,22.174624,-100.993873,FALSE,abstemious,no preference,friends,public,widow,independent,1982,retro,thrifty-protector,none,professional,blue,80,medium,1.75,30,25-34,26.122448979591837,overweight,1,S1: Quieter mixed students,shi ro ie,NA,NA,Wine-Beer,Wine or beer,section,informal,no_accessibility,high,3,familiar,TRUE,open,Internet,High | price | Wine or beer | Familiar,1,1,2,0,above stated budget
U1085,135043,2,2,2,1,22.196787,-100.936335,FALSE,abstemious,no preference,solitary,car owner,single,independent,1988,technology,thrifty-protector,Catholic,student,black,84,NA,1.7,24,18-24,29.065743944636683,overweight,1,S1: Quieter mixed students,pizza clasica,Soledad,SLP,No_Alcohol_Served,No alcohol,none,informal,no_accessibility,medium,2,familiar,FALSE,closed,none,Medium | price | No alcohol | Familiar,0,1,NA,NA,NA
U1085,132885,0,0,0,0,22.196787,-100.936335,FALSE,abstemious,no preference,solitary,car owner,single,independent,1988,technology,thrifty-protector,Catholic,student,black,84,NA,1.7,24,18-24,29.065743944636683,overweight,1,S1: Quieter mixed students,Hamburguesas saul,San Luis Potosi,San Luis Potosi,No_Alcohol_Served,No alcohol,none,informal,completely,low,1,familiar,FALSE,closed,none,Low | price | No alcohol | Familiar,0,1,NA,NA,NA
U1085,135050,2,2,2,1,22.196787,-100.936335,FALSE,abstemious,no preference,solitary,car owner,single,independent,1988,technology,thrifty-protector,Catholic,student,black,84,NA,1.7,24,18-24,29.065743944636683,overweight,1,S1: Quieter mixed students,Restaurante la Estrella de Dima,Soledad,SLP,Wine-Beer,Wine or beer,none,informal,no_accessibility,high,3,familiar,FALSE,closed,none,High | price | Wine or beer | Familiar,0,1,NA,NA,NA
U1085,135076,2,2,2,1,22.196787,-100.936335,FALSE,abstemious,no preference,solitary,car owner,single,independent,1988,technology,thrifty-protector,Catholic,student,black,84,NA,1.7,24,18-24,29.065743944636683,overweight,1,S1: Quieter mixed students,Restaurante Pueblo Bonito,San Luis Potosi,SLP,Wine-Beer,Wine or beer,none,informal,no_accessibility,high,3,familiar,FALSE,closed,none,High | price | Wine or beer | Familiar,0,1,NA,NA,NA
U1085,135081,2,2,2,1,22.196787,-100.936335,FALSE,abstemious,no preference,solitary,car owner,single,independent,1988,technology,thrifty-protector,Catholic,student,black,84,NA,1.7,24,18-24,29.065743944636683,overweight,1,S1: Quieter mixed students,El Club,San Luis Potosi,SLP,No_Alcohol_Served,No alcohol,none,informal,no_accessibility,medium,2,familiar,FALSE,closed,none,Medium | price | No alcohol | Familiar,0,1,NA,NA,NA
U1109,135028,2,2,2,1,22.303308,-101.05468,FALSE,abstemious,formal,solitary,public,single,independent,1989,eco-friendly,thrifty-protector,Catholic,student,blue,57,low,1.72,23,18-24,19.2671714440238,healthy,3,S3: Tech-focused students,La Virreina,San Luis Potosi,SLP,Wine-Beer,Wine or beer,none,informal,no_accessibility,medium,2,familiar,FALSE,closed,none,Medium | price | Wine or beer | Familiar,1,1,1,0,above stated budget
U1109,132856,1,1,1,0,22.303308,-101.05468,FALSE,abstemious,formal,solitary,public,single,independent,1989,eco-friendly,thrifty-protector,Catholic,student,blue,57,low,1.72,23,18-24,19.2671714440238,healthy,3,S3: Tech-focused students,Unicols Pizza,San Luis Potosi,San Luis Potosi,Wine-Beer,Wine or beer,none,informal,completely,low,1,familiar,FALSE,closed,none,Low | price | Wine or beer | Familiar,0,1,1,1,matches stated budget
U1085,135042,0,0,0,0,22.196787,-100.936335,FALSE,abstemious,no preference,solitary,car owner,single,independent,1988,technology,thrifty-protector,Catholic,student,black,84,NA,1.7,24,18-24,29.065743944636683,overweight,1,S1: Quieter mixed students,Restaurant Oriental Express,San Luis Potosi,SLP,No_Alcohol_Served,No alcohol,none,informal,no_accessibility,medium,2,familiar,FALSE,closed,none,Medium | price | No alcohol | Familiar,0,1,NA,NA,NA
U1085,135059,2,2,1,1,22.196787,-100.936335,FALSE,abstemious,no preference,solitary,car owner,single,independent,1988,technology,thrifty-protector,Catholic,student,black,84,NA,1.7,24,18-24,29.065743944636683,overweight,1,S1: Quieter mixed students,Restaurant Bar Hacienda los Martinez,San Luis Potosi,SLP,Wine-Beer,Wine or beer,section,informal,no_accessibility,medium,2,familiar,FALSE,closed,none,Medium | price | Wine or beer | Familiar,0,1,NA,NA,NA
U1109,132825,2,2,2,1,22.303308,-101.05468,FALSE,abstemious,formal,solitary,public,single,independent,1989,eco-friendly,thrifty-protector,Catholic,student,blue,57,low,1.72,23,18-24,19.2671714440238,healthy,3,S3: Tech-focused students,puesto de tacos,s.l.p.,s.l.p.,No_Alcohol_Served,No alcohol,none,informal,completely,low,1,familiar,FALSE,open,none,Low | price | No alcohol | Familiar,1,1,1,1,matches stated budget
U1085,132872,0,2,2,0,22.196787,-100.936335,FALSE,abstemious,no preference,solitary,car owner,single,independent,1988,technology,thrifty-protector,Catholic,student,black,84,NA,1.7,24,18-24,29.065743944636683,overweight,1,S1: Quieter mixed students,Pizzeria Julios,s.l.p,mexico,No_Alcohol_Served,No alcohol,not permitted,informal,partially,medium,2,familiar,FALSE,closed,none,Medium | price | No alcohol | Familiar,0,1,NA,NA,NA
U1085,135055,2,2,2,1,22.196787,-100.936335,FALSE,abstemious,no preference,solitary,car owner,single,independent,1988,technology,thrifty-protector,Catholic,student,black,84,NA,1.7,24,18-24,29.065743944636683,overweight,1,S1: Quieter mixed students,la Cochinita Pibil Restaurante Yucateco,San Luis Potosi,SLP,No_Alcohol_Served,No alcohol,section,informal,no_accessibility,high,3,familiar,FALSE,closed,none,High | price | No alcohol | Familiar,1,1,NA,NA,NA
U1109,135032,2,2,2,1,22.303308,-101.05468,FALSE,abstemious,formal,solitary,public,single,independent,1989,eco-friendly,thrifty-protector,Catholic,student,blue,57,low,1.72,23,18-24,19.2671714440238,healthy,3,S3: Tech-focused students,Cafeteria y Restaurant El Pacifico,San Luis Potosi,SLP,Wine-Beer,Wine or beer,section,informal,no_accessibility,medium,2,familiar,FALSE,closed,none,Medium | price | Wine or beer | Familiar,0,1,1,0,above stated budget
U1085,132825,2,2,2,1,22.196787,-100.936335,FALSE,abstemious,no preference,solitary,car owner,single,independent,1988,technology,thrifty-protector,Catholic,student,black,84,NA,1.7,24,18-24,29.065743944636683,overweight,1,S1: Quieter mixed students,puesto de tacos,s.l.p.,s.l.p.,No_Alcohol_Served,No alcohol,none,informal,completely,low,1,familiar,FALSE,open,none,Low | price | No alcohol | Familiar,1,1,NA,NA,NA
U1109,135063,2,2,2,1,22.303308,-101.05468,FALSE,abstemious,formal,solitary,public,single,independent,1989,eco-friendly,thrifty-protector,Catholic,student,blue,57,low,1.72,23,18-24,19.2671714440238,healthy,3,S3: Tech-focused students,Restaurante Alhondiga,San Luis Potosi,SLP,No_Alcohol_Served,No alcohol,none,informal,no_accessibility,medium,2,familiar,FALSE,closed,none,Medium | price | No alcohol | Familiar,0,1,1,0,above stated budget
U1109,135042,2,2,2,1,22.303308,-101.05468,FALSE,abstemious,formal,solitary,public,single,independent,1989,eco-friendly,thrifty-protector,Catholic,student,blue,57,low,1.72,23,18-24,19.2671714440238,healthy,3,S3: Tech-focused students,Restaurant Oriental Express,San Luis Potosi,SLP,No_Alcohol_Served,No alcohol,none,informal,no_accessibility,medium,2,familiar,FALSE,closed,none,Medium | price | No alcohol | Familiar,0,1,1,0,above stated budget
U1109,135058,2,2,2,1,22.303308,-101.05468,FALSE,abstemious,formal,solitary,public,single,independent,1989,eco-friendly,thrifty-protector,Catholic,student,blue,57,low,1.72,23,18-24,19.2671714440238,healthy,3,S3: Tech-focused students,Restaurante Tiberius,San Luis Potosi,SLP,No_Alcohol_Served,No alcohol,none,informal,no_accessibility,medium,2,familiar,TRUE,closed,none,Medium | price | No alcohol | Familiar,0,1,1,0,above stated budget
U1109,135085,2,2,2,1,22.303308,-101.05468,FALSE,abstemious,formal,solitary,public,single,independent,1989,eco-friendly,thrifty-protector,Catholic,student,blue,57,low,1.72,23,18-24,19.2671714440238,healthy,3,S3: Tech-focused students,Tortas Locas Hipocampo,San Luis Potosi,SLP,No_Alcohol_Served,No alcohol,not permitted,informal,no_accessibility,medium,2,familiar,FALSE,closed,none,Medium | price | No alcohol | Familiar,0,1,1,0,above stated budget
U1109,135038,2,2,2,1,22.303308,-101.05468,FALSE,abstemious,formal,solitary,public,single,independent,1989,eco-friendly,thrifty-protector,Catholic,student,blue,57,low,1.72,23,18-24,19.2671714440238,healthy,3,S3: Tech-focused students,Restaurant la Chalita,San Luis Potosi,SLP,No_Alcohol_Served,No alcohol,section,informal,no_accessibility,medium,2,familiar,FALSE,closed,none,Medium | price | No alcohol | Familiar,0,1,1,0,above stated budget
U1109,132872,1,1,1,0,22.303308,-101.05468,FALSE,abstemious,formal,solitary,public,single,independent,1989,eco-friendly,thrifty-protector,Catholic,student,blue,57,low,1.72,23,18-24,19.2671714440238,healthy,3,S3: Tech-focused students,Pizzeria Julios,s.l.p,mexico,No_Alcohol_Served,No alcohol,not permitted,informal,partially,medium,2,familiar,FALSE,closed,none,Medium | price | No alcohol | Familiar,0,1,1,0,above stated budget
U1078,135081,1,1,1,0,22.172109,-100.963199,TRUE,social drinker,informal,solitary,car owner,single,independent,1983,variety,hard-worker,Catholic,professional,blue,69,medium,1.69,29,25-34,24.158817968558527,healthy,2,S2: Mobile social students,El Club,San Luis Potosi,SLP,No_Alcohol_Served,No alcohol,none,informal,no_accessibility,medium,2,familiar,FALSE,closed,none,Medium | price | No alcohol | Familiar,0,1,2,1,matches stated budget
U1078,135060,2,2,2,1,22.172109,-100.963199,TRUE,social drinker,informal,solitary,car owner,single,independent,1983,variety,hard-worker,Catholic,professional,blue,69,medium,1.69,29,25-34,24.158817968558527,healthy,2,S2: Mobile social students,Restaurante Marisco Sam,San Luis Potosi,SLP,No_Alcohol_Served,No alcohol,none,informal,no_accessibility,medium,2,familiar,FALSE,closed,none,Medium | price | No alcohol | Familiar,0,1,2,1,matches stated budget
U1078,135106,2,2,2,1,22.172109,-100.963199,TRUE,social drinker,informal,solitary,car owner,single,independent,1983,variety,hard-worker,Catholic,professional,blue,69,medium,1.69,29,25-34,24.158817968558527,healthy,2,S2: Mobile social students,El Rincón de San Francisco,San Luis Potosi,San Luis Potosi,Wine-Beer,Wine or beer,only at bar,informal,partially,medium,2,familiar,FALSE,open,none,Medium | price | Wine or beer | Familiar,1,1,2,1,matches stated budget
U1078,135041,2,1,2,1,22.172109,-100.963199,TRUE,social drinker,informal,solitary,car owner,single,independent,1983,variety,hard-worker,Catholic,professional,blue,69,medium,1.69,29,25-34,24.158817968558527,healthy,2,S2: Mobile social students,Luna Cafe,San Luis Potosi,SLP,Wine-Beer,Wine or beer,none,informal,no_accessibility,medium,2,familiar,FALSE,closed,none,Medium | price | Wine or beer | Familiar,0,1,2,1,matches stated budget
U1078,132834,0,2,1,0,22.172109,-100.963199,TRUE,social drinker,informal,solitary,car owner,single,independent,1983,variety,hard-worker,Catholic,professional,blue,69,medium,1.69,29,25-34,24.158817968558527,healthy,2,S2: Mobile social students,Gorditas Doa Gloria,san luis potosi,san luis potosi,No_Alcohol_Served,No alcohol,not permitted,casual,no_accessibility,low,1,familiar,FALSE,closed,none,Low | price | No alcohol | Familiar,1,1,2,1,below stated budget
U1078,135052,2,2,2,1,22.172109,-100.963199,TRUE,social drinker,informal,solitary,car owner,single,independent,1983,variety,hard-worker,Catholic,professional,blue,69,medium,1.69,29,25-34,24.158817968558527,healthy,2,S2: Mobile social students,La Cantina Restaurante,San Luis Potosi,SLP,Full_Bar,Full bar,none,informal,no_accessibility,high,3,familiar,FALSE,closed,none,High | price | Full bar | Familiar,0,1,2,0,above stated budget
U1019,135079,0,0,0,0,22.153385,-100.975294,FALSE,casual drinker,no preference,family,public,single,independent,1989,variety,thrifty-protector,Catholic,student,purple,59,medium,1.6,23,18-24,23.046874999999996,healthy,1,S1: Quieter mixed students,Koye Sushi,San Luis Potosi,SLP,No_Alcohol_Served,No alcohol,none,informal,no_accessibility,high,3,familiar,FALSE,closed,none,High | price | No alcohol | Familiar,0,1,2,0,above stated budget
U1102,132846,2,2,2,1,22.137131,-100.941151,FALSE,social drinker,no preference,friends,on foot,single,independent,1989,eco-friendly,conformist,none,student,black,90,low,1.78,23,18-24,28.40550435551067,overweight,2,S2: Mobile social students,el lechon potosino,san luis potosi,slp,No_Alcohol_Served,No alcohol,permitted,casual,no_accessibility,low,1,familiar,FALSE,open,none,Low | price | No alcohol | Familiar,0,1,1,1,matches stated budget
U1098,132885,1,1,0,0,22.182571,-100.963232,FALSE,social drinker,formal,family,public,single,independent,1991,none,thrifty-protector,Catholic,student,green,68,medium,1.76,21,18-24,21.952479338842977,healthy,3,S3: Tech-focused students,Hamburguesas saul,San Luis Potosi,San Luis Potosi,No_Alcohol_Served,No alcohol,none,informal,completely,low,1,familiar,FALSE,closed,none,Low | price | No alcohol | Familiar,0,1,2,1,below stated budget
U1098,135060,2,1,2,1,22.182571,-100.963232,FALSE,social drinker,formal,family,public,single,independent,1991,none,thrifty-protector,Catholic,student,green,68,medium,1.76,21,18-24,21.952479338842977,healthy,3,S3: Tech-focused students,Restaurante Marisco Sam,San Luis Potosi,SLP,No_Alcohol_Served,No alcohol,none,informal,no_accessibility,medium,2,familiar,FALSE,closed,none,Medium | price | No alcohol | Familiar,0,1,2,1,matches stated budget
U1098,132856,1,2,1,0,22.182571,-100.963232,FALSE,social drinker,formal,family,public,single,independent,1991,none,thrifty-protector,Catholic,student,green,68,medium,1.76,21,18-24,21.952479338842977,healthy,3,S3: Tech-focused students,Unicols Pizza,San Luis Potosi,San Luis Potosi,Wine-Beer,Wine or beer,none,informal,completely,low,1,familiar,FALSE,closed,none,Low | price | Wine or beer | Familiar,0,1,2,1,below stated budget
U1046,135026,1,0,2,0,22.144415,-100.933097,FALSE,social drinker,no preference,friends,car owner,single,independent,1990,retro,hard-worker,Catholic,student,black,82,medium,1.84,22,18-24,24.22022684310019,healthy,2,S2: Mobile social students,la Cantina,San Luis Potosi,SLP,Full_Bar,Full bar,none,informal,no_accessibility,high,3,familiar,FALSE,closed,none,High | price | Full bar | Familiar,1,0,2,0,above stated budget
U1122,135066,2,1,1,1,22.169601,-100.991821,NA,abstemious,NA,NA,NA,NA,NA,1930,none,hard-worker,none,NA,yellow,40,NA,1.2,82,45+,27.77777777777778,overweight,1,S1: Quieter mixed students,Restaurante Guerra,San Luis Potosi,SLP,Wine-Beer,Wine or beer,section,informal,no_accessibility,high,3,familiar,FALSE,closed,none,High | price | Wine or beer | Familiar,0,0,NA,NA,NA
U1122,135065,2,2,2,1,22.169601,-100.991821,NA,abstemious,NA,NA,NA,NA,NA,1930,none,hard-worker,none,NA,yellow,40,NA,1.2,82,45+,27.77777777777778,overweight,1,S1: Quieter mixed students,El angel Restaurante,San Luis Potosi,SLP,Wine-Beer,Wine or beer,section,informal,no_accessibility,high,3,familiar,FALSE,closed,none,High | price | Wine or beer | Familiar,0,0,NA,NA,NA
U1122,132872,2,2,2,1,22.169601,-100.991821,NA,abstemious,NA,NA,NA,NA,NA,1930,none,hard-worker,none,NA,yellow,40,NA,1.2,82,45+,27.77777777777778,overweight,1,S1: Quieter mixed students,Pizzeria Julios,s.l.p,mexico,No_Alcohol_Served,No alcohol,not permitted,informal,partially,medium,2,familiar,FALSE,closed,none,Medium | price | No alcohol | Familiar,0,0,NA,NA,NA
U1122,135058,2,0,2,1,22.169601,-100.991821,NA,abstemious,NA,NA,NA,NA,NA,1930,none,hard-worker,none,NA,yellow,40,NA,1.2,82,45+,27.77777777777778,overweight,1,S1: Quieter mixed students,Restaurante Tiberius,San Luis Potosi,SLP,No_Alcohol_Served,No alcohol,none,informal,no_accessibility,medium,2,familiar,TRUE,closed,none,Medium | price | No alcohol | Familiar,0,0,NA,NA,NA
U1122,132834,2,1,1,1,22.169601,-100.991821,NA,abstemious,NA,NA,NA,NA,NA,1930,none,hard-worker,none,NA,yellow,40,NA,1.2,82,45+,27.77777777777778,overweight,1,S1: Quieter mixed students,Gorditas Doa Gloria,san luis potosi,san luis potosi,No_Alcohol_Served,No alcohol,not permitted,casual,no_accessibility,low,1,familiar,FALSE,closed,none,Low | price | No alcohol | Familiar,0,0,NA,NA,NA
U1122,132754,2,1,2,1,22.169601,-100.991821,NA,abstemious,NA,NA,NA,NA,NA,1930,none,hard-worker,none,NA,yellow,40,NA,1.2,82,45+,27.77777777777778,overweight,1,S1: Quieter mixed students,Cabana Huasteca,San Luis Potosi,S.L.P.,No_Alcohol_Served,No alcohol,none,informal,partially,medium,2,familiar,FALSE,closed,none,Medium | price | No alcohol | Familiar,0,0,NA,NA,NA
U1122,135079,2,2,2,1,22.169601,-100.991821,NA,abstemious,NA,NA,NA,NA,NA,1930,none,hard-worker,none,NA,yellow,40,NA,1.2,82,45+,27.77777777777778,overweight,1,S1: Quieter mixed students,Koye Sushi,San Luis Potosi,SLP,No_Alcohol_Served,No alcohol,none,informal,no_accessibility,high,3,familiar,FALSE,closed,none,High | price | No alcohol | Familiar,0,0,NA,NA,NA
U1122,135038,2,2,2,1,22.169601,-100.991821,NA,abstemious,NA,NA,NA,NA,NA,1930,none,hard-worker,none,NA,yellow,40,NA,1.2,82,45+,27.77777777777778,overweight,1,S1: Quieter mixed students,Restaurant la Chalita,San Luis Potosi,SLP,No_Alcohol_Served,No alcohol,section,informal,no_accessibility,medium,2,familiar,FALSE,closed,none,Medium | price | No alcohol | Familiar,0,0,NA,NA,NA
U1122,135085,2,2,1,1,22.169601,-100.991821,NA,abstemious,NA,NA,NA,NA,NA,1930,none,hard-worker,none,NA,yellow,40,NA,1.2,82,45+,27.77777777777778,overweight,1,S1: Quieter mixed students,Tortas Locas Hipocampo,San Luis Potosi,SLP,No_Alcohol_Served,No alcohol,not permitted,informal,no_accessibility,medium,2,familiar,FALSE,closed,none,Medium | price | No alcohol | Familiar,0,0,NA,NA,NA
U1122,135030,2,1,1,1,22.169601,-100.991821,NA,abstemious,NA,NA,NA,NA,NA,1930,none,hard-worker,none,NA,yellow,40,NA,1.2,82,45+,27.77777777777778,overweight,1,S1: Quieter mixed students,Preambulo Wifi Zone Cafe,San Luis Potosi,SLP,No_Alcohol_Served,No alcohol,none,informal,no_accessibility,medium,2,quiet,FALSE,closed,Internet,Medium | price | No alcohol | Quiet,0,0,NA,NA,NA
U1122,135064,1,1,1,0,22.169601,-100.991821,NA,abstemious,NA,NA,NA,NA,NA,1930,none,hard-worker,none,NA,yellow,40,NA,1.2,82,45+,27.77777777777778,overweight,1,S1: Quieter mixed students,Restaurante El Chivero S.A. de C.V.,San Luis Potosi,SLP,No_Alcohol_Served,No alcohol,none,informal,no_accessibility,high,3,familiar,FALSE,closed,none,High | price | No alcohol | Familiar,0,0,NA,NA,NA
U1122,135053,2,2,2,1,22.169601,-100.991821,NA,abstemious,NA,NA,NA,NA,NA,1930,none,hard-worker,none,NA,yellow,40,NA,1.2,82,45+,27.77777777777778,overweight,1,S1: Quieter mixed students,La Fontana Pizza Restaurante and Cafe,San Luis Potosi,SLP,No_Alcohol_Served,No alcohol,section,informal,no_accessibility,high,3,familiar,FALSE,closed,none,High | price | No alcohol | Familiar,0,0,NA,NA,NA
U1138,132921,2,2,1,1,22.152884,-100.939663,FALSE,social drinker,formal,friends,public,single,independent,1991,variety,thrifty-protector,none,student,blue,54,medium,1.55,21,18-24,22.476586888657646,healthy,3,S3: Tech-focused students,crudalia,NA,NA,Wine-Beer,Wine or beer,section,casual,completely,low,1,quiet,FALSE,open,none,Low | price | Wine or beer | Quiet,0,1,2,1,below stated budget
U1138,132922,2,2,2,1,22.152884,-100.939663,FALSE,social drinker,formal,friends,public,single,independent,1991,variety,thrifty-protector,none,student,blue,54,medium,1.55,21,18-24,22.476586888657646,healthy,3,S3: Tech-focused students,cafe punta del cielo,NA,NA,No_Alcohol_Served,No alcohol,permitted,formal,completely,medium,2,familiar,FALSE,closed,none,Medium | price | No alcohol | Familiar,0,1,2,1,matches stated budget
U1138,132925,1,2,1,0,22.152884,-100.939663,FALSE,social drinker,formal,friends,public,single,independent,1991,variety,thrifty-protector,none,student,blue,54,medium,1.55,21,18-24,22.476586888657646,healthy,3,S3: Tech-focused students,el pueblito,NA,NA,Wine-Beer,Wine or beer,not permitted,informal,completely,medium,2,familiar,FALSE,closed,none,Medium | price | Wine or beer | Familiar,0,1,2,1,matches stated budget
U1013,132921,2,2,1,1,22.174624,-100.993873,FALSE,abstemious,no preference,friends,public,widow,independent,1982,retro,thrifty-protector,none,professional,blue,80,medium,1.75,30,25-34,26.122448979591837,overweight,1,S1: Quieter mixed students,crudalia,NA,NA,Wine-Beer,Wine or beer,section,casual,completely,low,1,quiet,FALSE,open,none,Low | price | Wine or beer | Quiet,0,1,2,1,below stated budget
U1098,135085,1,2,1,0,22.182571,-100.963232,FALSE,social drinker,formal,family,public,single,independent,1991,none,thrifty-protector,Catholic,student,green,68,medium,1.76,21,18-24,21.952479338842977,healthy,3,S3: Tech-focused students,Tortas Locas Hipocampo,San Luis Potosi,SLP,No_Alcohol_Served,No alcohol,not permitted,informal,no_accessibility,medium,2,familiar,FALSE,closed,none,Medium | price | No alcohol | Familiar,0,1,2,1,matches stated budget
U1098,132825,1,1,1,0,22.182571,-100.963232,FALSE,social drinker,formal,family,public,single,independent,1991,none,thrifty-protector,Catholic,student,green,68,medium,1.76,21,18-24,21.952479338842977,healthy,3,S3: Tech-focused students,puesto de tacos,s.l.p.,s.l.p.,No_Alcohol_Served,No alcohol,none,informal,completely,low,1,familiar,FALSE,open,none,Low | price | No alcohol | Familiar,1,1,2,1,below stated budget
U1098,135079,2,1,1,1,22.182571,-100.963232,FALSE,social drinker,formal,family,public,single,independent,1991,none,thrifty-protector,Catholic,student,green,68,medium,1.76,21,18-24,21.952479338842977,healthy,3,S3: Tech-focused students,Koye Sushi,San Luis Potosi,SLP,No_Alcohol_Served,No alcohol,none,informal,no_accessibility,high,3,familiar,FALSE,closed,none,High | price | No alcohol | Familiar,0,1,2,0,above stated budget
U1098,135032,2,1,1,1,22.182571,-100.963232,FALSE,social drinker,formal,family,public,single,independent,1991,none,thrifty-protector,Catholic,student,green,68,medium,1.76,21,18-24,21.952479338842977,healthy,3,S3: Tech-focused students,Cafeteria y Restaurant El Pacifico,San Luis Potosi,SLP,Wine-Beer,Wine or beer,section,informal,no_accessibility,medium,2,familiar,FALSE,closed,none,Medium | price | Wine or beer | Familiar,0,1,2,1,matches stated budget
U1098,135038,1,1,1,0,22.182571,-100.963232,FALSE,social drinker,formal,family,public,single,independent,1991,none,thrifty-protector,Catholic,student,green,68,medium,1.76,21,18-24,21.952479338842977,healthy,3,S3: Tech-focused students,Restaurant la Chalita,San Luis Potosi,SLP,No_Alcohol_Served,No alcohol,section,informal,no_accessibility,medium,2,familiar,FALSE,closed,none,Medium | price | No alcohol | Familiar,0,1,2,1,matches stated budget
U1098,132861,2,2,1,1,22.182571,-100.963232,FALSE,social drinker,formal,family,public,single,independent,1991,none,thrifty-protector,Catholic,student,green,68,medium,1.76,21,18-24,21.952479338842977,healthy,3,S3: Tech-focused students,Carls Jr,San Luis Potosi,San Luis Potosi,No_Alcohol_Served,No alcohol,not permitted,informal,completely,medium,2,familiar,TRUE,closed,none,Medium | price | No alcohol | Familiar,0,1,2,1,matches stated budget
U1098,135046,1,2,1,0,22.182571,-100.963232,FALSE,social drinker,formal,family,public,single,independent,1991,none,thrifty-protector,Catholic,student,green,68,medium,1.76,21,18-24,21.952479338842977,healthy,3,S3: Tech-focused students,Restaurante El Reyecito,San Luis Potosi,SLP,No_Alcohol_Served,No alcohol,none,informal,no_accessibility,medium,2,familiar,FALSE,closed,none,Medium | price | No alcohol | Familiar,0,1,2,1,matches stated budget
U1098,132862,1,2,2,0,22.182571,-100.963232,FALSE,social drinker,formal,family,public,single,independent,1991,none,thrifty-protector,Catholic,student,green,68,medium,1.76,21,18-24,21.952479338842977,healthy,3,S3: Tech-focused students,La Posada del Virrey,San Luis Potosi,San Luis Potosi,Wine-Beer,Wine or beer,none,casual,completely,high,3,familiar,FALSE,closed,none,High | price | Wine or beer | Familiar,0,1,2,0,above stated budget
U1098,132921,1,2,1,0,22.182571,-100.963232,FALSE,social drinker,formal,family,public,single,independent,1991,none,thrifty-protector,Catholic,student,green,68,medium,1.76,21,18-24,21.952479338842977,healthy,3,S3: Tech-focused students,crudalia,NA,NA,Wine-Beer,Wine or beer,section,casual,completely,low,1,quiet,FALSE,open,none,Low | price | Wine or beer | Quiet,0,1,2,1,below stated budget
U1034,132884,0,0,0,0,22.137178,-101.013169,FALSE,casual drinker,informal,family,public,single,independent,1990,technology,thrifty-protector,Catholic,student,yellow,50,medium,1.58,22,18-24,20.028841531805796,healthy,3,S3: Tech-focused students,dairy queen,NA,NA,No_Alcohol_Served,No alcohol,none,informal,completely,low,1,familiar,FALSE,closed,none,Low | price | No alcohol | Familiar,0,0,2,1,below stated budget
U1034,135055,0,0,0,0,22.137178,-101.013169,FALSE,casual drinker,informal,family,public,single,independent,1990,technology,thrifty-protector,Catholic,student,yellow,50,medium,1.58,22,18-24,20.028841531805796,healthy,3,S3: Tech-focused students,la Cochinita Pibil Restaurante Yucateco,San Luis Potosi,SLP,No_Alcohol_Served,No alcohol,section,informal,no_accessibility,high,3,familiar,FALSE,closed,none,High | price | No alcohol | Familiar,1,1,2,0,above stated budget
U1034,135035,1,1,1,0,22.137178,-101.013169,FALSE,casual drinker,informal,family,public,single,independent,1990,technology,thrifty-protector,Catholic,student,yellow,50,medium,1.58,22,18-24,20.028841531805796,healthy,3,S3: Tech-focused students,El Mundo de la Pasta,San Luis Potosi,SLP,No_Alcohol_Served,No alcohol,section,informal,no_accessibility,high,3,familiar,FALSE,closed,none,High | price | No alcohol | Familiar,0,1,2,0,above stated budget
U1033,135065,1,1,1,0,22.15,-100.983,FALSE,social drinker,no preference,family,on foot,single,NA,1991,none,hard-worker,none,student,yellow,54,low,1.6,21,18-24,21.093749999999996,healthy,1,S1: Quieter mixed students,El angel Restaurante,San Luis Potosi,SLP,Wine-Beer,Wine or beer,section,informal,no_accessibility,high,3,familiar,FALSE,closed,none,High | price | Wine or beer | Familiar,0,1,1,0,above stated budget
U1033,135028,2,1,1,1,22.15,-100.983,FALSE,social drinker,no preference,family,on foot,single,NA,1991,none,hard-worker,none,student,yellow,54,low,1.6,21,18-24,21.093749999999996,healthy,1,S1: Quieter mixed students,La Virreina,San Luis Potosi,SLP,Wine-Beer,Wine or beer,none,informal,no_accessibility,medium,2,familiar,FALSE,closed,none,Medium | price | Wine or beer | Familiar,1,1,1,0,above stated budget
U1033,135085,2,2,2,1,22.15,-100.983,FALSE,social drinker,no preference,family,on foot,single,NA,1991,none,hard-worker,none,student,yellow,54,low,1.6,21,18-24,21.093749999999996,healthy,1,S1: Quieter mixed students,Tortas Locas Hipocampo,San Luis Potosi,SLP,No_Alcohol_Served,No alcohol,not permitted,informal,no_accessibility,medium,2,familiar,FALSE,closed,none,Medium | price | No alcohol | Familiar,0,1,1,0,above stated budget
U1033,135046,2,1,1,1,22.15,-100.983,FALSE,social drinker,no preference,family,on foot,single,NA,1991,none,hard-worker,none,student,yellow,54,low,1.6,21,18-24,21.093749999999996,healthy,1,S1: Quieter mixed students,Restaurante El Reyecito,San Luis Potosi,SLP,No_Alcohol_Served,No alcohol,none,informal,no_accessibility,medium,2,familiar,FALSE,closed,none,Medium | price | No alcohol | Familiar,0,1,1,0,above stated budget
U1033,135045,2,1,2,1,22.15,-100.983,FALSE,social drinker,no preference,family,on foot,single,NA,1991,none,hard-worker,none,student,yellow,54,low,1.6,21,18-24,21.093749999999996,healthy,1,S1: Quieter mixed students,Restaurante la Gran Via,San Luis Potosi,SLP,Wine-Beer,Wine or beer,none,casual,no_accessibility,high,3,familiar,FALSE,closed,none,High | price | Wine or beer | Familiar,0,1,1,0,above stated budget
U1033,132951,2,1,0,1,22.15,-100.983,FALSE,social drinker,no preference,family,on foot,single,NA,1991,none,hard-worker,none,student,yellow,54,low,1.6,21,18-24,21.093749999999996,healthy,1,S1: Quieter mixed students,VIPS,San Luis Potosi,San Luis Potosi,No_Alcohol_Served,No alcohol,not permitted,casual,completely,low,1,familiar,FALSE,closed,none,Low | price | No alcohol | Familiar,0,1,1,1,matches stated budget
U1033,132572,1,0,0,0,22.15,-100.983,FALSE,social drinker,no preference,family,on foot,single,NA,1991,none,hard-worker,none,student,yellow,54,low,1.6,21,18-24,21.093749999999996,healthy,1,S1: Quieter mixed students,Cafe Chaires,San Luis Potosi,San Luis Potosi,No_Alcohol_Served,No alcohol,not permitted,informal,completely,low,1,familiar,FALSE,closed,none,Low | price | No alcohol | Familiar,0,1,1,1,matches stated budget
U1033,132921,2,1,1,1,22.15,-100.983,FALSE,social drinker,no preference,family,on foot,single,NA,1991,none,hard-worker,none,student,yellow,54,low,1.6,21,18-24,21.093749999999996,healthy,1,S1: Quieter mixed students,crudalia,NA,NA,Wine-Beer,Wine or beer,section,casual,completely,low,1,quiet,FALSE,open,none,Low | price | Wine or beer | Quiet,0,1,1,1,matches stated budget
U1033,135075,2,1,0,1,22.15,-100.983,FALSE,social drinker,no preference,family,on foot,single,NA,1991,none,hard-worker,none,student,yellow,54,low,1.6,21,18-24,21.093749999999996,healthy,1,S1: Quieter mixed students,Mariscos El Pescador,San Luis Potosi,SLP,No_Alcohol_Served,No alcohol,none,informal,no_accessibility,medium,2,familiar,FALSE,closed,none,Medium | price | No alcohol | Familiar,0,1,1,0,above stated budget
U1033,135038,1,1,1,0,22.15,-100.983,FALSE,social drinker,no preference,family,on foot,single,NA,1991,none,hard-worker,none,student,yellow,54,low,1.6,21,18-24,21.093749999999996,healthy,1,S1: Quieter mixed students,Restaurant la Chalita,San Luis Potosi,SLP,No_Alcohol_Served,No alcohol,section,informal,no_accessibility,medium,2,familiar,FALSE,closed,none,Medium | price | No alcohol | Familiar,0,1,1,0,above stated budget
U1033,135030,2,1,1,1,22.15,-100.983,FALSE,social drinker,no preference,family,on foot,single,NA,1991,none,hard-worker,none,student,yellow,54,low,1.6,21,18-24,21.093749999999996,healthy,1,S1: Quieter mixed students,Preambulo Wifi Zone Cafe,San Luis Potosi,SLP,No_Alcohol_Served,No alcohol,none,informal,no_accessibility,medium,2,quiet,FALSE,closed,Internet,Medium | price | No alcohol | Quiet,0,1,1,0,above stated budget
U1089,135058,1,1,1,0,22.162562,-100.99313,TRUE,casual drinker,informal,family,public,single,independent,1990,variety,conformist,Catholic,student,white,54,low,1.6,22,18-24,21.093749999999996,healthy,1,S1: Quieter mixed students,Restaurante Tiberius,San Luis Potosi,SLP,No_Alcohol_Served,No alcohol,none,informal,no_accessibility,medium,2,familiar,TRUE,closed,none,Medium | price | No alcohol | Familiar,0,1,1,0,above stated budget
U1089,135064,1,1,1,0,22.162562,-100.99313,TRUE,casual drinker,informal,family,public,single,independent,1990,variety,conformist,Catholic,student,white,54,low,1.6,22,18-24,21.093749999999996,healthy,1,S1: Quieter mixed students,Restaurante El Chivero S.A. de C.V.,San Luis Potosi,SLP,No_Alcohol_Served,No alcohol,none,informal,no_accessibility,high,3,familiar,FALSE,closed,none,High | price | No alcohol | Familiar,0,1,1,0,above stated budget
U1089,135028,1,1,1,0,22.162562,-100.99313,TRUE,casual drinker,informal,family,public,single,independent,1990,variety,conformist,Catholic,student,white,54,low,1.6,22,18-24,21.093749999999996,healthy,1,S1: Quieter mixed students,La Virreina,San Luis Potosi,SLP,Wine-Beer,Wine or beer,none,informal,no_accessibility,medium,2,familiar,FALSE,closed,none,Medium | price | Wine or beer | Familiar,1,1,1,0,above stated budget
U1089,132951,1,1,1,0,22.162562,-100.99313,TRUE,casual drinker,informal,family,public,single,independent,1990,variety,conformist,Catholic,student,white,54,low,1.6,22,18-24,21.093749999999996,healthy,1,S1: Quieter mixed students,VIPS,San Luis Potosi,San Luis Potosi,No_Alcohol_Served,No alcohol,not permitted,casual,completely,low,1,familiar,FALSE,closed,none,Low | price | No alcohol | Familiar,0,1,1,1,matches stated budget
U1003,135064,0,0,0,0,22.119847,-100.946527,FALSE,social drinker,formal,family,public,single,independent,1989,none,hard-worker,Catholic,student,blue,60,low,1.69,23,18-24,21.007667798746546,healthy,1,S1: Quieter mixed students,Restaurante El Chivero S.A. de C.V.,San Luis Potosi,SLP,No_Alcohol_Served,No alcohol,none,informal,no_accessibility,high,3,familiar,FALSE,closed,none,High | price | No alcohol | Familiar,0,1,1,0,above stated budget
U1089,132921,1,1,1,0,22.162562,-100.99313,TRUE,casual drinker,informal,family,public,single,independent,1990,variety,conformist,Catholic,student,white,54,low,1.6,22,18-24,21.093749999999996,healthy,1,S1: Quieter mixed students,crudalia,NA,NA,Wine-Beer,Wine or beer,section,casual,completely,low,1,quiet,FALSE,open,none,Low | price | Wine or beer | Quiet,0,1,1,1,matches stated budget
U1003,132825,2,2,1,1,22.119847,-100.946527,FALSE,social drinker,formal,family,public,single,independent,1989,none,hard-worker,Catholic,student,blue,60,low,1.69,23,18-24,21.007667798746546,healthy,1,S1: Quieter mixed students,puesto de tacos,s.l.p.,s.l.p.,No_Alcohol_Served,No alcohol,none,informal,completely,low,1,familiar,FALSE,open,none,Low | price | No alcohol | Familiar,1,1,1,1,matches stated budget
U1089,132754,1,1,1,0,22.162562,-100.99313,TRUE,casual drinker,informal,family,public,single,independent,1990,variety,conformist,Catholic,student,white,54,low,1.6,22,18-24,21.093749999999996,healthy,1,S1: Quieter mixed students,Cabana Huasteca,San Luis Potosi,S.L.P.,No_Alcohol_Served,No alcohol,none,informal,partially,medium,2,familiar,FALSE,closed,none,Medium | price | No alcohol | Familiar,1,1,1,0,above stated budget
U1003,135075,2,2,2,1,22.119847,-100.946527,FALSE,social drinker,formal,family,public,single,independent,1989,none,hard-worker,Catholic,student,blue,60,low,1.69,23,18-24,21.007667798746546,healthy,1,S1: Quieter mixed students,Mariscos El Pescador,San Luis Potosi,SLP,No_Alcohol_Served,No alcohol,none,informal,no_accessibility,medium,2,familiar,FALSE,closed,none,Medium | price | No alcohol | Familiar,0,1,1,0,above stated budget
U1089,135026,1,1,1,0,22.162562,-100.99313,TRUE,casual drinker,informal,family,public,single,independent,1990,variety,conformist,Catholic,student,white,54,low,1.6,22,18-24,21.093749999999996,healthy,1,S1: Quieter mixed students,la Cantina,San Luis Potosi,SLP,Full_Bar,Full bar,none,informal,no_accessibility,high,3,familiar,FALSE,closed,none,High | price | Full bar | Familiar,0,0,1,0,above stated budget
U1003,132862,1,2,2,0,22.119847,-100.946527,FALSE,social drinker,formal,family,public,single,independent,1989,none,hard-worker,Catholic,student,blue,60,low,1.69,23,18-24,21.007667798746546,healthy,1,S1: Quieter mixed students,La Posada del Virrey,San Luis Potosi,San Luis Potosi,Wine-Beer,Wine or beer,none,casual,completely,high,3,familiar,FALSE,closed,none,High | price | Wine or beer | Familiar,0,1,1,0,above stated budget
U1089,132872,1,1,1,0,22.162562,-100.99313,TRUE,casual drinker,informal,family,public,single,independent,1990,variety,conformist,Catholic,student,white,54,low,1.6,22,18-24,21.093749999999996,healthy,1,S1: Quieter mixed students,Pizzeria Julios,s.l.p,mexico,No_Alcohol_Served,No alcohol,not permitted,informal,partially,medium,2,familiar,FALSE,closed,none,Medium | price | No alcohol | Familiar,0,1,1,0,above stated budget
U1089,135085,1,1,1,0,22.162562,-100.99313,TRUE,casual drinker,informal,family,public,single,independent,1990,variety,conformist,Catholic,student,white,54,low,1.6,22,18-24,21.093749999999996,healthy,1,S1: Quieter mixed students,Tortas Locas Hipocampo,San Luis Potosi,SLP,No_Alcohol_Served,No alcohol,not permitted,informal,no_accessibility,medium,2,familiar,FALSE,closed,none,Medium | price | No alcohol | Familiar,0,1,1,0,above stated budget
U1003,135041,0,1,1,0,22.119847,-100.946527,FALSE,social drinker,formal,family,public,single,independent,1989,none,hard-worker,Catholic,student,blue,60,low,1.69,23,18-24,21.007667798746546,healthy,1,S1: Quieter mixed students,Luna Cafe,San Luis Potosi,SLP,Wine-Beer,Wine or beer,none,informal,no_accessibility,medium,2,familiar,FALSE,closed,none,Medium | price | Wine or beer | Familiar,0,1,1,0,above stated budget
U1089,135072,1,1,1,0,22.162562,-100.99313,TRUE,casual drinker,informal,family,public,single,independent,1990,variety,conformist,Catholic,student,white,54,low,1.6,22,18-24,21.093749999999996,healthy,1,S1: Quieter mixed students,Sushi Itto,San Luis Potosi,SLP,No_Alcohol_Served,No alcohol,none,informal,no_accessibility,medium,2,familiar,FALSE,closed,none,Medium | price | No alcohol | Familiar,0,1,1,0,above stated budget
U1089,132834,1,1,1,0,22.162562,-100.99313,TRUE,casual drinker,informal,family,public,single,independent,1990,variety,conformist,Catholic,student,white,54,low,1.6,22,18-24,21.093749999999996,healthy,1,S1: Quieter mixed students,Gorditas Doa Gloria,san luis potosi,san luis potosi,No_Alcohol_Served,No alcohol,not permitted,casual,no_accessibility,low,1,familiar,FALSE,closed,none,Low | price | No alcohol | Familiar,1,1,1,1,matches stated budget
U1003,132937,2,2,1,1,22.119847,-100.946527,FALSE,social drinker,formal,family,public,single,independent,1989,none,hard-worker,Catholic,student,blue,60,low,1.69,23,18-24,21.007667798746546,healthy,1,S1: Quieter mixed students,rockabilly,san luis potosi,san luis potosi,Full_Bar,Full bar,section,informal,completely,low,1,quiet,FALSE,closed,variety,Low | price | Full bar | Quiet,0,1,1,1,matches stated budget
U1089,132875,1,1,1,0,22.162562,-100.99313,TRUE,casual drinker,informal,family,public,single,independent,1990,variety,conformist,Catholic,student,white,54,low,1.6,22,18-24,21.093749999999996,healthy,1,S1: Quieter mixed students,shi ro ie,NA,NA,Wine-Beer,Wine or beer,section,informal,no_accessibility,high,3,familiar,TRUE,open,Internet,High | price | Wine or beer | Familiar,0,1,1,0,above stated budget
U1089,135038,0,0,0,0,22.162562,-100.99313,TRUE,casual drinker,informal,family,public,single,independent,1990,variety,conformist,Catholic,student,white,54,low,1.6,22,18-24,21.093749999999996,healthy,1,S1: Quieter mixed students,Restaurant la Chalita,San Luis Potosi,SLP,No_Alcohol_Served,No alcohol,section,informal,no_accessibility,medium,2,familiar,FALSE,closed,none,Medium | price | No alcohol | Familiar,0,1,1,0,above stated budget
U1003,132922,2,2,2,1,22.119847,-100.946527,FALSE,social drinker,formal,family,public,single,independent,1989,none,hard-worker,Catholic,student,blue,60,low,1.69,23,18-24,21.007667798746546,healthy,1,S1: Quieter mixed students,cafe punta del cielo,NA,NA,No_Alcohol_Served,No alcohol,permitted,formal,completely,medium,2,familiar,FALSE,closed,none,Medium | price | No alcohol | Familiar,0,1,1,0,above stated budget
U1091,132825,0,1,1,0,22.154677,-100.949013,FALSE,casual drinker,no preference,family,car owner,single,independent,1989,eco-friendly,thrifty-protector,none,student,red,40,low,1.7,23,18-24,13.84083044982699,underweight,3,S3: Tech-focused students,puesto de tacos,s.l.p.,s.l.p.,No_Alcohol_Served,No alcohol,none,informal,completely,low,1,familiar,FALSE,open,none,Low | price | No alcohol | Familiar,1,1,1,1,matches stated budget
U1091,135075,2,2,2,1,22.154677,-100.949013,FALSE,casual drinker,no preference,family,car owner,single,independent,1989,eco-friendly,thrifty-protector,none,student,red,40,low,1.7,23,18-24,13.84083044982699,underweight,3,S3: Tech-focused students,Mariscos El Pescador,San Luis Potosi,SLP,No_Alcohol_Served,No alcohol,none,informal,no_accessibility,medium,2,familiar,FALSE,closed,none,Medium | price | No alcohol | Familiar,0,1,1,0,above stated budget
U1089,135079,0,0,0,0,22.162562,-100.99313,TRUE,casual drinker,informal,family,public,single,independent,1990,variety,conformist,Catholic,student,white,54,low,1.6,22,18-24,21.093749999999996,healthy,1,S1: Quieter mixed students,Koye Sushi,San Luis Potosi,SLP,No_Alcohol_Served,No alcohol,none,informal,no_accessibility,high,3,familiar,FALSE,closed,none,High | price | No alcohol | Familiar,0,1,1,0,above stated budget
U1003,132723,2,2,1,1,22.119847,-100.946527,FALSE,social drinker,formal,family,public,single,independent,1989,none,hard-worker,Catholic,student,blue,60,low,1.69,23,18-24,21.007667798746546,healthy,1,S1: Quieter mixed students,Gordas de morales,NA,San Luis Potosi,Full_Bar,Full bar,section,informal,completely,medium,2,familiar,FALSE,closed,none,Medium | price | Full bar | Familiar,1,1,1,0,above stated budget
U1091,132861,1,1,1,0,22.154677,-100.949013,FALSE,casual drinker,no preference,family,car owner,single,independent,1989,eco-friendly,thrifty-protector,none,student,red,40,low,1.7,23,18-24,13.84083044982699,underweight,3,S3: Tech-focused students,Carls Jr,San Luis Potosi,San Luis Potosi,No_Alcohol_Served,No alcohol,not permitted,informal,completely,medium,2,familiar,TRUE,closed,none,Medium | price | No alcohol | Familiar,0,1,1,0,above stated budget
U1003,132755,2,2,1,1,22.119847,-100.946527,FALSE,social drinker,formal,family,public,single,independent,1989,none,hard-worker,Catholic,student,blue,60,low,1.69,23,18-24,21.007667798746546,healthy,1,S1: Quieter mixed students,La Estrella de Dimas,San Luis Potosi,S.L.P.,No_Alcohol_Served,No alcohol,none,informal,partially,medium,2,familiar,FALSE,closed,variety,Medium | price | No alcohol | Familiar,1,1,1,0,above stated budget
U1091,132875,1,2,2,0,22.154677,-100.949013,FALSE,casual drinker,no preference,family,car owner,single,independent,1989,eco-friendly,thrifty-protector,none,student,red,40,low,1.7,23,18-24,13.84083044982699,underweight,3,S3: Tech-focused students,shi ro ie,NA,NA,Wine-Beer,Wine or beer,section,informal,no_accessibility,high,3,familiar,TRUE,open,Internet,High | price | Wine or beer | Familiar,0,1,1,0,above stated budget
U1003,135080,2,1,2,1,22.119847,-100.946527,FALSE,social drinker,formal,family,public,single,independent,1989,none,hard-worker,Catholic,student,blue,60,low,1.69,23,18-24,21.007667798746546,healthy,1,S1: Quieter mixed students,los Toneles,San Luis Potosi,SLP,No_Alcohol_Served,No alcohol,section,informal,no_accessibility,high,3,familiar,FALSE,closed,none,High | price | No alcohol | Familiar,0,1,1,0,above stated budget
U1091,135086,1,1,1,0,22.154677,-100.949013,FALSE,casual drinker,no preference,family,car owner,single,independent,1989,eco-friendly,thrifty-protector,none,student,red,40,low,1.7,23,18-24,13.84083044982699,underweight,3,S3: Tech-focused students,Mcdonalds Parque Tangamanga,San Luis Potosi,SLP,No_Alcohol_Served,No alcohol,not permitted,informal,no_accessibility,medium,2,familiar,TRUE,closed,none,Medium | price | No alcohol | Familiar,0,1,1,0,above stated budget
U1003,135079,2,2,2,1,22.119847,-100.946527,FALSE,social drinker,formal,family,public,single,independent,1989,none,hard-worker,Catholic,student,blue,60,low,1.69,23,18-24,21.007667798746546,healthy,1,S1: Quieter mixed students,Koye Sushi,San Luis Potosi,SLP,No_Alcohol_Served,No alcohol,none,informal,no_accessibility,high,3,familiar,FALSE,closed,none,High | price | No alcohol | Familiar,0,1,1,0,above stated budget
U1027,135066,0,0,0,0,22.16515,-100.987015,TRUE,social drinker,no preference,NA,public,single,independent,1989,retro,thrifty-protector,Catholic,student,purple,60,low,1.65,23,18-24,22.03856749311295,healthy,2,S2: Mobile social students,Restaurante Guerra,San Luis Potosi,SLP,Wine-Beer,Wine or beer,section,informal,no_accessibility,high,3,familiar,FALSE,closed,none,High | price | Wine or beer | Familiar,0,1,1,0,above stated budget
U1091,135080,0,1,1,0,22.154677,-100.949013,FALSE,casual drinker,no preference,family,car owner,single,independent,1989,eco-friendly,thrifty-protector,none,student,red,40,low,1.7,23,18-24,13.84083044982699,underweight,3,S3: Tech-focused students,los Toneles,San Luis Potosi,SLP,No_Alcohol_Served,No alcohol,section,informal,no_accessibility,high,3,familiar,FALSE,closed,none,High | price | No alcohol | Familiar,0,1,1,0,above stated budget
U1027,132921,1,1,1,0,22.16515,-100.987015,TRUE,social drinker,no preference,NA,public,single,independent,1989,retro,thrifty-protector,Catholic,student,purple,60,low,1.65,23,18-24,22.03856749311295,healthy,2,S2: Mobile social students,crudalia,NA,NA,Wine-Beer,Wine or beer,section,casual,completely,low,1,quiet,FALSE,open,none,Low | price | Wine or beer | Quiet,0,1,1,1,matches stated budget
U1091,132572,2,2,2,1,22.154677,-100.949013,FALSE,casual drinker,no preference,family,car owner,single,independent,1989,eco-friendly,thrifty-protector,none,student,red,40,low,1.7,23,18-24,13.84083044982699,underweight,3,S3: Tech-focused students,Cafe Chaires,San Luis Potosi,San Luis Potosi,No_Alcohol_Served,No alcohol,not permitted,informal,completely,low,1,familiar,FALSE,closed,none,Low | price | No alcohol | Familiar,0,1,1,1,matches stated budget
U1027,135052,1,1,1,0,22.16515,-100.987015,TRUE,social drinker,no preference,NA,public,single,independent,1989,retro,thrifty-protector,Catholic,student,purple,60,low,1.65,23,18-24,22.03856749311295,healthy,2,S2: Mobile social students,La Cantina Restaurante,San Luis Potosi,SLP,Full_Bar,Full bar,none,informal,no_accessibility,high,3,familiar,FALSE,closed,none,High | price | Full bar | Familiar,0,1,1,0,above stated budget
U1091,132884,2,2,2,1,22.154677,-100.949013,FALSE,casual drinker,no preference,family,car owner,single,independent,1989,eco-friendly,thrifty-protector,none,student,red,40,low,1.7,23,18-24,13.84083044982699,underweight,3,S3: Tech-focused students,dairy queen,NA,NA,No_Alcohol_Served,No alcohol,none,informal,completely,low,1,familiar,FALSE,closed,none,Low | price | No alcohol | Familiar,0,0,1,1,matches stated budget
U1091,135035,1,1,1,0,22.154677,-100.949013,FALSE,casual drinker,no preference,family,car owner,single,independent,1989,eco-friendly,thrifty-protector,none,student,red,40,low,1.7,23,18-24,13.84083044982699,underweight,3,S3: Tech-focused students,El Mundo de la Pasta,San Luis Potosi,SLP,No_Alcohol_Served,No alcohol,section,informal,no_accessibility,high,3,familiar,FALSE,closed,none,High | price | No alcohol | Familiar,0,1,1,0,above stated budget
U1027,132937,1,1,1,0,22.16515,-100.987015,TRUE,social drinker,no preference,NA,public,single,independent,1989,retro,thrifty-protector,Catholic,student,purple,60,low,1.65,23,18-24,22.03856749311295,healthy,2,S2: Mobile social students,rockabilly,san luis potosi,san luis potosi,Full_Bar,Full bar,section,informal,completely,low,1,quiet,FALSE,closed,variety,Low | price | Full bar | Quiet,0,1,1,1,matches stated budget
U1027,132951,1,1,1,0,22.16515,-100.987015,TRUE,social drinker,no preference,NA,public,single,independent,1989,retro,thrifty-protector,Catholic,student,purple,60,low,1.65,23,18-24,22.03856749311295,healthy,2,S2: Mobile social students,VIPS,San Luis Potosi,San Luis Potosi,No_Alcohol_Served,No alcohol,not permitted,casual,completely,low,1,familiar,FALSE,closed,none,Low | price | No alcohol | Familiar,0,1,1,1,matches stated budget
U1027,132925,1,1,1,0,22.16515,-100.987015,TRUE,social drinker,no preference,NA,public,single,independent,1989,retro,thrifty-protector,Catholic,student,purple,60,low,1.65,23,18-24,22.03856749311295,healthy,2,S2: Mobile social students,el pueblito,NA,NA,Wine-Beer,Wine or beer,not permitted,informal,completely,medium,2,familiar,FALSE,closed,none,Medium | price | Wine or beer | Familiar,0,1,1,0,above stated budget
U1027,132872,1,1,1,0,22.16515,-100.987015,TRUE,social drinker,no preference,NA,public,single,independent,1989,retro,thrifty-protector,Catholic,student,purple,60,low,1.65,23,18-24,22.03856749311295,healthy,2,S2: Mobile social students,Pizzeria Julios,s.l.p,mexico,No_Alcohol_Served,No alcohol,not permitted,informal,partially,medium,2,familiar,FALSE,closed,none,Medium | price | No alcohol | Familiar,0,1,1,0,above stated budget
U1027,132875,1,1,1,0,22.16515,-100.987015,TRUE,social drinker,no preference,NA,public,single,independent,1989,retro,thrifty-protector,Catholic,student,purple,60,low,1.65,23,18-24,22.03856749311295,healthy,2,S2: Mobile social students,shi ro ie,NA,NA,Wine-Beer,Wine or beer,section,informal,no_accessibility,high,3,familiar,TRUE,open,Internet,High | price | Wine or beer | Familiar,0,1,1,0,above stated budget
U1027,135085,1,1,1,0,22.16515,-100.987015,TRUE,social drinker,no preference,NA,public,single,independent,1989,retro,thrifty-protector,Catholic,student,purple,60,low,1.65,23,18-24,22.03856749311295,healthy,2,S2: Mobile social students,Tortas Locas Hipocampo,San Luis Potosi,SLP,No_Alcohol_Served,No alcohol,not permitted,informal,no_accessibility,medium,2,familiar,FALSE,closed,none,Medium | price | No alcohol | Familiar,0,1,1,0,above stated budget
U1027,135042,1,1,1,0,22.16515,-100.987015,TRUE,social drinker,no preference,NA,public,single,independent,1989,retro,thrifty-protector,Catholic,student,purple,60,low,1.65,23,18-24,22.03856749311295,healthy,2,S2: Mobile social students,Restaurant Oriental Express,San Luis Potosi,SLP,No_Alcohol_Served,No alcohol,none,informal,no_accessibility,medium,2,familiar,FALSE,closed,none,Medium | price | No alcohol | Familiar,0,1,1,0,above stated budget
U1027,135062,1,1,1,0,22.16515,-100.987015,TRUE,social drinker,no preference,NA,public,single,independent,1989,retro,thrifty-protector,Catholic,student,purple,60,low,1.65,23,18-24,22.03856749311295,healthy,2,S2: Mobile social students,Restaurante El Cielo Potosino,San Luis Potosi,SLP,No_Alcohol_Served,No alcohol,none,informal,no_accessibility,medium,2,familiar,FALSE,closed,none,Medium | price | No alcohol | Familiar,0,1,1,0,above stated budget
U1029,135047,1,1,1,0,22.151796,-100.989075,TRUE,casual drinker,formal,family,public,single,independent,1990,variety,conformist,Catholic,student,white,58,low,1.6,22,18-24,22.656249999999996,healthy,3,S3: Tech-focused students,Restaurante Casa de las Flores,San Luis Potosi,SLP,Wine-Beer,Wine or beer,section,informal,no_accessibility,high,3,familiar,FALSE,closed,none,High | price | Wine or beer | Familiar,0,1,1,0,above stated budget
U1029,135059,2,1,1,1,22.151796,-100.989075,TRUE,casual drinker,formal,family,public,single,independent,1990,variety,conformist,Catholic,student,white,58,low,1.6,22,18-24,22.656249999999996,healthy,3,S3: Tech-focused students,Restaurant Bar Hacienda los Martinez,San Luis Potosi,SLP,Wine-Beer,Wine or beer,section,informal,no_accessibility,medium,2,familiar,FALSE,closed,none,Medium | price | Wine or beer | Familiar,0,1,1,0,above stated budget
U1029,132937,1,1,1,0,22.151796,-100.989075,TRUE,casual drinker,formal,family,public,single,independent,1990,variety,conformist,Catholic,student,white,58,low,1.6,22,18-24,22.656249999999996,healthy,3,S3: Tech-focused students,rockabilly,san luis potosi,san luis potosi,Full_Bar,Full bar,section,informal,completely,low,1,quiet,FALSE,closed,variety,Low | price | Full bar | Quiet,0,1,1,1,matches stated budget
U1029,135085,1,1,1,0,22.151796,-100.989075,TRUE,casual drinker,formal,family,public,single,independent,1990,variety,conformist,Catholic,student,white,58,low,1.6,22,18-24,22.656249999999996,healthy,3,S3: Tech-focused students,Tortas Locas Hipocampo,San Luis Potosi,SLP,No_Alcohol_Served,No alcohol,not permitted,informal,no_accessibility,medium,2,familiar,FALSE,closed,none,Medium | price | No alcohol | Familiar,0,1,1,0,above stated budget
U1029,132834,0,1,0,0,22.151796,-100.989075,TRUE,casual drinker,formal,family,public,single,independent,1990,variety,conformist,Catholic,student,white,58,low,1.6,22,18-24,22.656249999999996,healthy,3,S3: Tech-focused students,Gorditas Doa Gloria,san luis potosi,san luis potosi,No_Alcohol_Served,No alcohol,not permitted,casual,no_accessibility,low,1,familiar,FALSE,closed,none,Low | price | No alcohol | Familiar,1,1,1,1,matches stated budget
U1029,132754,0,0,0,0,22.151796,-100.989075,TRUE,casual drinker,formal,family,public,single,independent,1990,variety,conformist,Catholic,student,white,58,low,1.6,22,18-24,22.656249999999996,healthy,3,S3: Tech-focused students,Cabana Huasteca,San Luis Potosi,S.L.P.,No_Alcohol_Served,No alcohol,none,informal,partially,medium,2,familiar,FALSE,closed,none,Medium | price | No alcohol | Familiar,1,1,1,0,above stated budget
U1029,132825,1,1,0,0,22.151796,-100.989075,TRUE,casual drinker,formal,family,public,single,independent,1990,variety,conformist,Catholic,student,white,58,low,1.6,22,18-24,22.656249999999996,healthy,3,S3: Tech-focused students,puesto de tacos,s.l.p.,s.l.p.,No_Alcohol_Served,No alcohol,none,informal,completely,low,1,familiar,FALSE,open,none,Low | price | No alcohol | Familiar,1,1,1,1,matches stated budget
U1029,132921,1,1,1,0,22.151796,-100.989075,TRUE,casual drinker,formal,family,public,single,independent,1990,variety,conformist,Catholic,student,white,58,low,1.6,22,18-24,22.656249999999996,healthy,3,S3: Tech-focused students,crudalia,NA,NA,Wine-Beer,Wine or beer,section,casual,completely,low,1,quiet,FALSE,open,none,Low | price | Wine or beer | Quiet,0,1,1,1,matches stated budget
U1029,132862,1,1,1,0,22.151796,-100.989075,TRUE,casual drinker,formal,family,public,single,independent,1990,variety,conformist,Catholic,student,white,58,low,1.6,22,18-24,22.656249999999996,healthy,3,S3: Tech-focused students,La Posada del Virrey,San Luis Potosi,San Luis Potosi,Wine-Beer,Wine or beer,none,casual,completely,high,3,familiar,FALSE,closed,none,High | price | Wine or beer | Familiar,0,1,1,0,above stated budget
U1029,132922,1,1,1,0,22.151796,-100.989075,TRUE,casual drinker,formal,family,public,single,independent,1990,variety,conformist,Catholic,student,white,58,low,1.6,22,18-24,22.656249999999996,healthy,3,S3: Tech-focused students,cafe punta del cielo,NA,NA,No_Alcohol_Served,No alcohol,permitted,formal,completely,medium,2,familiar,FALSE,closed,none,Medium | price | No alcohol | Familiar,0,1,1,0,above stated budget
U1086,135063,1,1,1,0,22.157281,-100.98444,FALSE,social drinker,no preference,family,car owner,single,independent,1991,variety,hunter-ostentatious,Catholic,student,red,49,medium,1.59,21,18-24,19.382144693643447,healthy,2,S2: Mobile social students,Restaurante Alhondiga,San Luis Potosi,SLP,No_Alcohol_Served,No alcohol,none,informal,no_accessibility,medium,2,familiar,FALSE,closed,none,Medium | price | No alcohol | Familiar,0,1,2,1,matches stated budget
U1086,132921,1,1,1,0,22.157281,-100.98444,FALSE,social drinker,no preference,family,car owner,single,independent,1991,variety,hunter-ostentatious,Catholic,student,red,49,medium,1.59,21,18-24,19.382144693643447,healthy,2,S2: Mobile social students,crudalia,NA,NA,Wine-Beer,Wine or beer,section,casual,completely,low,1,quiet,FALSE,open,none,Low | price | Wine or beer | Quiet,0,1,2,1,below stated budget
U1086,135085,2,1,1,1,22.157281,-100.98444,FALSE,social drinker,no preference,family,car owner,single,independent,1991,variety,hunter-ostentatious,Catholic,student,red,49,medium,1.59,21,18-24,19.382144693643447,healthy,2,S2: Mobile social students,Tortas Locas Hipocampo,San Luis Potosi,SLP,No_Alcohol_Served,No alcohol,not permitted,informal,no_accessibility,medium,2,familiar,FALSE,closed,none,Medium | price | No alcohol | Familiar,0,1,2,1,matches stated budget
U1086,132922,2,1,2,1,22.157281,-100.98444,FALSE,social drinker,no preference,family,car owner,single,independent,1991,variety,hunter-ostentatious,Catholic,student,red,49,medium,1.59,21,18-24,19.382144693643447,healthy,2,S2: Mobile social students,cafe punta del cielo,NA,NA,No_Alcohol_Served,No alcohol,permitted,formal,completely,medium,2,familiar,FALSE,closed,none,Medium | price | No alcohol | Familiar,0,1,2,1,matches stated budget
U1086,132937,2,0,1,1,22.157281,-100.98444,FALSE,social drinker,no preference,family,car owner,single,independent,1991,variety,hunter-ostentatious,Catholic,student,red,49,medium,1.59,21,18-24,19.382144693643447,healthy,2,S2: Mobile social students,rockabilly,san luis potosi,san luis potosi,Full_Bar,Full bar,section,informal,completely,low,1,quiet,FALSE,closed,variety,Low | price | Full bar | Quiet,0,1,2,1,below stated budget
U1086,135045,2,2,2,1,22.157281,-100.98444,FALSE,social drinker,no preference,family,car owner,single,independent,1991,variety,hunter-ostentatious,Catholic,student,red,49,medium,1.59,21,18-24,19.382144693643447,healthy,2,S2: Mobile social students,Restaurante la Gran Via,San Luis Potosi,SLP,Wine-Beer,Wine or beer,none,casual,no_accessibility,high,3,familiar,FALSE,closed,none,High | price | Wine or beer | Familiar,0,1,2,0,above stated budget
U1086,135041,2,2,2,1,22.157281,-100.98444,FALSE,social drinker,no preference,family,car owner,single,independent,1991,variety,hunter-ostentatious,Catholic,student,red,49,medium,1.59,21,18-24,19.382144693643447,healthy,2,S2: Mobile social students,Luna Cafe,San Luis Potosi,SLP,Wine-Beer,Wine or beer,none,informal,no_accessibility,medium,2,familiar,FALSE,closed,none,Medium | price | Wine or beer | Familiar,0,1,2,1,matches stated budget
U1086,135060,1,1,1,0,22.157281,-100.98444,FALSE,social drinker,no preference,family,car owner,single,independent,1991,variety,hunter-ostentatious,Catholic,student,red,49,medium,1.59,21,18-24,19.382144693643447,healthy,2,S2: Mobile social students,Restaurante Marisco Sam,San Luis Potosi,SLP,No_Alcohol_Served,No alcohol,none,informal,no_accessibility,medium,2,familiar,FALSE,closed,none,Medium | price | No alcohol | Familiar,0,1,2,1,matches stated budget
U1086,132951,1,1,1,0,22.157281,-100.98444,FALSE,social drinker,no preference,family,car owner,single,independent,1991,variety,hunter-ostentatious,Catholic,student,red,49,medium,1.59,21,18-24,19.382144693643447,healthy,2,S2: Mobile social students,VIPS,San Luis Potosi,San Luis Potosi,No_Alcohol_Served,No alcohol,not permitted,casual,completely,low,1,familiar,FALSE,closed,none,Low | price | No alcohol | Familiar,0,1,2,1,below stated budget
U1019,132921,0,0,0,0,22.153385,-100.975294,FALSE,casual drinker,no preference,family,public,single,independent,1989,variety,thrifty-protector,Catholic,student,purple,59,medium,1.6,23,18-24,23.046874999999996,healthy,1,S1: Quieter mixed students,crudalia,NA,NA,Wine-Beer,Wine or beer,section,casual,completely,low,1,quiet,FALSE,open,none,Low | price | Wine or beer | Quiet,0,1,2,1,below stated budget
U1019,132834,0,0,0,0,22.153385,-100.975294,FALSE,casual drinker,no preference,family,public,single,independent,1989,variety,thrifty-protector,Catholic,student,purple,59,medium,1.6,23,18-24,23.046874999999996,healthy,1,S1: Quieter mixed students,Gorditas Doa Gloria,san luis potosi,san luis potosi,No_Alcohol_Served,No alcohol,not permitted,casual,no_accessibility,low,1,familiar,FALSE,closed,none,Low | price | No alcohol | Familiar,0,1,2,1,below stated budget
U1137,132951,2,2,2,1,22.144803,-100.94462300000001,FALSE,social drinker,formal,family,public,single,independent,1989,eco-friendly,hard-worker,Catholic,student,blue,72,low,1.78,23,18-24,22.724403484408533,healthy,1,S1: Quieter mixed students,VIPS,San Luis Potosi,San Luis Potosi,No_Alcohol_Served,No alcohol,not permitted,casual,completely,low,1,familiar,FALSE,closed,none,Low | price | No alcohol | Familiar,0,1,1,1,matches stated budget
U1019,135062,0,0,0,0,22.153385,-100.975294,FALSE,casual drinker,no preference,family,public,single,independent,1989,variety,thrifty-protector,Catholic,student,purple,59,medium,1.6,23,18-24,23.046874999999996,healthy,1,S1: Quieter mixed students,Restaurante El Cielo Potosino,San Luis Potosi,SLP,No_Alcohol_Served,No alcohol,none,informal,no_accessibility,medium,2,familiar,FALSE,closed,none,Medium | price | No alcohol | Familiar,0,1,2,1,matches stated budget
U1019,135086,0,0,0,0,22.153385,-100.975294,FALSE,casual drinker,no preference,family,public,single,independent,1989,variety,thrifty-protector,Catholic,student,purple,59,medium,1.6,23,18-24,23.046874999999996,healthy,1,S1: Quieter mixed students,Mcdonalds Parque Tangamanga,San Luis Potosi,SLP,No_Alcohol_Served,No alcohol,not permitted,informal,no_accessibility,medium,2,familiar,TRUE,closed,none,Medium | price | No alcohol | Familiar,0,1,2,1,matches stated budget
U1137,135085,2,1,2,1,22.144803,-100.94462300000001,FALSE,social drinker,formal,family,public,single,independent,1989,eco-friendly,hard-worker,Catholic,student,blue,72,low,1.78,23,18-24,22.724403484408533,healthy,1,S1: Quieter mixed students,Tortas Locas Hipocampo,San Luis Potosi,SLP,No_Alcohol_Served,No alcohol,not permitted,informal,no_accessibility,medium,2,familiar,FALSE,closed,none,Medium | price | No alcohol | Familiar,0,1,1,0,above stated budget
U1137,132834,2,2,2,1,22.144803,-100.94462300000001,FALSE,social drinker,formal,family,public,single,independent,1989,eco-friendly,hard-worker,Catholic,student,blue,72,low,1.78,23,18-24,22.724403484408533,healthy,1,S1: Quieter mixed students,Gorditas Doa Gloria,san luis potosi,san luis potosi,No_Alcohol_Served,No alcohol,not permitted,casual,no_accessibility,low,1,familiar,FALSE,closed,none,Low | price | No alcohol | Familiar,1,1,1,1,matches stated budget
U1090,132572,1,1,2,0,22.158473,-100.984268,FALSE,social drinker,no preference,friends,car owner,single,independent,1988,variety,thrifty-protector,Catholic,student,blue,50,medium,1.54,24,18-24,21.0828132906055,healthy,2,S2: Mobile social students,Cafe Chaires,San Luis Potosi,San Luis Potosi,No_Alcohol_Served,No alcohol,not permitted,informal,completely,low,1,familiar,FALSE,closed,none,Low | price | No alcohol | Familiar,0,1,2,1,below stated budget
U1137,132862,2,2,2,1,22.144803,-100.94462300000001,FALSE,social drinker,formal,family,public,single,independent,1989,eco-friendly,hard-worker,Catholic,student,blue,72,low,1.78,23,18-24,22.724403484408533,healthy,1,S1: Quieter mixed students,La Posada del Virrey,San Luis Potosi,San Luis Potosi,Wine-Beer,Wine or beer,none,casual,completely,high,3,familiar,FALSE,closed,none,High | price | Wine or beer | Familiar,0,1,1,0,above stated budget
U1137,135058,0,2,2,0,22.144803,-100.94462300000001,FALSE,social drinker,formal,family,public,single,independent,1989,eco-friendly,hard-worker,Catholic,student,blue,72,low,1.78,23,18-24,22.724403484408533,healthy,1,S1: Quieter mixed students,Restaurante Tiberius,San Luis Potosi,SLP,No_Alcohol_Served,No alcohol,none,informal,no_accessibility,medium,2,familiar,TRUE,closed,none,Medium | price | No alcohol | Familiar,0,1,1,0,above stated budget
U1137,135059,2,0,2,1,22.144803,-100.94462300000001,FALSE,social drinker,formal,family,public,single,independent,1989,eco-friendly,hard-worker,Catholic,student,blue,72,low,1.78,23,18-24,22.724403484408533,healthy,1,S1: Quieter mixed students,Restaurant Bar Hacienda los Martinez,San Luis Potosi,SLP,Wine-Beer,Wine or beer,section,informal,no_accessibility,medium,2,familiar,FALSE,closed,none,Medium | price | Wine or beer | Familiar,0,1,1,0,above stated budget
U1137,135062,2,2,2,1,22.144803,-100.94462300000001,FALSE,social drinker,formal,family,public,single,independent,1989,eco-friendly,hard-worker,Catholic,student,blue,72,low,1.78,23,18-24,22.724403484408533,healthy,1,S1: Quieter mixed students,Restaurante El Cielo Potosino,San Luis Potosi,SLP,No_Alcohol_Served,No alcohol,none,informal,no_accessibility,medium,2,familiar,FALSE,closed,none,Medium | price | No alcohol | Familiar,0,1,1,0,above stated budget
U1137,132825,2,2,1,1,22.144803,-100.94462300000001,FALSE,social drinker,formal,family,public,single,independent,1989,eco-friendly,hard-worker,Catholic,student,blue,72,low,1.78,23,18-24,22.724403484408533,healthy,1,S1: Quieter mixed students,puesto de tacos,s.l.p.,s.l.p.,No_Alcohol_Served,No alcohol,none,informal,completely,low,1,familiar,FALSE,open,none,Low | price | No alcohol | Familiar,1,1,1,1,matches stated budget
U1137,132723,2,2,2,1,22.144803,-100.94462300000001,FALSE,social drinker,formal,family,public,single,independent,1989,eco-friendly,hard-worker,Catholic,student,blue,72,low,1.78,23,18-24,22.724403484408533,healthy,1,S1: Quieter mixed students,Gordas de morales,NA,San Luis Potosi,Full_Bar,Full bar,section,informal,completely,medium,2,familiar,FALSE,closed,none,Medium | price | Full bar | Familiar,1,1,1,0,above stated budget
U1137,132755,2,2,2,1,22.144803,-100.94462300000001,FALSE,social drinker,formal,family,public,single,independent,1989,eco-friendly,hard-worker,Catholic,student,blue,72,low,1.78,23,18-24,22.724403484408533,healthy,1,S1: Quieter mixed students,La Estrella de Dimas,San Luis Potosi,S.L.P.,No_Alcohol_Served,No alcohol,none,informal,partially,medium,2,familiar,FALSE,closed,variety,Medium | price | No alcohol | Familiar,1,1,1,0,above stated budget
U1137,135042,2,2,2,1,22.144803,-100.94462300000001,FALSE,social drinker,formal,family,public,single,independent,1989,eco-friendly,hard-worker,Catholic,student,blue,72,low,1.78,23,18-24,22.724403484408533,healthy,1,S1: Quieter mixed students,Restaurant Oriental Express,San Luis Potosi,SLP,No_Alcohol_Served,No alcohol,none,informal,no_accessibility,medium,2,familiar,FALSE,closed,none,Medium | price | No alcohol | Familiar,0,1,1,0,above stated budget
U1137,132884,2,2,2,1,22.144803,-100.94462300000001,FALSE,social drinker,formal,family,public,single,independent,1989,eco-friendly,hard-worker,Catholic,student,blue,72,low,1.78,23,18-24,22.724403484408533,healthy,1,S1: Quieter mixed students,dairy queen,NA,NA,No_Alcohol_Served,No alcohol,none,informal,completely,low,1,familiar,FALSE,closed,none,Low | price | No alcohol | Familiar,0,0,1,1,matches stated budget
U1137,135049,2,2,2,1,22.144803,-100.94462300000001,FALSE,social drinker,formal,family,public,single,independent,1989,eco-friendly,hard-worker,Catholic,student,blue,72,low,1.78,23,18-24,22.724403484408533,healthy,1,S1: Quieter mixed students,Restaurante de Mariscos la Langosta,San Luis Potosi,SLP,No_Alcohol_Served,No alcohol,none,informal,no_accessibility,medium,2,familiar,FALSE,closed,none,Medium | price | No alcohol | Familiar,0,1,1,0,above stated budget
U1137,135075,2,2,2,1,22.144803,-100.94462300000001,FALSE,social drinker,formal,family,public,single,independent,1989,eco-friendly,hard-worker,Catholic,student,blue,72,low,1.78,23,18-24,22.724403484408533,healthy,1,S1: Quieter mixed students,Mariscos El Pescador,San Luis Potosi,SLP,No_Alcohol_Served,No alcohol,none,informal,no_accessibility,medium,2,familiar,FALSE,closed,none,Medium | price | No alcohol | Familiar,0,1,1,0,above stated budget
U1114,132825,0,0,0,0,22.177726,-101.014094,FALSE,abstemious,no preference,family,on foot,single,independent,1991,variety,hard-worker,Catholic,student,blue,58,medium,1.68,21,18-24,20.549886621315196,healthy,1,S1: Quieter mixed students,puesto de tacos,s.l.p.,s.l.p.,No_Alcohol_Served,No alcohol,none,informal,completely,low,1,familiar,FALSE,open,none,Low | price | No alcohol | Familiar,1,1,2,1,below stated budget
U1114,135065,0,0,0,0,22.177726,-101.014094,FALSE,abstemious,no preference,family,on foot,single,independent,1991,variety,hard-worker,Catholic,student,blue,58,medium,1.68,21,18-24,20.549886621315196,healthy,1,S1: Quieter mixed students,El angel Restaurante,San Luis Potosi,SLP,Wine-Beer,Wine or beer,section,informal,no_accessibility,high,3,familiar,FALSE,closed,none,High | price | Wine or beer | Familiar,0,1,2,0,above stated budget
U1114,135058,0,0,0,0,22.177726,-101.014094,FALSE,abstemious,no preference,family,on foot,single,independent,1991,variety,hard-worker,Catholic,student,blue,58,medium,1.68,21,18-24,20.549886621315196,healthy,1,S1: Quieter mixed students,Restaurante Tiberius,San Luis Potosi,SLP,No_Alcohol_Served,No alcohol,none,informal,no_accessibility,medium,2,familiar,TRUE,closed,none,Medium | price | No alcohol | Familiar,0,1,2,1,matches stated budget
U1114,132723,0,0,0,0,22.177726,-101.014094,FALSE,abstemious,no preference,family,on foot,single,independent,1991,variety,hard-worker,Catholic,student,blue,58,medium,1.68,21,18-24,20.549886621315196,healthy,1,S1: Quieter mixed students,Gordas de morales,NA,San Luis Potosi,Full_Bar,Full bar,section,informal,completely,medium,2,familiar,FALSE,closed,none,Medium | price | Full bar | Familiar,1,1,2,1,matches stated budget
U1114,132951,0,0,0,0,22.177726,-101.014094,FALSE,abstemious,no preference,family,on foot,single,independent,1991,variety,hard-worker,Catholic,student,blue,58,medium,1.68,21,18-24,20.549886621315196,healthy,1,S1: Quieter mixed students,VIPS,San Luis Potosi,San Luis Potosi,No_Alcohol_Served,No alcohol,not permitted,casual,completely,low,1,familiar,FALSE,closed,none,Low | price | No alcohol | Familiar,0,1,2,1,below stated budget
U1114,132872,1,1,1,0,22.177726,-101.014094,FALSE,abstemious,no preference,family,on foot,single,independent,1991,variety,hard-worker,Catholic,student,blue,58,medium,1.68,21,18-24,20.549886621315196,healthy,1,S1: Quieter mixed students,Pizzeria Julios,s.l.p,mexico,No_Alcohol_Served,No alcohol,not permitted,informal,partially,medium,2,familiar,FALSE,closed,none,Medium | price | No alcohol | Familiar,0,1,2,1,matches stated budget
U1114,132834,0,0,0,0,22.177726,-101.014094,FALSE,abstemious,no preference,family,on foot,single,independent,1991,variety,hard-worker,Catholic,student,blue,58,medium,1.68,21,18-24,20.549886621315196,healthy,1,S1: Quieter mixed students,Gorditas Doa Gloria,san luis potosi,san luis potosi,No_Alcohol_Served,No alcohol,not permitted,casual,no_accessibility,low,1,familiar,FALSE,closed,none,Low | price | No alcohol | Familiar,1,1,2,1,below stated budget
U1114,135072,0,0,0,0,22.177726,-101.014094,FALSE,abstemious,no preference,family,on foot,single,independent,1991,variety,hard-worker,Catholic,student,blue,58,medium,1.68,21,18-24,20.549886621315196,healthy,1,S1: Quieter mixed students,Sushi Itto,San Luis Potosi,SLP,No_Alcohol_Served,No alcohol,none,informal,no_accessibility,medium,2,familiar,FALSE,closed,none,Medium | price | No alcohol | Familiar,0,1,2,1,matches stated budget
U1114,132754,0,0,0,0,22.177726,-101.014094,FALSE,abstemious,no preference,family,on foot,single,independent,1991,variety,hard-worker,Catholic,student,blue,58,medium,1.68,21,18-24,20.549886621315196,healthy,1,S1: Quieter mixed students,Cabana Huasteca,San Luis Potosi,S.L.P.,No_Alcohol_Served,No alcohol,none,informal,partially,medium,2,familiar,FALSE,closed,none,Medium | price | No alcohol | Familiar,1,1,2,1,matches stated budget
U1114,132755,1,2,1,0,22.177726,-101.014094,FALSE,abstemious,no preference,family,on foot,single,independent,1991,variety,hard-worker,Catholic,student,blue,58,medium,1.68,21,18-24,20.549886621315196,healthy,1,S1: Quieter mixed students,La Estrella de Dimas,San Luis Potosi,S.L.P.,No_Alcohol_Served,No alcohol,none,informal,partially,medium,2,familiar,FALSE,closed,variety,Medium | price | No alcohol | Familiar,1,1,2,1,matches stated budget
U1061,132825,1,2,1,0,22.140388,-100.937321,FALSE,social drinker,no preference,friends,car owner,single,independent,1990,none,hard-worker,Catholic,professional,blue,40,medium,1.76,22,18-24,12.913223140495868,underweight,2,S2: Mobile social students,puesto de tacos,s.l.p.,s.l.p.,No_Alcohol_Served,No alcohol,none,informal,completely,low,1,familiar,FALSE,open,none,Low | price | No alcohol | Familiar,1,1,2,1,below stated budget
U1061,135048,2,2,2,1,22.140388,-100.937321,FALSE,social drinker,no preference,friends,car owner,single,independent,1990,none,hard-worker,Catholic,professional,blue,40,medium,1.76,22,18-24,12.913223140495868,underweight,2,S2: Mobile social students,Restaurante Bar Fu-hao,San Luis Potosi,SLP,Wine-Beer,Wine or beer,none,informal,no_accessibility,high,3,familiar,FALSE,closed,none,High | price | Wine or beer | Familiar,0,1,2,0,above stated budget
U1061,132921,1,2,1,0,22.140388,-100.937321,FALSE,social drinker,no preference,friends,car owner,single,independent,1990,none,hard-worker,Catholic,professional,blue,40,medium,1.76,22,18-24,12.913223140495868,underweight,2,S2: Mobile social students,crudalia,NA,NA,Wine-Beer,Wine or beer,section,casual,completely,low,1,quiet,FALSE,open,none,Low | price | Wine or beer | Quiet,0,1,2,1,below stated budget
U1061,135026,2,2,2,1,22.140388,-100.937321,FALSE,social drinker,no preference,friends,car owner,single,independent,1990,none,hard-worker,Catholic,professional,blue,40,medium,1.76,22,18-24,12.913223140495868,underweight,2,S2: Mobile social students,la Cantina,San Luis Potosi,SLP,Full_Bar,Full bar,none,informal,no_accessibility,high,3,familiar,FALSE,closed,none,High | price | Full bar | Familiar,0,0,2,0,above stated budget
U1061,132723,2,2,1,1,22.140388,-100.937321,FALSE,social drinker,no preference,friends,car owner,single,independent,1990,none,hard-worker,Catholic,professional,blue,40,medium,1.76,22,18-24,12.913223140495868,underweight,2,S2: Mobile social students,Gordas de morales,NA,San Luis Potosi,Full_Bar,Full bar,section,informal,completely,medium,2,familiar,FALSE,closed,none,Medium | price | Full bar | Familiar,1,1,2,1,matches stated budget
U1061,135075,2,2,2,1,22.140388,-100.937321,FALSE,social drinker,no preference,friends,car owner,single,independent,1990,none,hard-worker,Catholic,professional,blue,40,medium,1.76,22,18-24,12.913223140495868,underweight,2,S2: Mobile social students,Mariscos El Pescador,San Luis Potosi,SLP,No_Alcohol_Served,No alcohol,none,informal,no_accessibility,medium,2,familiar,FALSE,closed,none,Medium | price | No alcohol | Familiar,0,1,2,1,matches stated budget
U1061,135034,2,2,2,1,22.140388,-100.937321,FALSE,social drinker,no preference,friends,car owner,single,independent,1990,none,hard-worker,Catholic,professional,blue,40,medium,1.76,22,18-24,12.913223140495868,underweight,2,S2: Mobile social students,Michiko Restaurant Japones,San Luis Potosi,SLP,No_Alcohol_Served,No alcohol,none,informal,no_accessibility,medium,2,familiar,FALSE,closed,none,Medium | price | No alcohol | Familiar,0,1,2,1,matches stated budget
U1061,135041,2,2,2,1,22.140388,-100.937321,FALSE,social drinker,no preference,friends,car owner,single,independent,1990,none,hard-worker,Catholic,professional,blue,40,medium,1.76,22,18-24,12.913223140495868,underweight,2,S2: Mobile social students,Luna Cafe,San Luis Potosi,SLP,Wine-Beer,Wine or beer,none,informal,no_accessibility,medium,2,familiar,FALSE,closed,none,Medium | price | Wine or beer | Familiar,0,1,2,1,matches stated budget
U1013,132572,1,1,0,0,22.174624,-100.993873,FALSE,abstemious,no preference,friends,public,widow,independent,1982,retro,thrifty-protector,none,professional,blue,80,medium,1.75,30,25-34,26.122448979591837,overweight,1,S1: Quieter mixed students,Cafe Chaires,San Luis Potosi,San Luis Potosi,No_Alcohol_Served,No alcohol,not permitted,informal,completely,low,1,familiar,FALSE,closed,none,Low | price | No alcohol | Familiar,0,1,2,1,below stated budget
U1013,135075,2,2,1,1,22.174624,-100.993873,FALSE,abstemious,no preference,friends,public,widow,independent,1982,retro,thrifty-protector,none,professional,blue,80,medium,1.75,30,25-34,26.122448979591837,overweight,1,S1: Quieter mixed students,Mariscos El Pescador,San Luis Potosi,SLP,No_Alcohol_Served,No alcohol,none,informal,no_accessibility,medium,2,familiar,FALSE,closed,none,Medium | price | No alcohol | Familiar,0,1,2,1,matches stated budget
U1061,135046,1,2,1,0,22.140388,-100.937321,FALSE,social drinker,no preference,friends,car owner,single,independent,1990,none,hard-worker,Catholic,professional,blue,40,medium,1.76,22,18-24,12.913223140495868,underweight,2,S2: Mobile social students,Restaurante El Reyecito,San Luis Potosi,SLP,No_Alcohol_Served,No alcohol,none,informal,no_accessibility,medium,2,familiar,FALSE,closed,none,Medium | price | No alcohol | Familiar,0,1,2,1,matches stated budget
U1061,132572,1,2,2,0,22.140388,-100.937321,FALSE,social drinker,no preference,friends,car owner,single,independent,1990,none,hard-worker,Catholic,professional,blue,40,medium,1.76,22,18-24,12.913223140495868,underweight,2,S2: Mobile social students,Cafe Chaires,San Luis Potosi,San Luis Potosi,No_Alcohol_Served,No alcohol,not permitted,informal,completely,low,1,familiar,FALSE,closed,none,Low | price | No alcohol | Familiar,0,1,2,1,below stated budget
U1061,135058,1,1,1,0,22.140388,-100.937321,FALSE,social drinker,no preference,friends,car owner,single,independent,1990,none,hard-worker,Catholic,professional,blue,40,medium,1.76,22,18-24,12.913223140495868,underweight,2,S2: Mobile social students,Restaurante Tiberius,San Luis Potosi,SLP,No_Alcohol_Served,No alcohol,none,informal,no_accessibility,medium,2,familiar,TRUE,closed,none,Medium | price | No alcohol | Familiar,0,1,2,1,matches stated budget
U1046,135044,1,1,0,0,22.144415,-100.933097,FALSE,social drinker,no preference,friends,car owner,single,independent,1990,retro,hard-worker,Catholic,student,black,82,medium,1.84,22,18-24,24.22022684310019,healthy,2,S2: Mobile social students,Restaurant Wu Zhuo Yi,San Luis Potosi,SLP,No_Alcohol_Served,No alcohol,none,informal,no_accessibility,medium,2,familiar,FALSE,closed,none,Medium | price | No alcohol | Familiar,0,1,2,1,matches stated budget
U1046,135065,2,2,2,1,22.144415,-100.933097,FALSE,social drinker,no preference,friends,car owner,single,independent,1990,retro,hard-worker,Catholic,student,black,82,medium,1.84,22,18-24,24.22022684310019,healthy,2,S2: Mobile social students,El angel Restaurante,San Luis Potosi,SLP,Wine-Beer,Wine or beer,section,informal,no_accessibility,high,3,familiar,FALSE,closed,none,High | price | Wine or beer | Familiar,0,1,2,0,above stated budget
U1046,132921,2,1,2,1,22.144415,-100.933097,FALSE,social drinker,no preference,friends,car owner,single,independent,1990,retro,hard-worker,Catholic,student,black,82,medium,1.84,22,18-24,24.22022684310019,healthy,2,S2: Mobile social students,crudalia,NA,NA,Wine-Beer,Wine or beer,section,casual,completely,low,1,quiet,FALSE,open,none,Low | price | Wine or beer | Quiet,1,1,2,1,below stated budget
U1046,135085,1,2,1,0,22.144415,-100.933097,FALSE,social drinker,no preference,friends,car owner,single,independent,1990,retro,hard-worker,Catholic,student,black,82,medium,1.84,22,18-24,24.22022684310019,healthy,2,S2: Mobile social students,Tortas Locas Hipocampo,San Luis Potosi,SLP,No_Alcohol_Served,No alcohol,not permitted,informal,no_accessibility,medium,2,familiar,FALSE,closed,none,Medium | price | No alcohol | Familiar,0,1,2,1,matches stated budget
U1046,132572,1,2,0,0,22.144415,-100.933097,FALSE,social drinker,no preference,friends,car owner,single,independent,1990,retro,hard-worker,Catholic,student,black,82,medium,1.84,22,18-24,24.22022684310019,healthy,2,S2: Mobile social students,Cafe Chaires,San Luis Potosi,San Luis Potosi,No_Alcohol_Served,No alcohol,not permitted,informal,completely,low,1,familiar,FALSE,closed,none,Low | price | No alcohol | Familiar,0,1,2,1,below stated budget
U1046,135058,2,2,1,1,22.144415,-100.933097,FALSE,social drinker,no preference,friends,car owner,single,independent,1990,retro,hard-worker,Catholic,student,black,82,medium,1.84,22,18-24,24.22022684310019,healthy,2,S2: Mobile social students,Restaurante Tiberius,San Luis Potosi,SLP,No_Alcohol_Served,No alcohol,none,informal,no_accessibility,medium,2,familiar,TRUE,closed,none,Medium | price | No alcohol | Familiar,0,1,2,1,matches stated budget
U1046,132951,1,1,2,0,22.144415,-100.933097,FALSE,social drinker,no preference,friends,car owner,single,independent,1990,retro,hard-worker,Catholic,student,black,82,medium,1.84,22,18-24,24.22022684310019,healthy,2,S2: Mobile social students,VIPS,San Luis Potosi,San Luis Potosi,No_Alcohol_Served,No alcohol,not permitted,casual,completely,low,1,familiar,FALSE,closed,none,Low | price | No alcohol | Familiar,0,1,2,1,below stated budget
U1046,132861,1,2,2,0,22.144415,-100.933097,FALSE,social drinker,no preference,friends,car owner,single,independent,1990,retro,hard-worker,Catholic,student,black,82,medium,1.84,22,18-24,24.22022684310019,healthy,2,S2: Mobile social students,Carls Jr,San Luis Potosi,San Luis Potosi,No_Alcohol_Served,No alcohol,not permitted,informal,completely,medium,2,familiar,TRUE,closed,none,Medium | price | No alcohol | Familiar,0,1,2,1,matches stated budget
U1041,135001,1,1,1,0,18.935191,-99.23624,FALSE,abstemious,no preference,friends,on foot,single,independent,1985,eco-friendly,hunter-ostentatious,Catholic,professional,white,40,medium,1.62,27,25-34,15.241579027587255,underweight,1,S1: Quieter mixed students,Vips,Cuernavaca,Morelos,Wine-Beer,Wine or beer,none,informal,completely,medium,2,familiar,TRUE,closed,none,Medium | price | Wine or beer | Familiar,0,1,2,1,matches stated budget
U1041,134983,2,2,2,1,18.935191,-99.23624,FALSE,abstemious,no preference,friends,on foot,single,independent,1985,eco-friendly,hunter-ostentatious,Catholic,professional,white,40,medium,1.62,27,25-34,15.241579027587255,underweight,1,S1: Quieter mixed students,Restaurant and Bar and Clothesline Carlos N Charlies,Cuernavaca,Morelos,Full_Bar,Full bar,section,informal,no_accessibility,high,3,familiar,FALSE,closed,none,High | price | Full bar | Familiar,0,1,2,0,above stated budget
U1041,135021,2,2,2,1,18.935191,-99.23624,FALSE,abstemious,no preference,friends,on foot,single,independent,1985,eco-friendly,hunter-ostentatious,Catholic,professional,white,40,medium,1.62,27,25-34,15.241579027587255,underweight,1,S1: Quieter mixed students,Subway,Cuernavaca,Morelos,No_Alcohol_Served,No alcohol,not permitted,informal,no_accessibility,low,1,familiar,TRUE,closed,none,Low | price | No alcohol | Familiar,0,1,2,1,below stated budget
U1041,134992,2,2,2,1,18.935191,-99.23624,FALSE,abstemious,no preference,friends,on foot,single,independent,1985,eco-friendly,hunter-ostentatious,Catholic,professional,white,40,medium,1.62,27,25-34,15.241579027587255,underweight,1,S1: Quieter mixed students,Restaurant Teely,Cuernavaca,Morelos,Wine-Beer,Wine or beer,section,casual,no_accessibility,high,3,familiar,FALSE,closed,none,High | price | Wine or beer | Familiar,0,1,2,0,above stated budget
U1041,132768,2,2,1,1,18.935191,-99.23624,FALSE,abstemious,no preference,friends,on foot,single,independent,1985,eco-friendly,hunter-ostentatious,Catholic,professional,white,40,medium,1.62,27,25-34,15.241579027587255,underweight,1,S1: Quieter mixed students,Mariscos Tia Licha,cuernavaca,morelos,No_Alcohol_Served,No alcohol,not permitted,casual,partially,medium,2,familiar,TRUE,closed,none,Medium | price | No alcohol | Familiar,0,1,2,1,matches stated budget
U1041,135109,1,2,1,0,18.935191,-99.23624,FALSE,abstemious,no preference,friends,on foot,single,independent,1985,eco-friendly,hunter-ostentatious,Catholic,professional,white,40,medium,1.62,27,25-34,15.241579027587255,underweight,1,S1: Quieter mixed students,Paniroles,NA,NA,Wine-Beer,Wine or beer,not permitted,informal,no_accessibility,medium,2,quiet,FALSE,closed,Internet,Medium | price | Wine or beer | Quiet,0,1,2,1,matches stated budget
U1004,132954,2,2,2,1,18.867,-99.183,FALSE,abstemious,informal,family,public,single,independent,1940,variety,hard-worker,none,professional,green,44,medium,1.53,72,45+,18.79618949976505,healthy,1,S1: Quieter mixed students,la parroquia,san luis potosi,san luis potosi,No_Alcohol_Served,No alcohol,not permitted,informal,partially,medium,2,familiar,TRUE,closed,none,Medium | price | No alcohol | Familiar,1,1,2,1,matches stated budget
U1004,132955,2,2,2,1,18.867,-99.183,FALSE,abstemious,informal,family,public,single,independent,1940,variety,hard-worker,none,professional,green,44,medium,1.53,72,45+,18.79618949976505,healthy,1,S1: Quieter mixed students,emilianos,san luis potos,mexico,Wine-Beer,Wine or beer,none,informal,completely,low,1,familiar,TRUE,closed,variety,Low | price | Wine or beer | Familiar,0,1,2,1,below stated budget
U1004,132958,2,2,2,1,18.867,-99.183,FALSE,abstemious,informal,family,public,single,independent,1940,variety,hard-worker,none,professional,green,44,medium,1.53,72,45+,18.79618949976505,healthy,1,S1: Quieter mixed students,tacos los volcanes,san luis potosi,san luis potos,No_Alcohol_Served,No alcohol,none,informal,completely,low,1,quiet,TRUE,closed,none,Low | price | No alcohol | Quiet,0,1,2,1,below stated budget
U1003,132754,2,2,2,1,22.119847,-100.946527,FALSE,social drinker,formal,family,public,single,independent,1989,none,hard-worker,Catholic,student,blue,60,low,1.69,23,18-24,21.007667798746546,healthy,1,S1: Quieter mixed students,Cabana Huasteca,San Luis Potosi,S.L.P.,No_Alcohol_Served,No alcohol,none,informal,partially,medium,2,familiar,FALSE,closed,none,Medium | price | No alcohol | Familiar,1,1,1,0,above stated budget
U1059,135064,1,1,0,0,18.988278,-99.097023,FALSE,abstemious,formal,friends,on foot,single,independent,1987,technology,thrifty-protector,Catholic,student,blue,57,medium,1.69,25,25-34,19.95728440880922,healthy,3,S3: Tech-focused students,Restaurante El Chivero S.A. de C.V.,San Luis Potosi,SLP,No_Alcohol_Served,No alcohol,none,informal,no_accessibility,high,3,familiar,FALSE,closed,none,High | price | No alcohol | Familiar,0,1,2,0,above stated budget
U1059,135075,2,2,1,1,18.988278,-99.097023,FALSE,abstemious,formal,friends,on foot,single,independent,1987,technology,thrifty-protector,Catholic,student,blue,57,medium,1.69,25,25-34,19.95728440880922,healthy,3,S3: Tech-focused students,Mariscos El Pescador,San Luis Potosi,SLP,No_Alcohol_Served,No alcohol,none,informal,no_accessibility,medium,2,familiar,FALSE,closed,none,Medium | price | No alcohol | Familiar,0,1,2,1,matches stated budget
U1059,135028,1,1,1,0,18.988278,-99.097023,FALSE,abstemious,formal,friends,on foot,single,independent,1987,technology,thrifty-protector,Catholic,student,blue,57,medium,1.69,25,25-34,19.95728440880922,healthy,3,S3: Tech-focused students,La Virreina,San Luis Potosi,SLP,Wine-Beer,Wine or beer,none,informal,no_accessibility,medium,2,familiar,FALSE,closed,none,Medium | price | Wine or beer | Familiar,1,1,2,1,matches stated budget
U1061,132834,1,2,1,0,22.140388,-100.937321,FALSE,social drinker,no preference,friends,car owner,single,independent,1990,none,hard-worker,Catholic,professional,blue,40,medium,1.76,22,18-24,12.913223140495868,underweight,2,S2: Mobile social students,Gorditas Doa Gloria,san luis potosi,san luis potosi,No_Alcohol_Served,No alcohol,not permitted,casual,no_accessibility,low,1,familiar,FALSE,closed,none,Low | price | No alcohol | Familiar,1,1,2,1,below stated budget
U1061,135086,1,1,2,0,22.140388,-100.937321,FALSE,social drinker,no preference,friends,car owner,single,independent,1990,none,hard-worker,Catholic,professional,blue,40,medium,1.76,22,18-24,12.913223140495868,underweight,2,S2: Mobile social students,Mcdonalds Parque Tangamanga,San Luis Potosi,SLP,No_Alcohol_Served,No alcohol,not permitted,informal,no_accessibility,medium,2,familiar,TRUE,closed,none,Medium | price | No alcohol | Familiar,0,1,2,1,matches stated budget
U1061,132754,2,2,2,1,22.140388,-100.937321,FALSE,social drinker,no preference,friends,car owner,single,independent,1990,none,hard-worker,Catholic,professional,blue,40,medium,1.76,22,18-24,12.913223140495868,underweight,2,S2: Mobile social students,Cabana Huasteca,San Luis Potosi,S.L.P.,No_Alcohol_Served,No alcohol,none,informal,partially,medium,2,familiar,FALSE,closed,none,Medium | price | No alcohol | Familiar,1,1,2,1,matches stated budget
U1061,135080,2,2,2,1,22.140388,-100.937321,FALSE,social drinker,no preference,friends,car owner,single,independent,1990,none,hard-worker,Catholic,professional,blue,40,medium,1.76,22,18-24,12.913223140495868,underweight,2,S2: Mobile social students,los Toneles,San Luis Potosi,SLP,No_Alcohol_Served,No alcohol,section,informal,no_accessibility,high,3,familiar,FALSE,closed,none,High | price | No alcohol | Familiar,0,1,2,0,above stated budget
U1090,135062,2,2,2,1,22.158473,-100.984268,FALSE,social drinker,no preference,friends,car owner,single,independent,1988,variety,thrifty-protector,Catholic,student,blue,50,medium,1.54,24,18-24,21.0828132906055,healthy,2,S2: Mobile social students,Restaurante El Cielo Potosino,San Luis Potosi,SLP,No_Alcohol_Served,No alcohol,none,informal,no_accessibility,medium,2,familiar,FALSE,closed,none,Medium | price | No alcohol | Familiar,0,1,2,1,matches stated budget
U1090,135052,2,2,2,1,22.158473,-100.984268,FALSE,social drinker,no preference,friends,car owner,single,independent,1988,variety,thrifty-protector,Catholic,student,blue,50,medium,1.54,24,18-24,21.0828132906055,healthy,2,S2: Mobile social students,La Cantina Restaurante,San Luis Potosi,SLP,Full_Bar,Full bar,none,informal,no_accessibility,high,3,familiar,FALSE,closed,none,High | price | Full bar | Familiar,0,1,2,0,above stated budget
U1112,135047,0,0,0,0,22.143078,-100.908523,TRUE,casual drinker,formal,friends,car owner,single,independent,1991,none,hard-worker,Catholic,student,white,69,medium,1.69,21,18-24,24.158817968558527,healthy,2,S2: Mobile social students,Restaurante Casa de las Flores,San Luis Potosi,SLP,Wine-Beer,Wine or beer,section,informal,no_accessibility,high,3,familiar,FALSE,closed,none,High | price | Wine or beer | Familiar,0,1,2,0,above stated budget
U1112,135026,1,1,1,0,22.143078,-100.908523,TRUE,casual drinker,formal,friends,car owner,single,independent,1991,none,hard-worker,Catholic,student,white,69,medium,1.69,21,18-24,24.158817968558527,healthy,2,S2: Mobile social students,la Cantina,San Luis Potosi,SLP,Full_Bar,Full bar,none,informal,no_accessibility,high,3,familiar,FALSE,closed,none,High | price | Full bar | Familiar,0,0,2,0,above stated budget
U1112,135064,0,1,1,0,22.143078,-100.908523,TRUE,casual drinker,formal,friends,car owner,single,independent,1991,none,hard-worker,Catholic,student,white,69,medium,1.69,21,18-24,24.158817968558527,healthy,2,S2: Mobile social students,Restaurante El Chivero S.A. de C.V.,San Luis Potosi,SLP,No_Alcohol_Served,No alcohol,none,informal,no_accessibility,high,3,familiar,FALSE,closed,none,High | price | No alcohol | Familiar,0,1,2,0,above stated budget
U1090,132862,2,2,2,1,22.158473,-100.984268,FALSE,social drinker,no preference,friends,car owner,single,independent,1988,variety,thrifty-protector,Catholic,student,blue,50,medium,1.54,24,18-24,21.0828132906055,healthy,2,S2: Mobile social students,La Posada del Virrey,San Luis Potosi,San Luis Potosi,Wine-Beer,Wine or beer,none,casual,completely,high,3,familiar,FALSE,closed,none,High | price | Wine or beer | Familiar,0,1,2,0,above stated budget
U1057,135070,1,1,1,0,22.196624,-100.91217,TRUE,casual drinker,formal,friends,public,single,independent,1989,technology,hunter-ostentatious,Catholic,student,yellow,69,medium,1.83,23,18-24,20.603780345785182,healthy,3,S3: Tech-focused students,Restaurante 75,San Luis Potosi,SLP,No_Alcohol_Served,No alcohol,none,informal,no_accessibility,medium,2,familiar,FALSE,closed,none,Medium | price | No alcohol | Familiar,0,1,2,1,matches stated budget
U1112,132954,0,0,1,0,22.143078,-100.908523,TRUE,casual drinker,formal,friends,car owner,single,independent,1991,none,hard-worker,Catholic,student,white,69,medium,1.69,21,18-24,24.158817968558527,healthy,2,S2: Mobile social students,la parroquia,san luis potosi,san luis potosi,No_Alcohol_Served,No alcohol,not permitted,informal,partially,medium,2,familiar,TRUE,closed,none,Medium | price | No alcohol | Familiar,0,1,2,1,matches stated budget
U1057,135043,1,1,1,0,22.196624,-100.91217,TRUE,casual drinker,formal,friends,public,single,independent,1989,technology,hunter-ostentatious,Catholic,student,yellow,69,medium,1.83,23,18-24,20.603780345785182,healthy,3,S3: Tech-focused students,pizza clasica,Soledad,SLP,No_Alcohol_Served,No alcohol,none,informal,no_accessibility,medium,2,familiar,FALSE,closed,none,Medium | price | No alcohol | Familiar,0,1,2,1,matches stated budget
U1112,135079,1,0,0,0,22.143078,-100.908523,TRUE,casual drinker,formal,friends,car owner,single,independent,1991,none,hard-worker,Catholic,student,white,69,medium,1.69,21,18-24,24.158817968558527,healthy,2,S2: Mobile social students,Koye Sushi,San Luis Potosi,SLP,No_Alcohol_Served,No alcohol,none,informal,no_accessibility,high,3,familiar,FALSE,closed,none,High | price | No alcohol | Familiar,0,1,2,0,above stated budget
U1112,135062,0,0,1,0,22.143078,-100.908523,TRUE,casual drinker,formal,friends,car owner,single,independent,1991,none,hard-worker,Catholic,student,white,69,medium,1.69,21,18-24,24.158817968558527,healthy,2,S2: Mobile social students,Restaurante El Cielo Potosino,San Luis Potosi,SLP,No_Alcohol_Served,No alcohol,none,informal,no_accessibility,medium,2,familiar,FALSE,closed,none,Medium | price | No alcohol | Familiar,0,1,2,1,matches stated budget
U1090,135051,1,2,1,0,22.158473,-100.984268,FALSE,social drinker,no preference,friends,car owner,single,independent,1988,variety,thrifty-protector,Catholic,student,blue,50,medium,1.54,24,18-24,21.0828132906055,healthy,2,S2: Mobile social students,Restaurante Versalles,San Luis Potosi,SLP,No_Alcohol_Served,No alcohol,section,informal,no_accessibility,low,1,familiar,FALSE,closed,none,Low | price | No alcohol | Familiar,0,1,2,1,below stated budget
U1090,132954,2,2,2,1,22.158473,-100.984268,FALSE,social drinker,no preference,friends,car owner,single,independent,1988,variety,thrifty-protector,Catholic,student,blue,50,medium,1.54,24,18-24,21.0828132906055,healthy,2,S2: Mobile social students,la parroquia,san luis potosi,san luis potosi,No_Alcohol_Served,No alcohol,not permitted,informal,partially,medium,2,familiar,TRUE,closed,none,Medium | price | No alcohol | Familiar,0,1,2,1,matches stated budget
U1112,135048,0,0,0,0,22.143078,-100.908523,TRUE,casual drinker,formal,friends,car owner,single,independent,1991,none,hard-worker,Catholic,student,white,69,medium,1.69,21,18-24,24.158817968558527,healthy,2,S2: Mobile social students,Restaurante Bar Fu-hao,San Luis Potosi,SLP,Wine-Beer,Wine or beer,none,informal,no_accessibility,high,3,familiar,FALSE,closed,none,High | price | Wine or beer | Familiar,0,1,2,0,above stated budget
U1057,132954,1,0,0,0,22.196624,-100.91217,TRUE,casual drinker,formal,friends,public,single,independent,1989,technology,hunter-ostentatious,Catholic,student,yellow,69,medium,1.83,23,18-24,20.603780345785182,healthy,3,S3: Tech-focused students,la parroquia,san luis potosi,san luis potosi,No_Alcohol_Served,No alcohol,not permitted,informal,partially,medium,2,familiar,TRUE,closed,none,Medium | price | No alcohol | Familiar,0,1,2,1,matches stated budget
U1112,135086,0,0,0,0,22.143078,-100.908523,TRUE,casual drinker,formal,friends,car owner,single,independent,1991,none,hard-worker,Catholic,student,white,69,medium,1.69,21,18-24,24.158817968558527,healthy,2,S2: Mobile social students,Mcdonalds Parque Tangamanga,San Luis Potosi,SLP,No_Alcohol_Served,No alcohol,not permitted,informal,no_accessibility,medium,2,familiar,TRUE,closed,none,Medium | price | No alcohol | Familiar,0,1,2,1,matches stated budget
U1061,132955,2,2,2,1,22.140388,-100.937321,FALSE,social drinker,no preference,friends,car owner,single,independent,1990,none,hard-worker,Catholic,professional,blue,40,medium,1.76,22,18-24,12.913223140495868,underweight,2,S2: Mobile social students,emilianos,san luis potos,mexico,Wine-Beer,Wine or beer,none,informal,completely,low,1,familiar,TRUE,closed,variety,Low | price | Wine or beer | Familiar,0,1,2,1,below stated budget
U1112,132921,1,0,0,0,22.143078,-100.908523,TRUE,casual drinker,formal,friends,car owner,single,independent,1991,none,hard-worker,Catholic,student,white,69,medium,1.69,21,18-24,24.158817968558527,healthy,2,S2: Mobile social students,crudalia,NA,NA,Wine-Beer,Wine or beer,section,casual,completely,low,1,quiet,FALSE,open,none,Low | price | Wine or beer | Quiet,0,1,2,1,below stated budget
U1061,132958,2,2,2,1,22.140388,-100.937321,FALSE,social drinker,no preference,friends,car owner,single,independent,1990,none,hard-worker,Catholic,professional,blue,40,medium,1.76,22,18-24,12.913223140495868,underweight,2,S2: Mobile social students,tacos los volcanes,san luis potosi,san luis potos,No_Alcohol_Served,No alcohol,none,informal,completely,low,1,quiet,TRUE,closed,none,Low | price | No alcohol | Quiet,0,1,2,1,below stated budget
U1112,135046,0,0,0,0,22.143078,-100.908523,TRUE,casual drinker,formal,friends,car owner,single,independent,1991,none,hard-worker,Catholic,student,white,69,medium,1.69,21,18-24,24.158817968558527,healthy,2,S2: Mobile social students,Restaurante El Reyecito,San Luis Potosi,SLP,No_Alcohol_Served,No alcohol,none,informal,no_accessibility,medium,2,familiar,FALSE,closed,none,Medium | price | No alcohol | Familiar,0,1,2,1,matches stated budget
U1090,135085,2,2,2,1,22.158473,-100.984268,FALSE,social drinker,no preference,friends,car owner,single,independent,1988,variety,thrifty-protector,Catholic,student,blue,50,medium,1.54,24,18-24,21.0828132906055,healthy,2,S2: Mobile social students,Tortas Locas Hipocampo,San Luis Potosi,SLP,No_Alcohol_Served,No alcohol,not permitted,informal,no_accessibility,medium,2,familiar,FALSE,closed,none,Medium | price | No alcohol | Familiar,0,1,2,1,matches stated budget
U1112,132572,0,0,1,0,22.143078,-100.908523,TRUE,casual drinker,formal,friends,car owner,single,independent,1991,none,hard-worker,Catholic,student,white,69,medium,1.69,21,18-24,24.158817968558527,healthy,2,S2: Mobile social students,Cafe Chaires,San Luis Potosi,San Luis Potosi,No_Alcohol_Served,No alcohol,not permitted,informal,completely,low,1,familiar,FALSE,closed,none,Low | price | No alcohol | Familiar,0,1,2,1,below stated budget
U1090,132922,2,2,2,1,22.158473,-100.984268,FALSE,social drinker,no preference,friends,car owner,single,independent,1988,variety,thrifty-protector,Catholic,student,blue,50,medium,1.54,24,18-24,21.0828132906055,healthy,2,S2: Mobile social students,cafe punta del cielo,NA,NA,No_Alcohol_Served,No alcohol,permitted,formal,completely,medium,2,familiar,FALSE,closed,none,Medium | price | No alcohol | Familiar,0,1,2,1,matches stated budget
U1025,132866,2,1,2,1,22.125603,-100.907844,FALSE,social drinker,no preference,family,public,single,NA,1990,none,thrifty-protector,Catholic,student,red,65,medium,1.79,22,18-24,20.286507911738084,healthy,1,S1: Quieter mixed students,Chaires,San Luis Potosi,San Luis Potosi,No_Alcohol_Served,No alcohol,not permitted,informal,completely,medium,2,familiar,FALSE,closed,none,Medium | price | No alcohol | Familiar,0,0,2,1,matches stated budget
U1057,135080,1,1,0,0,22.196624,-100.91217,TRUE,casual drinker,formal,friends,public,single,independent,1989,technology,hunter-ostentatious,Catholic,student,yellow,69,medium,1.83,23,18-24,20.603780345785182,healthy,3,S3: Tech-focused students,los Toneles,San Luis Potosi,SLP,No_Alcohol_Served,No alcohol,section,informal,no_accessibility,high,3,familiar,FALSE,closed,none,High | price | No alcohol | Familiar,0,1,2,0,above stated budget
U1112,132834,1,0,0,0,22.143078,-100.908523,TRUE,casual drinker,formal,friends,car owner,single,independent,1991,none,hard-worker,Catholic,student,white,69,medium,1.69,21,18-24,24.158817968558527,healthy,2,S2: Mobile social students,Gorditas Doa Gloria,san luis potosi,san luis potosi,No_Alcohol_Served,No alcohol,not permitted,casual,no_accessibility,low,1,familiar,FALSE,closed,none,Low | price | No alcohol | Familiar,1,1,2,1,below stated budget
U1057,132825,1,1,0,0,22.196624,-100.91217,TRUE,casual drinker,formal,friends,public,single,independent,1989,technology,hunter-ostentatious,Catholic,student,yellow,69,medium,1.83,23,18-24,20.603780345785182,healthy,3,S3: Tech-focused students,puesto de tacos,s.l.p.,s.l.p.,No_Alcohol_Served,No alcohol,none,informal,completely,low,1,familiar,FALSE,open,none,Low | price | No alcohol | Familiar,0,1,2,1,below stated budget
U1112,132862,1,1,1,0,22.143078,-100.908523,TRUE,casual drinker,formal,friends,car owner,single,independent,1991,none,hard-worker,Catholic,student,white,69,medium,1.69,21,18-24,24.158817968558527,healthy,2,S2: Mobile social students,La Posada del Virrey,San Luis Potosi,San Luis Potosi,Wine-Beer,Wine or beer,none,casual,completely,high,3,familiar,FALSE,closed,none,High | price | Wine or beer | Familiar,0,1,2,0,above stated budget
U1061,132954,2,1,2,1,22.140388,-100.937321,FALSE,social drinker,no preference,friends,car owner,single,independent,1990,none,hard-worker,Catholic,professional,blue,40,medium,1.76,22,18-24,12.913223140495868,underweight,2,S2: Mobile social students,la parroquia,san luis potosi,san luis potosi,No_Alcohol_Served,No alcohol,not permitted,informal,partially,medium,2,familiar,TRUE,closed,none,Medium | price | No alcohol | Familiar,0,1,2,1,matches stated budget
U1025,132877,1,1,1,0,22.125603,-100.907844,FALSE,social drinker,no preference,family,public,single,NA,1990,none,thrifty-protector,Catholic,student,red,65,medium,1.79,22,18-24,20.286507911738084,healthy,1,S1: Quieter mixed students,sirloin stockade,NA,NA,No_Alcohol_Served,No alcohol,none,informal,completely,low,1,familiar,FALSE,closed,none,Low | price | No alcohol | Familiar,0,0,2,1,below stated budget
U1057,135064,1,1,0,0,22.196624,-100.91217,TRUE,casual drinker,formal,friends,public,single,independent,1989,technology,hunter-ostentatious,Catholic,student,yellow,69,medium,1.83,23,18-24,20.603780345785182,healthy,3,S3: Tech-focused students,Restaurante El Chivero S.A. de C.V.,San Luis Potosi,SLP,No_Alcohol_Served,No alcohol,none,informal,no_accessibility,high,3,familiar,FALSE,closed,none,High | price | No alcohol | Familiar,0,1,2,0,above stated budget
U1057,135046,1,0,0,0,22.196624,-100.91217,TRUE,casual drinker,formal,friends,public,single,independent,1989,technology,hunter-ostentatious,Catholic,student,yellow,69,medium,1.83,23,18-24,20.603780345785182,healthy,3,S3: Tech-focused students,Restaurante El Reyecito,San Luis Potosi,SLP,No_Alcohol_Served,No alcohol,none,informal,no_accessibility,medium,2,familiar,FALSE,closed,none,Medium | price | No alcohol | Familiar,0,1,2,1,matches stated budget
U1090,135025,2,2,2,1,22.158473,-100.984268,FALSE,social drinker,no preference,friends,car owner,single,independent,1988,variety,thrifty-protector,Catholic,student,blue,50,medium,1.54,24,18-24,21.0828132906055,healthy,2,S2: Mobile social students,El Rincon de San Francisco,San Luis Potosi,SLP,No_Alcohol_Served,No alcohol,none,informal,no_accessibility,medium,2,familiar,FALSE,closed,none,Medium | price | No alcohol | Familiar,0,1,2,1,matches stated budget
U1090,132925,2,2,2,1,22.158473,-100.984268,FALSE,social drinker,no preference,friends,car owner,single,independent,1988,variety,thrifty-protector,Catholic,student,blue,50,medium,1.54,24,18-24,21.0828132906055,healthy,2,S2: Mobile social students,el pueblito,NA,NA,Wine-Beer,Wine or beer,not permitted,informal,completely,medium,2,familiar,FALSE,closed,none,Medium | price | Wine or beer | Familiar,0,1,2,1,matches stated budget
U1057,132862,1,0,0,0,22.196624,-100.91217,TRUE,casual drinker,formal,friends,public,single,independent,1989,technology,hunter-ostentatious,Catholic,student,yellow,69,medium,1.83,23,18-24,20.603780345785182,healthy,3,S3: Tech-focused students,La Posada del Virrey,San Luis Potosi,San Luis Potosi,Wine-Beer,Wine or beer,none,casual,completely,high,3,familiar,FALSE,closed,none,High | price | Wine or beer | Familiar,0,1,2,0,above stated budget
U1057,135075,0,1,1,0,22.196624,-100.91217,TRUE,casual drinker,formal,friends,public,single,independent,1989,technology,hunter-ostentatious,Catholic,student,yellow,69,medium,1.83,23,18-24,20.603780345785182,healthy,3,S3: Tech-focused students,Mariscos El Pescador,San Luis Potosi,SLP,No_Alcohol_Served,No alcohol,none,informal,no_accessibility,medium,2,familiar,FALSE,closed,none,Medium | price | No alcohol | Familiar,0,1,2,1,matches stated budget
U1025,132847,2,1,1,1,22.125603,-100.907844,FALSE,social drinker,no preference,family,public,single,NA,1990,none,thrifty-protector,Catholic,student,red,65,medium,1.79,22,18-24,20.286507911738084,healthy,1,S1: Quieter mixed students,don burguers,slp,slp,No_Alcohol_Served,No alcohol,none,informal,no_accessibility,low,1,familiar,FALSE,open,none,Low | price | No alcohol | Familiar,0,0,2,1,below stated budget
U1057,135030,1,0,1,0,22.196624,-100.91217,TRUE,casual drinker,formal,friends,public,single,independent,1989,technology,hunter-ostentatious,Catholic,student,yellow,69,medium,1.83,23,18-24,20.603780345785182,healthy,3,S3: Tech-focused students,Preambulo Wifi Zone Cafe,San Luis Potosi,SLP,No_Alcohol_Served,No alcohol,none,informal,no_accessibility,medium,2,quiet,FALSE,closed,Internet,Medium | price | No alcohol | Quiet,0,1,2,1,matches stated budget
U1025,135071,2,2,2,1,22.125603,-100.907844,FALSE,social drinker,no preference,family,public,single,NA,1990,none,thrifty-protector,Catholic,student,red,65,medium,1.79,22,18-24,20.286507911738084,healthy,1,S1: Quieter mixed students,Restaurante la Cantina,San Luis Potosi,SLP,Full_Bar,Full bar,section,informal,no_accessibility,medium,2,familiar,FALSE,closed,none,Medium | price | Full bar | Familiar,0,0,2,1,matches stated budget
U1057,132834,1,0,1,0,22.196624,-100.91217,TRUE,casual drinker,formal,friends,public,single,independent,1989,technology,hunter-ostentatious,Catholic,student,yellow,69,medium,1.83,23,18-24,20.603780345785182,healthy,3,S3: Tech-focused students,Gorditas Doa Gloria,san luis potosi,san luis potosi,No_Alcohol_Served,No alcohol,not permitted,casual,no_accessibility,low,1,familiar,FALSE,closed,none,Low | price | No alcohol | Familiar,0,1,2,1,below stated budget
U1025,132958,1,0,0,0,22.125603,-100.907844,FALSE,social drinker,no preference,family,public,single,NA,1990,none,thrifty-protector,Catholic,student,red,65,medium,1.79,22,18-24,20.286507911738084,healthy,1,S1: Quieter mixed students,tacos los volcanes,san luis potosi,san luis potos,No_Alcohol_Served,No alcohol,none,informal,completely,low,1,quiet,TRUE,closed,none,Low | price | No alcohol | Quiet,0,0,2,1,below stated budget
U1025,132825,0,0,0,0,22.125603,-100.907844,FALSE,social drinker,no preference,family,public,single,NA,1990,none,thrifty-protector,Catholic,student,red,65,medium,1.79,22,18-24,20.286507911738084,healthy,1,S1: Quieter mixed students,puesto de tacos,s.l.p.,s.l.p.,No_Alcohol_Served,No alcohol,none,informal,completely,low,1,familiar,FALSE,open,none,Low | price | No alcohol | Familiar,1,0,2,1,below stated budget
U1025,135028,2,1,0,1,22.125603,-100.907844,FALSE,social drinker,no preference,family,public,single,NA,1990,none,thrifty-protector,Catholic,student,red,65,medium,1.79,22,18-24,20.286507911738084,healthy,1,S1: Quieter mixed students,La Virreina,San Luis Potosi,SLP,Wine-Beer,Wine or beer,none,informal,no_accessibility,medium,2,familiar,FALSE,closed,none,Medium | price | Wine or beer | Familiar,1,0,2,1,matches stated budget
U1025,135047,1,1,1,0,22.125603,-100.907844,FALSE,social drinker,no preference,family,public,single,NA,1990,none,thrifty-protector,Catholic,student,red,65,medium,1.79,22,18-24,20.286507911738084,healthy,1,S1: Quieter mixed students,Restaurante Casa de las Flores,San Luis Potosi,SLP,Wine-Beer,Wine or beer,section,informal,no_accessibility,high,3,familiar,FALSE,closed,none,High | price | Wine or beer | Familiar,0,0,2,0,above stated budget
U1025,132846,2,2,2,1,22.125603,-100.907844,FALSE,social drinker,no preference,family,public,single,NA,1990,none,thrifty-protector,Catholic,student,red,65,medium,1.79,22,18-24,20.286507911738084,healthy,1,S1: Quieter mixed students,el lechon potosino,san luis potosi,slp,No_Alcohol_Served,No alcohol,permitted,casual,no_accessibility,low,1,familiar,FALSE,open,none,Low | price | No alcohol | Familiar,0,0,2,1,below stated budget
U1025,135064,2,2,2,1,22.125603,-100.907844,FALSE,social drinker,no preference,family,public,single,NA,1990,none,thrifty-protector,Catholic,student,red,65,medium,1.79,22,18-24,20.286507911738084,healthy,1,S1: Quieter mixed students,Restaurante El Chivero S.A. de C.V.,San Luis Potosi,SLP,No_Alcohol_Served,No alcohol,none,informal,no_accessibility,high,3,familiar,FALSE,closed,none,High | price | No alcohol | Familiar,0,0,2,0,above stated budget
U1025,132830,2,2,2,1,22.125603,-100.907844,FALSE,social drinker,no preference,family,public,single,NA,1990,none,thrifty-protector,Catholic,student,red,65,medium,1.79,22,18-24,20.286507911738084,healthy,1,S1: Quieter mixed students,Rincon Huasteco,NA,NA,No_Alcohol_Served,No alcohol,none,informal,completely,low,1,familiar,FALSE,closed,none,Low | price | No alcohol | Familiar,0,0,2,1,below stated budget
U1097,135079,2,1,0,1,22.145471,-100.939588,FALSE,abstemious,formal,family,public,single,independent,1990,variety,hard-worker,Catholic,student,black,58,medium,1.64,22,18-24,21.564544913741823,healthy,1,S1: Quieter mixed students,Koye Sushi,San Luis Potosi,SLP,No_Alcohol_Served,No alcohol,none,informal,no_accessibility,high,3,familiar,FALSE,closed,none,High | price | No alcohol | Familiar,0,1,2,0,above stated budget
U1097,135058,2,1,1,1,22.145471,-100.939588,FALSE,abstemious,formal,family,public,single,independent,1990,variety,hard-worker,Catholic,student,black,58,medium,1.64,22,18-24,21.564544913741823,healthy,1,S1: Quieter mixed students,Restaurante Tiberius,San Luis Potosi,SLP,No_Alcohol_Served,No alcohol,none,informal,no_accessibility,medium,2,familiar,TRUE,closed,none,Medium | price | No alcohol | Familiar,0,1,2,1,matches stated budget
U1097,132954,1,1,0,0,22.145471,-100.939588,FALSE,abstemious,formal,family,public,single,independent,1990,variety,hard-worker,Catholic,student,black,58,medium,1.64,22,18-24,21.564544913741823,healthy,1,S1: Quieter mixed students,la parroquia,san luis potosi,san luis potosi,No_Alcohol_Served,No alcohol,not permitted,informal,partially,medium,2,familiar,TRUE,closed,none,Medium | price | No alcohol | Familiar,0,1,2,1,matches stated budget
U1097,132958,2,1,1,1,22.145471,-100.939588,FALSE,abstemious,formal,family,public,single,independent,1990,variety,hard-worker,Catholic,student,black,58,medium,1.64,22,18-24,21.564544913741823,healthy,1,S1: Quieter mixed students,tacos los volcanes,san luis potosi,san luis potos,No_Alcohol_Served,No alcohol,none,informal,completely,low,1,quiet,TRUE,closed,none,Low | price | No alcohol | Quiet,0,1,2,1,below stated budget
U1097,135026,1,0,1,0,22.145471,-100.939588,FALSE,abstemious,formal,family,public,single,independent,1990,variety,hard-worker,Catholic,student,black,58,medium,1.64,22,18-24,21.564544913741823,healthy,1,S1: Quieter mixed students,la Cantina,San Luis Potosi,SLP,Full_Bar,Full bar,none,informal,no_accessibility,high,3,familiar,FALSE,closed,none,High | price | Full bar | Familiar,0,0,2,0,above stated budget
U1059,132955,2,1,2,1,18.988278,-99.097023,FALSE,abstemious,formal,friends,on foot,single,independent,1987,technology,thrifty-protector,Catholic,student,blue,57,medium,1.69,25,25-34,19.95728440880922,healthy,3,S3: Tech-focused students,emilianos,san luis potos,mexico,Wine-Beer,Wine or beer,none,informal,completely,low,1,familiar,TRUE,closed,variety,Low | price | Wine or beer | Familiar,0,1,2,1,below stated budget
U1059,135044,2,1,1,1,18.988278,-99.097023,FALSE,abstemious,formal,friends,on foot,single,independent,1987,technology,thrifty-protector,Catholic,student,blue,57,medium,1.69,25,25-34,19.95728440880922,healthy,3,S3: Tech-focused students,Restaurant Wu Zhuo Yi,San Luis Potosi,SLP,No_Alcohol_Served,No alcohol,none,informal,no_accessibility,medium,2,familiar,FALSE,closed,none,Medium | price | No alcohol | Familiar,0,1,2,1,matches stated budget
U1059,132862,0,0,0,0,18.988278,-99.097023,FALSE,abstemious,formal,friends,on foot,single,independent,1987,technology,thrifty-protector,Catholic,student,blue,57,medium,1.69,25,25-34,19.95728440880922,healthy,3,S3: Tech-focused students,La Posada del Virrey,San Luis Potosi,San Luis Potosi,Wine-Beer,Wine or beer,none,casual,completely,high,3,familiar,FALSE,closed,none,High | price | Wine or beer | Familiar,0,1,2,0,above stated budget
U1059,135085,2,2,2,1,18.988278,-99.097023,FALSE,abstemious,formal,friends,on foot,single,independent,1987,technology,thrifty-protector,Catholic,student,blue,57,medium,1.69,25,25-34,19.95728440880922,healthy,3,S3: Tech-focused students,Tortas Locas Hipocampo,San Luis Potosi,SLP,No_Alcohol_Served,No alcohol,not permitted,informal,no_accessibility,medium,2,familiar,FALSE,closed,none,Medium | price | No alcohol | Familiar,0,1,2,1,matches stated budget
U1059,135030,2,2,2,1,18.988278,-99.097023,FALSE,abstemious,formal,friends,on foot,single,independent,1987,technology,thrifty-protector,Catholic,student,blue,57,medium,1.69,25,25-34,19.95728440880922,healthy,3,S3: Tech-focused students,Preambulo Wifi Zone Cafe,San Luis Potosi,SLP,No_Alcohol_Served,No alcohol,none,informal,no_accessibility,medium,2,quiet,FALSE,closed,Internet,Medium | price | No alcohol | Quiet,0,1,2,1,matches stated budget
U1128,135053,0,0,0,0,22.187236,-100.994213,FALSE,casual drinker,no preference,friends,public,single,independent,1986,variety,thrifty-protector,Catholic,student,red,66,low,1.72,26,25-34,22.30935640886966,healthy,1,S1: Quieter mixed students,La Fontana Pizza Restaurante and Cafe,San Luis Potosi,SLP,No_Alcohol_Served,No alcohol,section,informal,no_accessibility,high,3,familiar,FALSE,closed,none,High | price | No alcohol | Familiar,1,1,1,0,above stated budget
U1059,132825,2,1,1,1,18.988278,-99.097023,FALSE,abstemious,formal,friends,on foot,single,independent,1987,technology,thrifty-protector,Catholic,student,blue,57,medium,1.69,25,25-34,19.95728440880922,healthy,3,S3: Tech-focused students,puesto de tacos,s.l.p.,s.l.p.,No_Alcohol_Served,No alcohol,none,informal,completely,low,1,familiar,FALSE,open,none,Low | price | No alcohol | Familiar,1,1,2,1,below stated budget
U1059,132754,2,2,2,1,18.988278,-99.097023,FALSE,abstemious,formal,friends,on foot,single,independent,1987,technology,thrifty-protector,Catholic,student,blue,57,medium,1.69,25,25-34,19.95728440880922,healthy,3,S3: Tech-focused students,Cabana Huasteca,San Luis Potosi,S.L.P.,No_Alcohol_Served,No alcohol,none,informal,partially,medium,2,familiar,FALSE,closed,none,Medium | price | No alcohol | Familiar,1,1,2,1,matches stated budget
U1128,135058,0,0,0,0,22.187236,-100.994213,FALSE,casual drinker,no preference,friends,public,single,independent,1986,variety,thrifty-protector,Catholic,student,red,66,low,1.72,26,25-34,22.30935640886966,healthy,1,S1: Quieter mixed students,Restaurante Tiberius,San Luis Potosi,SLP,No_Alcohol_Served,No alcohol,none,informal,no_accessibility,medium,2,familiar,TRUE,closed,none,Medium | price | No alcohol | Familiar,1,1,1,0,above stated budget
U1128,132875,0,0,0,0,22.187236,-100.994213,FALSE,casual drinker,no preference,friends,public,single,independent,1986,variety,thrifty-protector,Catholic,student,red,66,low,1.72,26,25-34,22.30935640886966,healthy,1,S1: Quieter mixed students,shi ro ie,NA,NA,Wine-Beer,Wine or beer,section,informal,no_accessibility,high,3,familiar,TRUE,open,Internet,High | price | Wine or beer | Familiar,0,1,1,0,above stated budget
U1128,135079,0,0,0,0,22.187236,-100.994213,FALSE,casual drinker,no preference,friends,public,single,independent,1986,variety,thrifty-protector,Catholic,student,red,66,low,1.72,26,25-34,22.30935640886966,healthy,1,S1: Quieter mixed students,Koye Sushi,San Luis Potosi,SLP,No_Alcohol_Served,No alcohol,none,informal,no_accessibility,high,3,familiar,FALSE,closed,none,High | price | No alcohol | Familiar,0,1,1,0,above stated budget
U1128,132925,0,0,0,0,22.187236,-100.994213,FALSE,casual drinker,no preference,friends,public,single,independent,1986,variety,thrifty-protector,Catholic,student,red,66,low,1.72,26,25-34,22.30935640886966,healthy,1,S1: Quieter mixed students,el pueblito,NA,NA,Wine-Beer,Wine or beer,not permitted,informal,completely,medium,2,familiar,FALSE,closed,none,Medium | price | Wine or beer | Familiar,1,1,1,0,above stated budget
U1128,135064,0,0,0,0,22.187236,-100.994213,FALSE,casual drinker,no preference,friends,public,single,independent,1986,variety,thrifty-protector,Catholic,student,red,66,low,1.72,26,25-34,22.30935640886966,healthy,1,S1: Quieter mixed students,Restaurante El Chivero S.A. de C.V.,San Luis Potosi,SLP,No_Alcohol_Served,No alcohol,none,informal,no_accessibility,high,3,familiar,FALSE,closed,none,High | price | No alcohol | Familiar,0,1,1,0,above stated budget
U1128,132921,0,0,0,0,22.187236,-100.994213,FALSE,casual drinker,no preference,friends,public,single,independent,1986,variety,thrifty-protector,Catholic,student,red,66,low,1.72,26,25-34,22.30935640886966,healthy,1,S1: Quieter mixed students,crudalia,NA,NA,Wine-Beer,Wine or beer,section,casual,completely,low,1,quiet,FALSE,open,none,Low | price | Wine or beer | Quiet,0,1,1,1,matches stated budget
U1128,135060,0,0,0,0,22.187236,-100.994213,FALSE,casual drinker,no preference,friends,public,single,independent,1986,variety,thrifty-protector,Catholic,student,red,66,low,1.72,26,25-34,22.30935640886966,healthy,1,S1: Quieter mixed students,Restaurante Marisco Sam,San Luis Potosi,SLP,No_Alcohol_Served,No alcohol,none,informal,no_accessibility,medium,2,familiar,FALSE,closed,none,Medium | price | No alcohol | Familiar,0,1,1,0,above stated budget
U1128,132954,0,0,0,0,22.187236,-100.994213,FALSE,casual drinker,no preference,friends,public,single,independent,1986,variety,thrifty-protector,Catholic,student,red,66,low,1.72,26,25-34,22.30935640886966,healthy,1,S1: Quieter mixed students,la parroquia,san luis potosi,san luis potosi,No_Alcohol_Served,No alcohol,not permitted,informal,partially,medium,2,familiar,TRUE,closed,none,Medium | price | No alcohol | Familiar,0,1,1,0,above stated budget
U1128,132951,0,0,0,0,22.187236,-100.994213,FALSE,casual drinker,no preference,friends,public,single,independent,1986,variety,thrifty-protector,Catholic,student,red,66,low,1.72,26,25-34,22.30935640886966,healthy,1,S1: Quieter mixed students,VIPS,San Luis Potosi,San Luis Potosi,No_Alcohol_Served,No alcohol,not permitted,casual,completely,low,1,familiar,FALSE,closed,none,Low | price | No alcohol | Familiar,0,1,1,1,matches stated budget
U1097,132921,2,2,1,1,22.145471,-100.939588,FALSE,abstemious,formal,family,public,single,independent,1990,variety,hard-worker,Catholic,student,black,58,medium,1.64,22,18-24,21.564544913741823,healthy,1,S1: Quieter mixed students,crudalia,NA,NA,Wine-Beer,Wine or beer,section,casual,completely,low,1,quiet,FALSE,open,none,Low | price | Wine or beer | Quiet,0,1,2,1,below stated budget
U1097,132955,2,2,1,1,22.145471,-100.939588,FALSE,abstemious,formal,family,public,single,independent,1990,variety,hard-worker,Catholic,student,black,58,medium,1.64,22,18-24,21.564544913741823,healthy,1,S1: Quieter mixed students,emilianos,san luis potos,mexico,Wine-Beer,Wine or beer,none,informal,completely,low,1,familiar,TRUE,closed,variety,Low | price | Wine or beer | Familiar,0,1,2,1,below stated budget
U1097,132884,1,1,1,0,22.145471,-100.939588,FALSE,abstemious,formal,family,public,single,independent,1990,variety,hard-worker,Catholic,student,black,58,medium,1.64,22,18-24,21.564544913741823,healthy,1,S1: Quieter mixed students,dairy queen,NA,NA,No_Alcohol_Served,No alcohol,none,informal,completely,low,1,familiar,FALSE,closed,none,Low | price | No alcohol | Familiar,0,0,2,1,below stated budget
U1097,135049,2,1,1,1,22.145471,-100.939588,FALSE,abstemious,formal,family,public,single,independent,1990,variety,hard-worker,Catholic,student,black,58,medium,1.64,22,18-24,21.564544913741823,healthy,1,S1: Quieter mixed students,Restaurante de Mariscos la Langosta,San Luis Potosi,SLP,No_Alcohol_Served,No alcohol,none,informal,no_accessibility,medium,2,familiar,FALSE,closed,none,Medium | price | No alcohol | Familiar,0,1,2,1,matches stated budget
U1097,135034,2,2,1,1,22.145471,-100.939588,FALSE,abstemious,formal,family,public,single,independent,1990,variety,hard-worker,Catholic,student,black,58,medium,1.64,22,18-24,21.564544913741823,healthy,1,S1: Quieter mixed students,Michiko Restaurant Japones,San Luis Potosi,SLP,No_Alcohol_Served,No alcohol,none,informal,no_accessibility,medium,2,familiar,FALSE,closed,none,Medium | price | No alcohol | Familiar,0,1,2,1,matches stated budget
U1006,132954,1,1,1,0,22.15,-100.983,TRUE,social drinker,no preference,friends,car owner,single,independent,1989,variety,hard-worker,none,student,blue,75,medium,1.8,23,18-24,23.148148148148145,healthy,2,S2: Mobile social students,la parroquia,san luis potosi,san luis potosi,No_Alcohol_Served,No alcohol,not permitted,informal,partially,medium,2,familiar,TRUE,closed,none,Medium | price | No alcohol | Familiar,0,1,2,1,matches stated budget
U1006,135079,1,1,1,0,22.15,-100.983,TRUE,social drinker,no preference,friends,car owner,single,independent,1989,variety,hard-worker,none,student,blue,75,medium,1.8,23,18-24,23.148148148148145,healthy,2,S2: Mobile social students,Koye Sushi,San Luis Potosi,SLP,No_Alcohol_Served,No alcohol,none,informal,no_accessibility,high,3,familiar,FALSE,closed,none,High | price | No alcohol | Familiar,0,1,2,0,above stated budget
U1006,132875,2,2,2,1,22.15,-100.983,TRUE,social drinker,no preference,friends,car owner,single,independent,1989,variety,hard-worker,none,student,blue,75,medium,1.8,23,18-24,23.148148148148145,healthy,2,S2: Mobile social students,shi ro ie,NA,NA,Wine-Beer,Wine or beer,section,informal,no_accessibility,high,3,familiar,TRUE,open,Internet,High | price | Wine or beer | Familiar,0,1,2,0,above stated budget
U1006,135026,2,2,2,1,22.15,-100.983,TRUE,social drinker,no preference,friends,car owner,single,independent,1989,variety,hard-worker,none,student,blue,75,medium,1.8,23,18-24,23.148148148148145,healthy,2,S2: Mobile social students,la Cantina,San Luis Potosi,SLP,Full_Bar,Full bar,none,informal,no_accessibility,high,3,familiar,FALSE,closed,none,High | price | Full bar | Familiar,0,0,2,0,above stated budget
U1006,132922,2,1,2,1,22.15,-100.983,TRUE,social drinker,no preference,friends,car owner,single,independent,1989,variety,hard-worker,none,student,blue,75,medium,1.8,23,18-24,23.148148148148145,healthy,2,S2: Mobile social students,cafe punta del cielo,NA,NA,No_Alcohol_Served,No alcohol,permitted,formal,completely,medium,2,familiar,FALSE,closed,none,Medium | price | No alcohol | Familiar,0,1,2,1,matches stated budget
U1006,132572,1,0,1,0,22.15,-100.983,TRUE,social drinker,no preference,friends,car owner,single,independent,1989,variety,hard-worker,none,student,blue,75,medium,1.8,23,18-24,23.148148148148145,healthy,2,S2: Mobile social students,Cafe Chaires,San Luis Potosi,San Luis Potosi,No_Alcohol_Served,No alcohol,not permitted,informal,completely,low,1,familiar,FALSE,closed,none,Low | price | No alcohol | Familiar,0,1,2,1,below stated budget
U1006,135075,1,1,2,0,22.15,-100.983,TRUE,social drinker,no preference,friends,car owner,single,independent,1989,variety,hard-worker,none,student,blue,75,medium,1.8,23,18-24,23.148148148148145,healthy,2,S2: Mobile social students,Mariscos El Pescador,San Luis Potosi,SLP,No_Alcohol_Served,No alcohol,none,informal,no_accessibility,medium,2,familiar,FALSE,closed,none,Medium | price | No alcohol | Familiar,0,1,2,1,matches stated budget
U1006,132825,1,1,1,0,22.15,-100.983,TRUE,social drinker,no preference,friends,car owner,single,independent,1989,variety,hard-worker,none,student,blue,75,medium,1.8,23,18-24,23.148148148148145,healthy,2,S2: Mobile social students,puesto de tacos,s.l.p.,s.l.p.,No_Alcohol_Served,No alcohol,none,informal,completely,low,1,familiar,FALSE,open,none,Low | price | No alcohol | Familiar,1,1,2,1,below stated budget
U1006,135048,1,1,2,0,22.15,-100.983,TRUE,social drinker,no preference,friends,car owner,single,independent,1989,variety,hard-worker,none,student,blue,75,medium,1.8,23,18-24,23.148148148148145,healthy,2,S2: Mobile social students,Restaurante Bar Fu-hao,San Luis Potosi,SLP,Wine-Beer,Wine or beer,none,informal,no_accessibility,high,3,familiar,FALSE,closed,none,High | price | Wine or beer | Familiar,0,1,2,0,above stated budget
U1006,135030,1,1,2,0,22.15,-100.983,TRUE,social drinker,no preference,friends,car owner,single,independent,1989,variety,hard-worker,none,student,blue,75,medium,1.8,23,18-24,23.148148148148145,healthy,2,S2: Mobile social students,Preambulo Wifi Zone Cafe,San Luis Potosi,SLP,No_Alcohol_Served,No alcohol,none,informal,no_accessibility,medium,2,quiet,FALSE,closed,Internet,Medium | price | No alcohol | Quiet,0,1,2,1,matches stated budget
U1006,132884,2,2,2,1,22.15,-100.983,TRUE,social drinker,no preference,friends,car owner,single,independent,1989,variety,hard-worker,none,student,blue,75,medium,1.8,23,18-24,23.148148148148145,healthy,2,S2: Mobile social students,dairy queen,NA,NA,No_Alcohol_Served,No alcohol,none,informal,completely,low,1,familiar,FALSE,closed,none,Low | price | No alcohol | Familiar,0,0,2,1,below stated budget
U1131,135054,2,1,2,1,22.138245,-100.910948,TRUE,social drinker,no preference,friends,car owner,married,kids,1990,eco-friendly,hard-worker,none,student,black,90,medium,1.8,22,18-24,27.777777777777775,overweight,2,S2: Mobile social students,Restaurante y Pescaderia Tampico,San Luis Potosi,SLP,No_Alcohol_Served,No alcohol,none,informal,no_accessibility,high,3,familiar,FALSE,closed,none,High | price | No alcohol | Familiar,0,1,2,0,above stated budget
U1131,132869,1,2,1,0,22.138245,-100.910948,TRUE,social drinker,no preference,friends,car owner,married,kids,1990,eco-friendly,hard-worker,none,student,black,90,medium,1.8,22,18-24,27.777777777777775,overweight,2,S2: Mobile social students,Dominos Pizza,San Luis Potosi,San Luis Potosi,No_Alcohol_Served,No alcohol,not permitted,informal,no_accessibility,medium,2,familiar,FALSE,closed,none,Medium | price | No alcohol | Familiar,0,1,2,1,matches stated budget
U1131,132866,2,2,2,1,22.138245,-100.910948,TRUE,social drinker,no preference,friends,car owner,married,kids,1990,eco-friendly,hard-worker,none,student,black,90,medium,1.8,22,18-24,27.777777777777775,overweight,2,S2: Mobile social students,Chaires,San Luis Potosi,San Luis Potosi,No_Alcohol_Served,No alcohol,not permitted,informal,completely,medium,2,familiar,FALSE,closed,none,Medium | price | No alcohol | Familiar,0,1,2,1,matches stated budget
U1131,135082,0,1,0,0,22.138245,-100.910948,TRUE,social drinker,no preference,friends,car owner,married,kids,1990,eco-friendly,hard-worker,none,student,black,90,medium,1.8,22,18-24,27.777777777777775,overweight,2,S2: Mobile social students,la Estrella de Dimas,San Luis Potosi,SLP,No_Alcohol_Served,No alcohol,none,informal,no_accessibility,medium,2,familiar,FALSE,closed,none,Medium | price | No alcohol | Familiar,0,1,2,1,matches stated budget
U1131,132851,2,2,2,1,22.138245,-100.910948,TRUE,social drinker,no preference,friends,car owner,married,kids,1990,eco-friendly,hard-worker,none,student,black,90,medium,1.8,22,18-24,27.777777777777775,overweight,2,S2: Mobile social students,KFC,San Luis Potosi,San Luis Potosi,No_Alcohol_Served,No alcohol,not permitted,informal,completely,low,1,familiar,FALSE,closed,none,Low | price | No alcohol | Familiar,0,1,2,1,below stated budget
U1131,132870,0,2,0,0,22.138245,-100.910948,TRUE,social drinker,no preference,friends,car owner,married,kids,1990,eco-friendly,hard-worker,none,student,black,90,medium,1.8,22,18-24,27.777777777777775,overweight,2,S2: Mobile social students,Tortas y hamburguesas el gordo,San Luis Potosi,San Luis Potosi,No_Alcohol_Served,No alcohol,not permitted,informal,no_accessibility,low,1,familiar,FALSE,closed,none,Low | price | No alcohol | Familiar,0,1,2,1,below stated budget
U1073,135062,0,0,0,0,22.15,-100.983,FALSE,abstemious,informal,solitary,car owner,widow,kids,1989,none,hard-worker,none,unemployed,yellow,118,medium,1.79,23,18-24,36.827814362847604,obese,1,S1: Quieter mixed students,Restaurante El Cielo Potosino,San Luis Potosi,SLP,No_Alcohol_Served,No alcohol,none,informal,no_accessibility,medium,2,familiar,FALSE,closed,none,Medium | price | No alcohol | Familiar,0,1,2,1,matches stated budget
U1073,132572,0,0,0,0,22.15,-100.983,FALSE,abstemious,informal,solitary,car owner,widow,kids,1989,none,hard-worker,none,unemployed,yellow,118,medium,1.79,23,18-24,36.827814362847604,obese,1,S1: Quieter mixed students,Cafe Chaires,San Luis Potosi,San Luis Potosi,No_Alcohol_Served,No alcohol,not permitted,informal,completely,low,1,familiar,FALSE,closed,none,Low | price | No alcohol | Familiar,0,1,2,1,below stated budget
U1073,135064,0,0,0,0,22.15,-100.983,FALSE,abstemious,informal,solitary,car owner,widow,kids,1989,none,hard-worker,none,unemployed,yellow,118,medium,1.79,23,18-24,36.827814362847604,obese,1,S1: Quieter mixed students,Restaurante El Chivero S.A. de C.V.,San Luis Potosi,SLP,No_Alcohol_Served,No alcohol,none,informal,no_accessibility,high,3,familiar,FALSE,closed,none,High | price | No alcohol | Familiar,0,1,2,0,above stated budget
U1073,135080,0,0,0,0,22.15,-100.983,FALSE,abstemious,informal,solitary,car owner,widow,kids,1989,none,hard-worker,none,unemployed,yellow,118,medium,1.79,23,18-24,36.827814362847604,obese,1,S1: Quieter mixed students,los Toneles,San Luis Potosi,SLP,No_Alcohol_Served,No alcohol,section,informal,no_accessibility,high,3,familiar,FALSE,closed,none,High | price | No alcohol | Familiar,0,1,2,0,above stated budget
U1073,132951,0,0,0,0,22.15,-100.983,FALSE,abstemious,informal,solitary,car owner,widow,kids,1989,none,hard-worker,none,unemployed,yellow,118,medium,1.79,23,18-24,36.827814362847604,obese,1,S1: Quieter mixed students,VIPS,San Luis Potosi,San Luis Potosi,No_Alcohol_Served,No alcohol,not permitted,casual,completely,low,1,familiar,FALSE,closed,none,Low | price | No alcohol | Familiar,1,1,2,1,below stated budget
U1073,132954,0,0,0,0,22.15,-100.983,FALSE,abstemious,informal,solitary,car owner,widow,kids,1989,none,hard-worker,none,unemployed,yellow,118,medium,1.79,23,18-24,36.827814362847604,obese,1,S1: Quieter mixed students,la parroquia,san luis potosi,san luis potosi,No_Alcohol_Served,No alcohol,not permitted,informal,partially,medium,2,familiar,TRUE,closed,none,Medium | price | No alcohol | Familiar,0,1,2,1,matches stated budget
U1073,135052,0,0,0,0,22.15,-100.983,FALSE,abstemious,informal,solitary,car owner,widow,kids,1989,none,hard-worker,none,unemployed,yellow,118,medium,1.79,23,18-24,36.827814362847604,obese,1,S1: Quieter mixed students,La Cantina Restaurante,San Luis Potosi,SLP,Full_Bar,Full bar,none,informal,no_accessibility,high,3,familiar,FALSE,closed,none,High | price | Full bar | Familiar,0,1,2,0,above stated budget
U1073,132834,0,0,0,0,22.15,-100.983,FALSE,abstemious,informal,solitary,car owner,widow,kids,1989,none,hard-worker,none,unemployed,yellow,118,medium,1.79,23,18-24,36.827814362847604,obese,1,S1: Quieter mixed students,Gorditas Doa Gloria,san luis potosi,san luis potosi,No_Alcohol_Served,No alcohol,not permitted,casual,no_accessibility,low,1,familiar,FALSE,closed,none,Low | price | No alcohol | Familiar,0,1,2,1,below stated budget
U1073,135060,0,0,0,0,22.15,-100.983,FALSE,abstemious,informal,solitary,car owner,widow,kids,1989,none,hard-worker,none,unemployed,yellow,118,medium,1.79,23,18-24,36.827814362847604,obese,1,S1: Quieter mixed students,Restaurante Marisco Sam,San Luis Potosi,SLP,No_Alcohol_Served,No alcohol,none,informal,no_accessibility,medium,2,familiar,FALSE,closed,none,Medium | price | No alcohol | Familiar,0,1,2,1,matches stated budget
U1073,135065,0,0,0,0,22.15,-100.983,FALSE,abstemious,informal,solitary,car owner,widow,kids,1989,none,hard-worker,none,unemployed,yellow,118,medium,1.79,23,18-24,36.827814362847604,obese,1,S1: Quieter mixed students,El angel Restaurante,San Luis Potosi,SLP,Wine-Beer,Wine or beer,section,informal,no_accessibility,high,3,familiar,FALSE,closed,none,High | price | Wine or beer | Familiar,0,1,2,0,above stated budget
U1073,132862,0,0,0,0,22.15,-100.983,FALSE,abstemious,informal,solitary,car owner,widow,kids,1989,none,hard-worker,none,unemployed,yellow,118,medium,1.79,23,18-24,36.827814362847604,obese,1,S1: Quieter mixed students,La Posada del Virrey,San Luis Potosi,San Luis Potosi,Wine-Beer,Wine or beer,none,casual,completely,high,3,familiar,FALSE,closed,none,High | price | Wine or beer | Familiar,0,1,2,0,above stated budget
U1049,132921,0,0,0,0,22.15,-100.983,FALSE,casual drinker,informal,solitary,public,single,NA,1991,none,hard-worker,none,student,blue,55,NA,1.6,21,18-24,21.484374999999996,healthy,1,S1: Quieter mixed students,crudalia,NA,NA,Wine-Beer,Wine or beer,section,casual,completely,low,1,quiet,FALSE,open,none,Low | price | Wine or beer | Quiet,0,1,NA,NA,NA
U1049,135042,0,0,0,0,22.15,-100.983,FALSE,casual drinker,informal,solitary,public,single,NA,1991,none,hard-worker,none,student,blue,55,NA,1.6,21,18-24,21.484374999999996,healthy,1,S1: Quieter mixed students,Restaurant Oriental Express,San Luis Potosi,SLP,No_Alcohol_Served,No alcohol,none,informal,no_accessibility,medium,2,familiar,FALSE,closed,none,Medium | price | No alcohol | Familiar,0,1,NA,NA,NA
U1049,135032,0,0,0,0,22.15,-100.983,FALSE,casual drinker,informal,solitary,public,single,NA,1991,none,hard-worker,none,student,blue,55,NA,1.6,21,18-24,21.484374999999996,healthy,1,S1: Quieter mixed students,Cafeteria y Restaurant El Pacifico,San Luis Potosi,SLP,Wine-Beer,Wine or beer,section,informal,no_accessibility,medium,2,familiar,FALSE,closed,none,Medium | price | Wine or beer | Familiar,0,1,NA,NA,NA
U1049,135051,0,0,0,0,22.15,-100.983,FALSE,casual drinker,informal,solitary,public,single,NA,1991,none,hard-worker,none,student,blue,55,NA,1.6,21,18-24,21.484374999999996,healthy,1,S1: Quieter mixed students,Restaurante Versalles,San Luis Potosi,SLP,No_Alcohol_Served,No alcohol,section,informal,no_accessibility,low,1,familiar,FALSE,closed,none,Low | price | No alcohol | Familiar,0,1,NA,NA,NA
U1049,135085,0,0,0,0,22.15,-100.983,FALSE,casual drinker,informal,solitary,public,single,NA,1991,none,hard-worker,none,student,blue,55,NA,1.6,21,18-24,21.484374999999996,healthy,1,S1: Quieter mixed students,Tortas Locas Hipocampo,San Luis Potosi,SLP,No_Alcohol_Served,No alcohol,not permitted,informal,no_accessibility,medium,2,familiar,FALSE,closed,none,Medium | price | No alcohol | Familiar,0,1,NA,NA,NA
U1049,132862,0,0,0,0,22.15,-100.983,FALSE,casual drinker,informal,solitary,public,single,NA,1991,none,hard-worker,none,student,blue,55,NA,1.6,21,18-24,21.484374999999996,healthy,1,S1: Quieter mixed students,La Posada del Virrey,San Luis Potosi,San Luis Potosi,Wine-Beer,Wine or beer,none,casual,completely,high,3,familiar,FALSE,closed,none,High | price | Wine or beer | Familiar,0,1,NA,NA,NA
U1049,135052,0,0,0,0,22.15,-100.983,FALSE,casual drinker,informal,solitary,public,single,NA,1991,none,hard-worker,none,student,blue,55,NA,1.6,21,18-24,21.484374999999996,healthy,1,S1: Quieter mixed students,La Cantina Restaurante,San Luis Potosi,SLP,Full_Bar,Full bar,none,informal,no_accessibility,high,3,familiar,FALSE,closed,none,High | price | Full bar | Familiar,0,1,NA,NA,NA
U1058,135076,2,2,2,1,22.205802,-100.986081,FALSE,abstemious,formal,family,public,single,independent,1991,variety,hard-worker,Catholic,student,red,74,low,1.78,21,18-24,23.355636914530994,healthy,1,S1: Quieter mixed students,Restaurante Pueblo Bonito,San Luis Potosi,SLP,Wine-Beer,Wine or beer,none,informal,no_accessibility,high,3,familiar,FALSE,closed,none,High | price | Wine or beer | Familiar,0,1,1,0,above stated budget
U1058,135043,1,2,2,0,22.205802,-100.986081,FALSE,abstemious,formal,family,public,single,independent,1991,variety,hard-worker,Catholic,student,red,74,low,1.78,21,18-24,23.355636914530994,healthy,1,S1: Quieter mixed students,pizza clasica,Soledad,SLP,No_Alcohol_Served,No alcohol,none,informal,no_accessibility,medium,2,familiar,FALSE,closed,none,Medium | price | No alcohol | Familiar,0,1,1,0,above stated budget
U1058,135058,2,2,0,1,22.205802,-100.986081,FALSE,abstemious,formal,family,public,single,independent,1991,variety,hard-worker,Catholic,student,red,74,low,1.78,21,18-24,23.355636914530994,healthy,1,S1: Quieter mixed students,Restaurante Tiberius,San Luis Potosi,SLP,No_Alcohol_Served,No alcohol,none,informal,no_accessibility,medium,2,familiar,TRUE,closed,none,Medium | price | No alcohol | Familiar,0,1,1,0,above stated budget
U1058,135053,2,1,1,1,22.205802,-100.986081,FALSE,abstemious,formal,family,public,single,independent,1991,variety,hard-worker,Catholic,student,red,74,low,1.78,21,18-24,23.355636914530994,healthy,1,S1: Quieter mixed students,La Fontana Pizza Restaurante and Cafe,San Luis Potosi,SLP,No_Alcohol_Served,No alcohol,section,informal,no_accessibility,high,3,familiar,FALSE,closed,none,High | price | No alcohol | Familiar,0,1,1,0,above stated budget
U1058,132885,1,1,1,0,22.205802,-100.986081,FALSE,abstemious,formal,family,public,single,independent,1991,variety,hard-worker,Catholic,student,red,74,low,1.78,21,18-24,23.355636914530994,healthy,1,S1: Quieter mixed students,Hamburguesas saul,San Luis Potosi,San Luis Potosi,No_Alcohol_Served,No alcohol,none,informal,completely,low,1,familiar,FALSE,closed,none,Low | price | No alcohol | Familiar,0,1,1,1,matches stated budget
U1058,135050,1,0,0,0,22.205802,-100.986081,FALSE,abstemious,formal,family,public,single,independent,1991,variety,hard-worker,Catholic,student,red,74,low,1.78,21,18-24,23.355636914530994,healthy,1,S1: Quieter mixed students,Restaurante la Estrella de Dima,Soledad,SLP,Wine-Beer,Wine or beer,none,informal,no_accessibility,high,3,familiar,FALSE,closed,none,High | price | Wine or beer | Familiar,0,1,1,0,above stated budget
U1058,132872,2,2,1,1,22.205802,-100.986081,FALSE,abstemious,formal,family,public,single,independent,1991,variety,hard-worker,Catholic,student,red,74,low,1.78,21,18-24,23.355636914530994,healthy,1,S1: Quieter mixed students,Pizzeria Julios,s.l.p,mexico,No_Alcohol_Served,No alcohol,not permitted,informal,partially,medium,2,familiar,FALSE,closed,none,Medium | price | No alcohol | Familiar,0,1,1,0,above stated budget
U1058,135066,1,1,1,0,22.205802,-100.986081,FALSE,abstemious,formal,family,public,single,independent,1991,variety,hard-worker,Catholic,student,red,74,low,1.78,21,18-24,23.355636914530994,healthy,1,S1: Quieter mixed students,Restaurante Guerra,San Luis Potosi,SLP,Wine-Beer,Wine or beer,section,informal,no_accessibility,high,3,familiar,FALSE,closed,none,High | price | Wine or beer | Familiar,0,1,1,0,above stated budget
U1002,132921,2,1,1,1,22.150087,-100.983325,FALSE,abstemious,informal,family,public,single,independent,1990,technology,hunter-ostentatious,Catholic,student,red,40,low,1.87,22,18-24,11.438702851096684,underweight,1,S1: Quieter mixed students,crudalia,NA,NA,Wine-Beer,Wine or beer,section,casual,completely,low,1,quiet,FALSE,open,none,Low | price | Wine or beer | Quiet,0,1,1,1,matches stated budget
U1002,135062,1,2,1,0,22.150087,-100.983325,FALSE,abstemious,informal,family,public,single,independent,1990,technology,hunter-ostentatious,Catholic,student,red,40,low,1.87,22,18-24,11.438702851096684,underweight,1,S1: Quieter mixed students,Restaurante El Cielo Potosino,San Luis Potosi,SLP,No_Alcohol_Served,No alcohol,none,informal,no_accessibility,medium,2,familiar,FALSE,closed,none,Medium | price | No alcohol | Familiar,0,1,1,0,above stated budget
U1002,135106,1,1,1,0,22.150087,-100.983325,FALSE,abstemious,informal,family,public,single,independent,1990,technology,hunter-ostentatious,Catholic,student,red,40,low,1.87,22,18-24,11.438702851096684,underweight,1,S1: Quieter mixed students,El Rincón de San Francisco,San Luis Potosi,San Luis Potosi,Wine-Beer,Wine or beer,only at bar,informal,partially,medium,2,familiar,FALSE,open,none,Medium | price | Wine or beer | Familiar,1,1,1,0,above stated budget
U1002,132825,2,2,0,1,22.150087,-100.983325,FALSE,abstemious,informal,family,public,single,independent,1990,technology,hunter-ostentatious,Catholic,student,red,40,low,1.87,22,18-24,11.438702851096684,underweight,1,S1: Quieter mixed students,puesto de tacos,s.l.p.,s.l.p.,No_Alcohol_Served,No alcohol,none,informal,completely,low,1,familiar,FALSE,open,none,Low | price | No alcohol | Familiar,1,1,1,1,matches stated budget
U1002,135052,1,1,1,0,22.150087,-100.983325,FALSE,abstemious,informal,family,public,single,independent,1990,technology,hunter-ostentatious,Catholic,student,red,40,low,1.87,22,18-24,11.438702851096684,underweight,1,S1: Quieter mixed students,La Cantina Restaurante,San Luis Potosi,SLP,Full_Bar,Full bar,none,informal,no_accessibility,high,3,familiar,FALSE,closed,none,High | price | Full bar | Familiar,0,1,1,0,above stated budget
U1002,132862,2,2,2,1,22.150087,-100.983325,FALSE,abstemious,informal,family,public,single,independent,1990,technology,hunter-ostentatious,Catholic,student,red,40,low,1.87,22,18-24,11.438702851096684,underweight,1,S1: Quieter mixed students,La Posada del Virrey,San Luis Potosi,San Luis Potosi,Wine-Beer,Wine or beer,none,casual,completely,high,3,familiar,FALSE,closed,none,High | price | Wine or beer | Familiar,0,1,1,0,above stated budget
U1096,132875,2,2,2,1,22.1455,-100.939593,FALSE,abstemious,formal,family,public,single,independent,1990,eco-friendly,hard-worker,Catholic,student,black,40,medium,1.2,22,18-24,27.77777777777778,overweight,1,S1: Quieter mixed students,shi ro ie,NA,NA,Wine-Beer,Wine or beer,section,informal,no_accessibility,high,3,familiar,TRUE,open,Internet,High | price | Wine or beer | Familiar,0,1,2,0,above stated budget
U1002,135059,1,2,1,0,22.150087,-100.983325,FALSE,abstemious,informal,family,public,single,independent,1990,technology,hunter-ostentatious,Catholic,student,red,40,low,1.87,22,18-24,11.438702851096684,underweight,1,S1: Quieter mixed students,Restaurant Bar Hacienda los Martinez,San Luis Potosi,SLP,Wine-Beer,Wine or beer,section,informal,no_accessibility,medium,2,familiar,FALSE,closed,none,Medium | price | Wine or beer | Familiar,0,1,1,0,above stated budget
U1002,135041,2,1,0,1,22.150087,-100.983325,FALSE,abstemious,informal,family,public,single,independent,1990,technology,hunter-ostentatious,Catholic,student,red,40,low,1.87,22,18-24,11.438702851096684,underweight,1,S1: Quieter mixed students,Luna Cafe,San Luis Potosi,SLP,Wine-Beer,Wine or beer,none,informal,no_accessibility,medium,2,familiar,FALSE,closed,none,Medium | price | Wine or beer | Familiar,0,1,1,0,above stated budget
U1002,132925,1,1,2,0,22.150087,-100.983325,FALSE,abstemious,informal,family,public,single,independent,1990,technology,hunter-ostentatious,Catholic,student,red,40,low,1.87,22,18-24,11.438702851096684,underweight,1,S1: Quieter mixed students,el pueblito,NA,NA,Wine-Beer,Wine or beer,not permitted,informal,completely,medium,2,familiar,FALSE,closed,none,Medium | price | Wine or beer | Familiar,1,1,1,0,above stated budget
U1002,135085,1,1,1,0,22.150087,-100.983325,FALSE,abstemious,informal,family,public,single,independent,1990,technology,hunter-ostentatious,Catholic,student,red,40,low,1.87,22,18-24,11.438702851096684,underweight,1,S1: Quieter mixed students,Tortas Locas Hipocampo,San Luis Potosi,SLP,No_Alcohol_Served,No alcohol,not permitted,informal,no_accessibility,medium,2,familiar,FALSE,closed,none,Medium | price | No alcohol | Familiar,0,1,1,0,above stated budget
U1096,135025,2,2,2,1,22.1455,-100.939593,FALSE,abstemious,formal,family,public,single,independent,1990,eco-friendly,hard-worker,Catholic,student,black,40,medium,1.2,22,18-24,27.77777777777778,overweight,1,S1: Quieter mixed students,El Rincon de San Francisco,San Luis Potosi,SLP,No_Alcohol_Served,No alcohol,none,informal,no_accessibility,medium,2,familiar,FALSE,closed,none,Medium | price | No alcohol | Familiar,1,1,2,1,matches stated budget
U1096,135072,1,2,1,0,22.1455,-100.939593,FALSE,abstemious,formal,family,public,single,independent,1990,eco-friendly,hard-worker,Catholic,student,black,40,medium,1.2,22,18-24,27.77777777777778,overweight,1,S1: Quieter mixed students,Sushi Itto,San Luis Potosi,SLP,No_Alcohol_Served,No alcohol,none,informal,no_accessibility,medium,2,familiar,FALSE,closed,none,Medium | price | No alcohol | Familiar,0,1,2,1,matches stated budget
U1096,135064,1,1,0,0,22.1455,-100.939593,FALSE,abstemious,formal,family,public,single,independent,1990,eco-friendly,hard-worker,Catholic,student,black,40,medium,1.2,22,18-24,27.77777777777778,overweight,1,S1: Quieter mixed students,Restaurante El Chivero S.A. de C.V.,San Luis Potosi,SLP,No_Alcohol_Served,No alcohol,none,informal,no_accessibility,high,3,familiar,FALSE,closed,none,High | price | No alcohol | Familiar,0,1,2,0,above stated budget
U1096,135086,1,0,2,0,22.1455,-100.939593,FALSE,abstemious,formal,family,public,single,independent,1990,eco-friendly,hard-worker,Catholic,student,black,40,medium,1.2,22,18-24,27.77777777777778,overweight,1,S1: Quieter mixed students,Mcdonalds Parque Tangamanga,San Luis Potosi,SLP,No_Alcohol_Served,No alcohol,not permitted,informal,no_accessibility,medium,2,familiar,TRUE,closed,none,Medium | price | No alcohol | Familiar,0,1,2,1,matches stated budget
U1096,135055,2,2,2,1,22.1455,-100.939593,FALSE,abstemious,formal,family,public,single,independent,1990,eco-friendly,hard-worker,Catholic,student,black,40,medium,1.2,22,18-24,27.77777777777778,overweight,1,S1: Quieter mixed students,la Cochinita Pibil Restaurante Yucateco,San Luis Potosi,SLP,No_Alcohol_Served,No alcohol,section,informal,no_accessibility,high,3,familiar,FALSE,closed,none,High | price | No alcohol | Familiar,1,1,2,0,above stated budget
U1136,135074,1,1,2,0,22.149607,-100.997235,TRUE,social drinker,no preference,friends,car owner,single,independent,1990,retro,thrifty-protector,Catholic,student,black,50,low,1.6,22,18-24,19.531249999999996,healthy,2,S2: Mobile social students,Restaurante la Parroquia Potosina,San Luis Potosi,SLP,Wine-Beer,Wine or beer,section,informal,no_accessibility,high,3,familiar,FALSE,closed,none,High | price | Wine or beer | Familiar,0,1,1,0,above stated budget
U1096,135026,2,2,2,1,22.1455,-100.939593,FALSE,abstemious,formal,family,public,single,independent,1990,eco-friendly,hard-worker,Catholic,student,black,40,medium,1.2,22,18-24,27.77777777777778,overweight,1,S1: Quieter mixed students,la Cantina,San Luis Potosi,SLP,Full_Bar,Full bar,none,informal,no_accessibility,high,3,familiar,FALSE,closed,none,High | price | Full bar | Familiar,0,0,2,0,above stated budget
U1136,132862,2,2,2,1,22.149607,-100.997235,TRUE,social drinker,no preference,friends,car owner,single,independent,1990,retro,thrifty-protector,Catholic,student,black,50,low,1.6,22,18-24,19.531249999999996,healthy,2,S2: Mobile social students,La Posada del Virrey,San Luis Potosi,San Luis Potosi,Wine-Beer,Wine or beer,none,casual,completely,high,3,familiar,FALSE,closed,none,High | price | Wine or beer | Familiar,0,1,1,0,above stated budget
U1096,132955,2,2,2,1,22.1455,-100.939593,FALSE,abstemious,formal,family,public,single,independent,1990,eco-friendly,hard-worker,Catholic,student,black,40,medium,1.2,22,18-24,27.77777777777778,overweight,1,S1: Quieter mixed students,emilianos,san luis potos,mexico,Wine-Beer,Wine or beer,none,informal,completely,low,1,familiar,TRUE,closed,variety,Low | price | Wine or beer | Familiar,0,1,2,1,below stated budget
U1136,132921,2,2,2,1,22.149607,-100.997235,TRUE,social drinker,no preference,friends,car owner,single,independent,1990,retro,thrifty-protector,Catholic,student,black,50,low,1.6,22,18-24,19.531249999999996,healthy,2,S2: Mobile social students,crudalia,NA,NA,Wine-Beer,Wine or beer,section,casual,completely,low,1,quiet,FALSE,open,none,Low | price | Wine or beer | Quiet,0,1,1,1,matches stated budget
U1136,135072,1,1,1,0,22.149607,-100.997235,TRUE,social drinker,no preference,friends,car owner,single,independent,1990,retro,thrifty-protector,Catholic,student,black,50,low,1.6,22,18-24,19.531249999999996,healthy,2,S2: Mobile social students,Sushi Itto,San Luis Potosi,SLP,No_Alcohol_Served,No alcohol,none,informal,no_accessibility,medium,2,familiar,FALSE,closed,none,Medium | price | No alcohol | Familiar,0,1,1,0,above stated budget
U1096,132723,1,2,1,0,22.1455,-100.939593,FALSE,abstemious,formal,family,public,single,independent,1990,eco-friendly,hard-worker,Catholic,student,black,40,medium,1.2,22,18-24,27.77777777777778,overweight,1,S1: Quieter mixed students,Gordas de morales,NA,San Luis Potosi,Full_Bar,Full bar,section,informal,completely,medium,2,familiar,FALSE,closed,none,Medium | price | Full bar | Familiar,1,1,2,1,matches stated budget
U1136,135055,2,2,2,1,22.149607,-100.997235,TRUE,social drinker,no preference,friends,car owner,single,independent,1990,retro,thrifty-protector,Catholic,student,black,50,low,1.6,22,18-24,19.531249999999996,healthy,2,S2: Mobile social students,la Cochinita Pibil Restaurante Yucateco,San Luis Potosi,SLP,No_Alcohol_Served,No alcohol,section,informal,no_accessibility,high,3,familiar,FALSE,closed,none,High | price | No alcohol | Familiar,1,1,1,0,above stated budget
U1136,135064,1,1,1,0,22.149607,-100.997235,TRUE,social drinker,no preference,friends,car owner,single,independent,1990,retro,thrifty-protector,Catholic,student,black,50,low,1.6,22,18-24,19.531249999999996,healthy,2,S2: Mobile social students,Restaurante El Chivero S.A. de C.V.,San Luis Potosi,SLP,No_Alcohol_Served,No alcohol,none,informal,no_accessibility,high,3,familiar,FALSE,closed,none,High | price | No alcohol | Familiar,0,1,1,0,above stated budget
U1096,132958,1,2,2,0,22.1455,-100.939593,FALSE,abstemious,formal,family,public,single,independent,1990,eco-friendly,hard-worker,Catholic,student,black,40,medium,1.2,22,18-24,27.77777777777778,overweight,1,S1: Quieter mixed students,tacos los volcanes,san luis potosi,san luis potos,No_Alcohol_Served,No alcohol,none,informal,completely,low,1,quiet,TRUE,closed,none,Low | price | No alcohol | Quiet,0,1,2,1,below stated budget
U1096,135075,1,2,1,0,22.1455,-100.939593,FALSE,abstemious,formal,family,public,single,independent,1990,eco-friendly,hard-worker,Catholic,student,black,40,medium,1.2,22,18-24,27.77777777777778,overweight,1,S1: Quieter mixed students,Mariscos El Pescador,San Luis Potosi,SLP,No_Alcohol_Served,No alcohol,none,informal,no_accessibility,medium,2,familiar,FALSE,closed,none,Medium | price | No alcohol | Familiar,0,1,2,1,matches stated budget
U1136,132958,2,2,2,1,22.149607,-100.997235,TRUE,social drinker,no preference,friends,car owner,single,independent,1990,retro,thrifty-protector,Catholic,student,black,50,low,1.6,22,18-24,19.531249999999996,healthy,2,S2: Mobile social students,tacos los volcanes,san luis potosi,san luis potos,No_Alcohol_Served,No alcohol,none,informal,completely,low,1,quiet,TRUE,closed,none,Low | price | No alcohol | Quiet,0,1,1,1,matches stated budget
U1136,135048,1,2,2,0,22.149607,-100.997235,TRUE,social drinker,no preference,friends,car owner,single,independent,1990,retro,thrifty-protector,Catholic,student,black,50,low,1.6,22,18-24,19.531249999999996,healthy,2,S2: Mobile social students,Restaurante Bar Fu-hao,San Luis Potosi,SLP,Wine-Beer,Wine or beer,none,informal,no_accessibility,high,3,familiar,FALSE,closed,none,High | price | Wine or beer | Familiar,0,1,1,0,above stated budget
U1136,135046,2,2,2,1,22.149607,-100.997235,TRUE,social drinker,no preference,friends,car owner,single,independent,1990,retro,thrifty-protector,Catholic,student,black,50,low,1.6,22,18-24,19.531249999999996,healthy,2,S2: Mobile social students,Restaurante El Reyecito,San Luis Potosi,SLP,No_Alcohol_Served,No alcohol,none,informal,no_accessibility,medium,2,familiar,FALSE,closed,none,Medium | price | No alcohol | Familiar,0,1,1,0,above stated budget
U1136,135028,2,2,2,1,22.149607,-100.997235,TRUE,social drinker,no preference,friends,car owner,single,independent,1990,retro,thrifty-protector,Catholic,student,black,50,low,1.6,22,18-24,19.531249999999996,healthy,2,S2: Mobile social students,La Virreina,San Luis Potosi,SLP,Wine-Beer,Wine or beer,none,informal,no_accessibility,medium,2,familiar,FALSE,closed,none,Medium | price | Wine or beer | Familiar,1,1,1,0,above stated budget
U1097,135086,2,0,1,1,22.145471,-100.939588,FALSE,abstemious,formal,family,public,single,independent,1990,variety,hard-worker,Catholic,student,black,58,medium,1.64,22,18-24,21.564544913741823,healthy,1,S1: Quieter mixed students,Mcdonalds Parque Tangamanga,San Luis Potosi,SLP,No_Alcohol_Served,No alcohol,not permitted,informal,no_accessibility,medium,2,familiar,TRUE,closed,none,Medium | price | No alcohol | Familiar,0,1,2,1,matches stated budget
U1097,135053,2,2,2,1,22.145471,-100.939588,FALSE,abstemious,formal,family,public,single,independent,1990,variety,hard-worker,Catholic,student,black,58,medium,1.64,22,18-24,21.564544913741823,healthy,1,S1: Quieter mixed students,La Fontana Pizza Restaurante and Cafe,San Luis Potosi,SLP,No_Alcohol_Served,No alcohol,section,informal,no_accessibility,high,3,familiar,FALSE,closed,none,High | price | No alcohol | Familiar,0,1,2,0,above stated budget
U1097,132861,2,2,1,1,22.145471,-100.939588,FALSE,abstemious,formal,family,public,single,independent,1990,variety,hard-worker,Catholic,student,black,58,medium,1.64,22,18-24,21.564544913741823,healthy,1,S1: Quieter mixed students,Carls Jr,San Luis Potosi,San Luis Potosi,No_Alcohol_Served,No alcohol,not permitted,informal,completely,medium,2,familiar,TRUE,closed,none,Medium | price | No alcohol | Familiar,0,1,2,1,matches stated budget
U1058,135062,2,2,2,1,22.205802,-100.986081,FALSE,abstemious,formal,family,public,single,independent,1991,variety,hard-worker,Catholic,student,red,74,low,1.78,21,18-24,23.355636914530994,healthy,1,S1: Quieter mixed students,Restaurante El Cielo Potosino,San Luis Potosi,SLP,No_Alcohol_Served,No alcohol,none,informal,no_accessibility,medium,2,familiar,FALSE,closed,none,Medium | price | No alcohol | Familiar,0,1,1,0,above stated budget
U1058,135055,2,2,2,1,22.205802,-100.986081,FALSE,abstemious,formal,family,public,single,independent,1991,variety,hard-worker,Catholic,student,red,74,low,1.78,21,18-24,23.355636914530994,healthy,1,S1: Quieter mixed students,la Cochinita Pibil Restaurante Yucateco,San Luis Potosi,SLP,No_Alcohol_Served,No alcohol,section,informal,no_accessibility,high,3,familiar,FALSE,closed,none,High | price | No alcohol | Familiar,0,1,1,0,above stated budget
U1010,135053,1,1,1,0,22.190889,-100.998669,FALSE,social drinker,no preference,friends,car owner,married,kids,1987,technology,hard-worker,none,student,green,40,medium,1.67,25,25-34,14.342572340349243,underweight,2,S2: Mobile social students,La Fontana Pizza Restaurante and Cafe,San Luis Potosi,SLP,No_Alcohol_Served,No alcohol,section,informal,no_accessibility,high,3,familiar,FALSE,closed,none,High | price | No alcohol | Familiar,0,1,2,0,above stated budget
U1010,135058,1,0,0,0,22.190889,-100.998669,FALSE,social drinker,no preference,friends,car owner,married,kids,1987,technology,hard-worker,none,student,green,40,medium,1.67,25,25-34,14.342572340349243,underweight,2,S2: Mobile social students,Restaurante Tiberius,San Luis Potosi,SLP,No_Alcohol_Served,No alcohol,none,informal,no_accessibility,medium,2,familiar,TRUE,closed,none,Medium | price | No alcohol | Familiar,0,1,2,1,matches stated budget
U1010,135079,0,0,0,0,22.190889,-100.998669,FALSE,social drinker,no preference,friends,car owner,married,kids,1987,technology,hard-worker,none,student,green,40,medium,1.67,25,25-34,14.342572340349243,underweight,2,S2: Mobile social students,Koye Sushi,San Luis Potosi,SLP,No_Alcohol_Served,No alcohol,none,informal,no_accessibility,high,3,familiar,FALSE,closed,none,High | price | No alcohol | Familiar,0,1,2,0,above stated budget
U1003,135059,2,2,2,1,22.119847,-100.946527,FALSE,social drinker,formal,family,public,single,independent,1989,none,hard-worker,Catholic,student,blue,60,low,1.69,23,18-24,21.007667798746546,healthy,1,S1: Quieter mixed students,Restaurant Bar Hacienda los Martinez,San Luis Potosi,SLP,Wine-Beer,Wine or beer,section,informal,no_accessibility,medium,2,familiar,FALSE,closed,none,Medium | price | Wine or beer | Familiar,0,1,1,0,above stated budget
U1010,135064,0,2,0,0,22.190889,-100.998669,FALSE,social drinker,no preference,friends,car owner,married,kids,1987,technology,hard-worker,none,student,green,40,medium,1.67,25,25-34,14.342572340349243,underweight,2,S2: Mobile social students,Restaurante El Chivero S.A. de C.V.,San Luis Potosi,SLP,No_Alcohol_Served,No alcohol,none,informal,no_accessibility,high,3,familiar,FALSE,closed,none,High | price | No alcohol | Familiar,0,1,2,0,above stated budget
U1010,135047,1,1,1,0,22.190889,-100.998669,FALSE,social drinker,no preference,friends,car owner,married,kids,1987,technology,hard-worker,none,student,green,40,medium,1.67,25,25-34,14.342572340349243,underweight,2,S2: Mobile social students,Restaurante Casa de las Flores,San Luis Potosi,SLP,Wine-Beer,Wine or beer,section,informal,no_accessibility,high,3,familiar,FALSE,closed,none,High | price | Wine or beer | Familiar,0,1,2,0,above stated budget
U1010,135065,1,1,1,0,22.190889,-100.998669,FALSE,social drinker,no preference,friends,car owner,married,kids,1987,technology,hard-worker,none,student,green,40,medium,1.67,25,25-34,14.342572340349243,underweight,2,S2: Mobile social students,El angel Restaurante,San Luis Potosi,SLP,Wine-Beer,Wine or beer,section,informal,no_accessibility,high,3,familiar,FALSE,closed,none,High | price | Wine or beer | Familiar,0,1,2,0,above stated budget
U1102,132854,2,2,2,1,22.137131,-100.941151,FALSE,social drinker,no preference,friends,on foot,single,independent,1989,eco-friendly,conformist,none,student,black,90,low,1.78,23,18-24,28.40550435551067,overweight,2,S2: Mobile social students,Sirlone,San Luis Potosi,San Luis Potosi,Wine-Beer,Wine or beer,none,informal,completely,medium,2,familiar,FALSE,closed,none,Medium | price | Wine or beer | Familiar,0,1,1,0,above stated budget
U1102,132858,2,2,0,1,22.137131,-100.941151,FALSE,social drinker,no preference,friends,on foot,single,independent,1989,eco-friendly,conformist,none,student,black,90,low,1.78,23,18-24,28.40550435551067,overweight,2,S2: Mobile social students,Hamburguesas Valle Dorado,San Luis Potosi,San Luis Potosi,No_Alcohol_Served,No alcohol,none,informal,completely,low,1,familiar,FALSE,closed,none,Low | price | No alcohol | Familiar,0,1,1,1,matches stated budget
U1010,135042,2,2,2,1,22.190889,-100.998669,FALSE,social drinker,no preference,friends,car owner,married,kids,1987,technology,hard-worker,none,student,green,40,medium,1.67,25,25-34,14.342572340349243,underweight,2,S2: Mobile social students,Restaurant Oriental Express,San Luis Potosi,SLP,No_Alcohol_Served,No alcohol,none,informal,no_accessibility,medium,2,familiar,FALSE,closed,none,Medium | price | No alcohol | Familiar,0,1,2,1,matches stated budget
U1102,132870,2,2,0,1,22.137131,-100.941151,FALSE,social drinker,no preference,friends,on foot,single,independent,1989,eco-friendly,conformist,none,student,black,90,low,1.78,23,18-24,28.40550435551067,overweight,2,S2: Mobile social students,Tortas y hamburguesas el gordo,San Luis Potosi,San Luis Potosi,No_Alcohol_Served,No alcohol,not permitted,informal,no_accessibility,low,1,familiar,FALSE,closed,none,Low | price | No alcohol | Familiar,0,1,1,1,matches stated budget
U1010,135076,1,2,2,0,22.190889,-100.998669,FALSE,social drinker,no preference,friends,car owner,married,kids,1987,technology,hard-worker,none,student,green,40,medium,1.67,25,25-34,14.342572340349243,underweight,2,S2: Mobile social students,Restaurante Pueblo Bonito,San Luis Potosi,SLP,Wine-Beer,Wine or beer,none,informal,no_accessibility,high,3,familiar,FALSE,closed,none,High | price | Wine or beer | Familiar,0,1,2,0,above stated budget
U1102,132847,2,2,0,1,22.137131,-100.941151,FALSE,social drinker,no preference,friends,on foot,single,independent,1989,eco-friendly,conformist,none,student,black,90,low,1.78,23,18-24,28.40550435551067,overweight,2,S2: Mobile social students,don burguers,slp,slp,No_Alcohol_Served,No alcohol,none,informal,no_accessibility,low,1,familiar,FALSE,open,none,Low | price | No alcohol | Familiar,0,1,1,1,matches stated budget
U1013,132951,2,2,2,1,22.174624,-100.993873,FALSE,abstemious,no preference,friends,public,widow,independent,1982,retro,thrifty-protector,none,professional,blue,80,medium,1.75,30,25-34,26.122448979591837,overweight,1,S1: Quieter mixed students,VIPS,San Luis Potosi,San Luis Potosi,No_Alcohol_Served,No alcohol,not permitted,casual,completely,low,1,familiar,FALSE,closed,none,Low | price | No alcohol | Familiar,0,1,2,1,below stated budget
U1013,135060,1,1,0,0,22.174624,-100.993873,FALSE,abstemious,no preference,friends,public,widow,independent,1982,retro,thrifty-protector,none,professional,blue,80,medium,1.75,30,25-34,26.122448979591837,overweight,1,S1: Quieter mixed students,Restaurante Marisco Sam,San Luis Potosi,SLP,No_Alcohol_Served,No alcohol,none,informal,no_accessibility,medium,2,familiar,FALSE,closed,none,Medium | price | No alcohol | Familiar,0,1,2,1,matches stated budget
U1028,132732,1,1,1,0,23.752874,-99.169242,FALSE,abstemious,no preference,family,public,single,independent,1989,variety,hard-worker,Christian,student,blue,77,medium,1.63,23,18-24,28.981143437841094,overweight,1,S1: Quieter mixed students,Taqueria EL amigo,Cd Victoria,Tamaulipas,No_Alcohol_Served,No alcohol,none,casual,completely,low,1,familiar,FALSE,open,none,Low | price | No alcohol | Familiar,1,1,2,1,below stated budget
U1028,132733,1,1,1,0,23.752874,-99.169242,FALSE,abstemious,no preference,family,public,single,independent,1989,variety,hard-worker,Christian,student,blue,77,medium,1.63,23,18-24,28.981143437841094,overweight,1,S1: Quieter mixed students,Little Cesarz,Ciudad Victoria,Tamaulipas,No_Alcohol_Served,No alcohol,not permitted,informal,completely,medium,2,familiar,TRUE,closed,none,Medium | price | No alcohol | Familiar,0,1,2,1,matches stated budget
U1028,135104,0,1,0,0,23.752874,-99.169242,FALSE,abstemious,no preference,family,public,single,independent,1989,variety,hard-worker,Christian,student,blue,77,medium,1.63,23,18-24,28.981143437841094,overweight,1,S1: Quieter mixed students,vips,NA,NA,Full_Bar,Full bar,not permitted,informal,completely,medium,2,familiar,TRUE,closed,variety,Medium | price | Full bar | Familiar,1,1,2,1,matches stated budget
U1050,132732,0,1,1,0,23.758815,-99.171216,FALSE,social drinker,no preference,family,car owner,single,independent,1989,variety,hard-worker,none,student,green,73,medium,1.71,23,18-24,24.96494647925858,healthy,2,S2: Mobile social students,Taqueria EL amigo,Cd Victoria,Tamaulipas,No_Alcohol_Served,No alcohol,none,casual,completely,low,1,familiar,FALSE,open,none,Low | price | No alcohol | Familiar,1,1,2,1,below stated budget
U1050,132609,0,0,0,0,23.758815,-99.171216,FALSE,social drinker,no preference,family,car owner,single,independent,1989,variety,hard-worker,none,student,green,73,medium,1.71,23,18-24,24.96494647925858,healthy,2,S2: Mobile social students,Pollo_Frito_Buenos_Aires,victoria,Tamaulipas,No_Alcohol_Served,No alcohol,not permitted,informal,completely,low,1,quiet,TRUE,closed,none,Low | price | No alcohol | Quiet,0,1,2,1,below stated budget
U1050,132608,0,0,0,0,23.758815,-99.171216,FALSE,social drinker,no preference,family,car owner,single,independent,1989,variety,hard-worker,none,student,green,73,medium,1.71,23,18-24,24.96494647925858,healthy,2,S2: Mobile social students,Hamburguesas La perica,victoria,Tamaulipas,No_Alcohol_Served,No alcohol,permitted,informal,completely,low,1,quiet,TRUE,open,none,Low | price | No alcohol | Quiet,1,1,2,1,below stated budget
U1050,132560,0,2,0,0,23.758815,-99.171216,FALSE,social drinker,no preference,family,car owner,single,independent,1989,variety,hard-worker,none,student,green,73,medium,1.71,23,18-24,24.96494647925858,healthy,2,S2: Mobile social students,puesto de gorditas,victoria,tamaulipas,No_Alcohol_Served,No alcohol,permitted,informal,no_accessibility,low,1,familiar,FALSE,open,none,Low | price | No alcohol | Familiar,0,1,2,1,below stated budget
U1050,132740,0,2,0,0,23.758815,-99.171216,FALSE,social drinker,no preference,family,car owner,single,independent,1989,variety,hard-worker,none,student,green,73,medium,1.71,23,18-24,24.96494647925858,healthy,2,S2: Mobile social students,Carreton de Flautas y Migadas,Ciudad Victoria,Tamaulipas,No_Alcohol_Served,No alcohol,permitted,informal,completely,low,1,familiar,FALSE,open,none,Low | price | No alcohol | Familiar,1,1,2,1,below stated budget
U1050,132594,0,2,0,0,23.758815,-99.171216,FALSE,social drinker,no preference,family,car owner,single,independent,1989,variety,hard-worker,none,student,green,73,medium,1.71,23,18-24,24.96494647925858,healthy,2,S2: Mobile social students,tacos de barbacoa enfrente del Tec,NA,NA,No_Alcohol_Served,No alcohol,not permitted,informal,completely,low,1,familiar,FALSE,open,none,Low | price | No alcohol | Familiar,1,1,2,1,below stated budget
U1050,132584,0,0,0,0,23.758815,-99.171216,FALSE,social drinker,no preference,family,car owner,single,independent,1989,variety,hard-worker,none,student,green,73,medium,1.71,23,18-24,24.96494647925858,healthy,2,S2: Mobile social students,Gorditas Dona Tota,NA,NA,No_Alcohol_Served,No alcohol,not permitted,informal,completely,medium,2,familiar,TRUE,closed,none,Medium | price | No alcohol | Familiar,1,1,2,1,matches stated budget
U1028,132740,1,1,1,0,23.752874,-99.169242,FALSE,abstemious,no preference,family,public,single,independent,1989,variety,hard-worker,Christian,student,blue,77,medium,1.63,23,18-24,28.981143437841094,overweight,1,S1: Quieter mixed students,Carreton de Flautas y Migadas,Ciudad Victoria,Tamaulipas,No_Alcohol_Served,No alcohol,permitted,informal,completely,low,1,familiar,FALSE,open,none,Low | price | No alcohol | Familiar,1,1,2,1,below stated budget
U1129,132706,0,0,1,0,23.728798,-99.134047,FALSE,casual drinker,no preference,friends,public,single,independent,1989,variety,thrifty-protector,none,student,purple,69,low,1.69,23,18-24,24.158817968558527,healthy,1,S1: Quieter mixed students,Gorditas Dona Tota,Cd. Victoria,Tamaulipas,No_Alcohol_Served,No alcohol,not permitted,informal,no_accessibility,medium,2,familiar,TRUE,closed,none,Medium | price | No alcohol | Familiar,1,1,1,0,above stated budget
U1129,132654,0,0,0,0,23.728798,-99.134047,FALSE,casual drinker,no preference,friends,public,single,independent,1989,variety,thrifty-protector,none,student,purple,69,low,1.69,23,18-24,24.158817968558527,healthy,1,S1: Quieter mixed students,Carnitas Mata  Calle 16 de Septiembre,victoria,tamaulipas,No_Alcohol_Served,No alcohol,none,informal,completely,low,1,familiar,FALSE,closed,none,Low | price | No alcohol | Familiar,0,0,1,1,matches stated budget
U1028,132630,2,2,2,1,23.752874,-99.169242,FALSE,abstemious,no preference,family,public,single,independent,1989,variety,hard-worker,Christian,student,blue,77,medium,1.63,23,18-24,28.981143437841094,overweight,1,S1: Quieter mixed students,palomo tec,victoria,tamaulipas,No_Alcohol_Served,No alcohol,none,informal,completely,low,1,familiar,FALSE,closed,none,Low | price | No alcohol | Familiar,1,0,2,1,below stated budget
U1028,132663,0,0,0,0,23.752874,-99.169242,FALSE,abstemious,no preference,family,public,single,independent,1989,variety,hard-worker,Christian,student,blue,77,medium,1.63,23,18-24,28.981143437841094,overweight,1,S1: Quieter mixed students,tacos abi,victoria,tamaulipas,No_Alcohol_Served,No alcohol,none,informal,completely,low,1,familiar,FALSE,closed,none,Low | price | No alcohol | Familiar,1,0,2,1,below stated budget
U1028,132613,2,2,2,1,23.752874,-99.169242,FALSE,abstemious,no preference,family,public,single,independent,1989,variety,hard-worker,Christian,student,blue,77,medium,1.63,23,18-24,28.981143437841094,overweight,1,S1: Quieter mixed students,carnitas_mata,victoria,Tamaulipas,No_Alcohol_Served,No alcohol,permitted,informal,completely,medium,2,familiar,TRUE,closed,none,Medium | price | No alcohol | Familiar,1,1,2,1,matches stated budget
U1087,132667,2,2,1,1,23.753336,-99.167984,FALSE,abstemious,no preference,solitary,public,single,independent,1989,variety,thrifty-protector,Catholic,student,black,53,medium,1.55,23,18-24,22.060353798126947,healthy,1,S1: Quieter mixed students,little pizza Emilio Portes Gil,victoria,tamaulipas,No_Alcohol_Served,No alcohol,none,informal,completely,low,1,familiar,TRUE,closed,none,Low | price | No alcohol | Familiar,0,1,2,1,below stated budget
U1087,135104,1,2,1,0,23.753336,-99.167984,FALSE,abstemious,no preference,solitary,public,single,independent,1989,variety,thrifty-protector,Catholic,student,black,53,medium,1.55,23,18-24,22.060353798126947,healthy,1,S1: Quieter mixed students,vips,NA,NA,Full_Bar,Full bar,not permitted,informal,completely,medium,2,familiar,TRUE,closed,variety,Medium | price | Full bar | Familiar,0,1,2,1,matches stated budget
U1087,132660,1,1,0,0,23.753336,-99.167984,FALSE,abstemious,no preference,solitary,public,single,independent,1989,variety,thrifty-protector,Catholic,student,black,53,medium,1.55,23,18-24,22.060353798126947,healthy,1,S1: Quieter mixed students,carnitas mata calle Emilio Portes Gil,victoria,tamaulipas,No_Alcohol_Served,No alcohol,none,informal,completely,low,1,familiar,FALSE,closed,none,Low | price | No alcohol | Familiar,0,0,2,1,below stated budget
U1087,132732,2,2,1,1,23.753336,-99.167984,FALSE,abstemious,no preference,solitary,public,single,independent,1989,variety,thrifty-protector,Catholic,student,black,53,medium,1.55,23,18-24,22.060353798126947,healthy,1,S1: Quieter mixed students,Taqueria EL amigo,Cd Victoria,Tamaulipas,No_Alcohol_Served,No alcohol,none,casual,completely,low,1,familiar,FALSE,open,none,Low | price | No alcohol | Familiar,0,1,2,1,below stated budget
U1087,132740,1,2,1,0,23.753336,-99.167984,FALSE,abstemious,no preference,solitary,public,single,independent,1989,variety,thrifty-protector,Catholic,student,black,53,medium,1.55,23,18-24,22.060353798126947,healthy,1,S1: Quieter mixed students,Carreton de Flautas y Migadas,Ciudad Victoria,Tamaulipas,No_Alcohol_Served,No alcohol,permitted,informal,completely,low,1,familiar,FALSE,open,none,Low | price | No alcohol | Familiar,0,1,2,1,below stated budget
U1087,132560,1,2,1,0,23.753336,-99.167984,FALSE,abstemious,no preference,solitary,public,single,independent,1989,variety,thrifty-protector,Catholic,student,black,53,medium,1.55,23,18-24,22.060353798126947,healthy,1,S1: Quieter mixed students,puesto de gorditas,victoria,tamaulipas,No_Alcohol_Served,No alcohol,permitted,informal,no_accessibility,low,1,familiar,FALSE,open,none,Low | price | No alcohol | Familiar,0,1,2,1,below stated budget
U1087,132594,1,2,1,0,23.753336,-99.167984,FALSE,abstemious,no preference,solitary,public,single,independent,1989,variety,thrifty-protector,Catholic,student,black,53,medium,1.55,23,18-24,22.060353798126947,healthy,1,S1: Quieter mixed students,tacos de barbacoa enfrente del Tec,NA,NA,No_Alcohol_Served,No alcohol,not permitted,informal,completely,low,1,familiar,FALSE,open,none,Low | price | No alcohol | Familiar,0,1,2,1,below stated budget
U1087,132663,1,2,1,0,23.753336,-99.167984,FALSE,abstemious,no preference,solitary,public,single,independent,1989,variety,thrifty-protector,Catholic,student,black,53,medium,1.55,23,18-24,22.060353798126947,healthy,1,S1: Quieter mixed students,tacos abi,victoria,tamaulipas,No_Alcohol_Served,No alcohol,none,informal,completely,low,1,familiar,FALSE,closed,none,Low | price | No alcohol | Familiar,0,0,2,1,below stated budget
U1065,132626,1,0,1,0,23.733665,-99.105617,FALSE,abstemious,formal,friends,public,single,independent,1989,technology,conformist,Catholic,student,green,55,medium,1.72,23,18-24,18.591130340724717,healthy,3,S3: Tech-focused students,la perica hamburguesa,victoria,tamaulipas,No_Alcohol_Served,No alcohol,none,informal,completely,medium,2,familiar,TRUE,closed,none,Medium | price | No alcohol | Familiar,0,1,2,1,matches stated budget
U1065,132706,2,1,2,1,23.733665,-99.105617,FALSE,abstemious,formal,friends,public,single,independent,1989,technology,conformist,Catholic,student,green,55,medium,1.72,23,18-24,18.591130340724717,healthy,3,S3: Tech-focused students,Gorditas Dona Tota,Cd. Victoria,Tamaulipas,No_Alcohol_Served,No alcohol,not permitted,informal,no_accessibility,medium,2,familiar,TRUE,closed,none,Medium | price | No alcohol | Familiar,1,1,2,1,matches stated budget
U1129,132561,1,2,2,0,23.728798,-99.134047,FALSE,casual drinker,no preference,friends,public,single,independent,1989,variety,thrifty-protector,none,student,purple,69,low,1.69,23,18-24,24.158817968558527,healthy,1,S1: Quieter mixed students,cafe ambar,NA,NA,No_Alcohol_Served,No alcohol,none,informal,completely,low,1,familiar,FALSE,closed,none,Low | price | No alcohol | Familiar,0,0,1,1,matches stated budget
U1065,132665,1,1,1,0,23.733665,-99.105617,FALSE,abstemious,formal,friends,public,single,independent,1989,technology,conformist,Catholic,student,green,55,medium,1.72,23,18-24,18.591130340724717,healthy,3,S3: Tech-focused students,TACOS CORRECAMINOS,victoria,tamaulipas,No_Alcohol_Served,No alcohol,none,informal,completely,low,1,familiar,FALSE,closed,none,Low | price | No alcohol | Familiar,1,0,2,1,below stated budget
U1129,132665,0,0,0,0,23.728798,-99.134047,FALSE,casual drinker,no preference,friends,public,single,independent,1989,variety,thrifty-protector,none,student,purple,69,low,1.69,23,18-24,24.158817968558527,healthy,1,S1: Quieter mixed students,TACOS CORRECAMINOS,victoria,tamaulipas,No_Alcohol_Served,No alcohol,none,informal,completely,low,1,familiar,FALSE,closed,none,Low | price | No alcohol | Familiar,1,0,1,1,matches stated budget
U1065,132561,1,1,1,0,23.733665,-99.105617,FALSE,abstemious,formal,friends,public,single,independent,1989,technology,conformist,Catholic,student,green,55,medium,1.72,23,18-24,18.591130340724717,healthy,3,S3: Tech-focused students,cafe ambar,NA,NA,No_Alcohol_Served,No alcohol,none,informal,completely,low,1,familiar,FALSE,closed,none,Low | price | No alcohol | Familiar,0,0,2,1,below stated budget
U1039,132626,2,2,1,1,23.738067,-99.139906,FALSE,social drinker,no preference,friends,NA,single,independent,1989,none,hard-worker,none,student,yellow,83,medium,1.73,23,18-24,27.732299776136855,overweight,2,S2: Mobile social students,la perica hamburguesa,victoria,tamaulipas,No_Alcohol_Served,No alcohol,none,informal,completely,medium,2,familiar,TRUE,closed,none,Medium | price | No alcohol | Familiar,0,1,2,1,matches stated budget
U1039,132564,1,1,2,0,23.738067,-99.139906,FALSE,social drinker,no preference,friends,NA,single,independent,1989,none,hard-worker,none,student,yellow,83,medium,1.73,23,18-24,27.732299776136855,overweight,2,S2: Mobile social students,churchs,NA,NA,No_Alcohol_Served,No alcohol,none,informal,completely,low,1,familiar,FALSE,closed,none,Low | price | No alcohol | Familiar,0,0,2,1,below stated budget
U1065,132654,1,1,1,0,23.733665,-99.105617,FALSE,abstemious,formal,friends,public,single,independent,1989,technology,conformist,Catholic,student,green,55,medium,1.72,23,18-24,18.591130340724717,healthy,3,S3: Tech-focused students,Carnitas Mata  Calle 16 de Septiembre,victoria,tamaulipas,No_Alcohol_Served,No alcohol,none,informal,completely,low,1,familiar,FALSE,closed,none,Low | price | No alcohol | Familiar,0,0,2,1,below stated budget
U1039,132665,1,1,2,0,23.738067,-99.139906,FALSE,social drinker,no preference,friends,NA,single,independent,1989,none,hard-worker,none,student,yellow,83,medium,1.73,23,18-24,27.732299776136855,overweight,2,S2: Mobile social students,TACOS CORRECAMINOS,victoria,tamaulipas,No_Alcohol_Served,No alcohol,none,informal,completely,low,1,familiar,FALSE,closed,none,Low | price | No alcohol | Familiar,0,0,2,1,below stated budget
U1130,132654,0,0,0,0,23.733,-99.133,NA,abstemious,NA,NA,NA,NA,NA,1989,none,hard-worker,none,NA,yellow,40,NA,1.2,23,18-24,27.77777777777778,overweight,1,S1: Quieter mixed students,Carnitas Mata  Calle 16 de Septiembre,victoria,tamaulipas,No_Alcohol_Served,No alcohol,none,informal,completely,low,1,familiar,FALSE,closed,none,Low | price | No alcohol | Familiar,0,0,NA,NA,NA
U1130,132561,0,0,0,0,23.733,-99.133,NA,abstemious,NA,NA,NA,NA,NA,1989,none,hard-worker,none,NA,yellow,40,NA,1.2,23,18-24,27.77777777777778,overweight,1,S1: Quieter mixed students,cafe ambar,NA,NA,No_Alcohol_Served,No alcohol,none,informal,completely,low,1,familiar,FALSE,closed,none,Low | price | No alcohol | Familiar,0,0,NA,NA,NA
U1130,132626,0,0,0,0,23.733,-99.133,NA,abstemious,NA,NA,NA,NA,NA,1989,none,hard-worker,none,NA,yellow,40,NA,1.2,23,18-24,27.77777777777778,overweight,1,S1: Quieter mixed students,la perica hamburguesa,victoria,tamaulipas,No_Alcohol_Served,No alcohol,none,informal,completely,medium,2,familiar,TRUE,closed,none,Medium | price | No alcohol | Familiar,0,0,NA,NA,NA
U1130,132706,1,2,1,0,23.733,-99.133,NA,abstemious,NA,NA,NA,NA,NA,1989,none,hard-worker,none,NA,yellow,40,NA,1.2,23,18-24,27.77777777777778,overweight,1,S1: Quieter mixed students,Gorditas Dona Tota,Cd. Victoria,Tamaulipas,No_Alcohol_Served,No alcohol,not permitted,informal,no_accessibility,medium,2,familiar,TRUE,closed,none,Medium | price | No alcohol | Familiar,1,0,NA,NA,NA
U1043,132608,1,1,1,0,23.77103,-99.167082,FALSE,abstemious,no preference,solitary,public,single,independent,1989,technology,hard-worker,none,student,white,60,medium,1.64,23,18-24,22.308149910767405,healthy,1,S1: Quieter mixed students,Hamburguesas La perica,victoria,Tamaulipas,No_Alcohol_Served,No alcohol,permitted,informal,completely,low,1,quiet,TRUE,open,none,Low | price | No alcohol | Quiet,0,1,2,1,below stated budget
U1043,132609,1,2,1,0,23.77103,-99.167082,FALSE,abstemious,no preference,solitary,public,single,independent,1989,technology,hard-worker,none,student,white,60,medium,1.64,23,18-24,22.308149910767405,healthy,1,S1: Quieter mixed students,Pollo_Frito_Buenos_Aires,victoria,Tamaulipas,No_Alcohol_Served,No alcohol,not permitted,informal,completely,low,1,quiet,TRUE,closed,none,Low | price | No alcohol | Quiet,0,1,2,1,below stated budget
U1011,132717,2,2,1,1,23.724972,-99.152856,FALSE,abstemious,no preference,family,public,single,independent,1989,variety,hard-worker,Catholic,student,purple,68,medium,1.78,23,18-24,21.461936624163616,healthy,1,S1: Quieter mixed students,tortas hawai,NA,NA,No_Alcohol_Served,No alcohol,not permitted,informal,partially,medium,2,familiar,FALSE,closed,none,Medium | price | No alcohol | Familiar,0,1,2,1,matches stated budget
U1043,132613,1,1,1,0,23.77103,-99.167082,FALSE,abstemious,no preference,solitary,public,single,independent,1989,technology,hard-worker,none,student,white,60,medium,1.64,23,18-24,22.308149910767405,healthy,1,S1: Quieter mixed students,carnitas_mata,victoria,Tamaulipas,No_Alcohol_Served,No alcohol,permitted,informal,completely,medium,2,familiar,TRUE,closed,none,Medium | price | No alcohol | Familiar,0,1,2,1,matches stated budget
U1011,132564,1,1,1,0,23.724972,-99.152856,FALSE,abstemious,no preference,family,public,single,independent,1989,variety,hard-worker,Catholic,student,purple,68,medium,1.78,23,18-24,21.461936624163616,healthy,1,S1: Quieter mixed students,churchs,NA,NA,No_Alcohol_Served,No alcohol,none,informal,completely,low,1,familiar,FALSE,closed,none,Low | price | No alcohol | Familiar,0,0,2,1,below stated budget
U1043,132732,1,1,1,0,23.77103,-99.167082,FALSE,abstemious,no preference,solitary,public,single,independent,1989,technology,hard-worker,none,student,white,60,medium,1.64,23,18-24,22.308149910767405,healthy,1,S1: Quieter mixed students,Taqueria EL amigo,Cd Victoria,Tamaulipas,No_Alcohol_Served,No alcohol,none,casual,completely,low,1,familiar,FALSE,open,none,Low | price | No alcohol | Familiar,0,1,2,1,below stated budget
U1043,132630,1,1,1,0,23.77103,-99.167082,FALSE,abstemious,no preference,solitary,public,single,independent,1989,technology,hard-worker,none,student,white,60,medium,1.64,23,18-24,22.308149910767405,healthy,1,S1: Quieter mixed students,palomo tec,victoria,tamaulipas,No_Alcohol_Served,No alcohol,none,informal,completely,low,1,familiar,FALSE,closed,none,Low | price | No alcohol | Familiar,0,0,2,1,below stated budget
U1011,132715,1,1,0,0,23.724972,-99.152856,FALSE,abstemious,no preference,family,public,single,independent,1989,variety,hard-worker,Catholic,student,purple,68,medium,1.78,23,18-24,21.461936624163616,healthy,1,S1: Quieter mixed students,tacos de la estacion,NA,NA,No_Alcohol_Served,No alcohol,none,informal,no_accessibility,low,1,quiet,FALSE,open,none,Low | price | No alcohol | Quiet,1,1,2,1,below stated budget
U1068,132733,1,1,0,0,23.752269,-99.168605,FALSE,casual drinker,informal,friends,public,single,independent,1988,technology,thrifty-protector,Catholic,student,blue,72,low,1.57,24,18-24,29.21010994360826,overweight,3,S3: Tech-focused students,Little Cesarz,Ciudad Victoria,Tamaulipas,No_Alcohol_Served,No alcohol,not permitted,informal,completely,medium,2,familiar,TRUE,closed,none,Medium | price | No alcohol | Familiar,0,1,1,0,above stated budget
U1068,132594,1,1,1,0,23.752269,-99.168605,FALSE,casual drinker,informal,friends,public,single,independent,1988,technology,thrifty-protector,Catholic,student,blue,72,low,1.57,24,18-24,29.21010994360826,overweight,3,S3: Tech-focused students,tacos de barbacoa enfrente del Tec,NA,NA,No_Alcohol_Served,No alcohol,not permitted,informal,completely,low,1,familiar,FALSE,open,none,Low | price | No alcohol | Familiar,1,1,1,1,matches stated budget
U1068,132660,0,0,0,0,23.752269,-99.168605,FALSE,casual drinker,informal,friends,public,single,independent,1988,technology,thrifty-protector,Catholic,student,blue,72,low,1.57,24,18-24,29.21010994360826,overweight,3,S3: Tech-focused students,carnitas mata calle Emilio Portes Gil,victoria,tamaulipas,No_Alcohol_Served,No alcohol,none,informal,completely,low,1,familiar,FALSE,closed,none,Low | price | No alcohol | Familiar,0,0,1,1,matches stated budget
