,patient_id,patient_zip3,patient_age,bmi,population,density,age_median,age_under_10,age_10_to_19,age_20s
count,13173.0,13173.0,13173.0,4102.0,13173.0,13173.0,13173.0,13173.0,13173.0,13173.0
mean,555441.7849388901,568.5308585743567,59.27131253321187,29.168807898586017,20651.37392773098,1776.8723760722435,40.542675928033916,11.104988233508017,12.857587489561999,13.297374933576238
std,259476.50309365825,275.7584845085799,13.218882893091333,5.752819960322501,13840.379637743239,3876.0618971720673,4.031027360380296,1.5115338258769158,1.9522479573646776,3.3904717714157235
min,100043.0,100.0,18.0,15.0,635.55,0.92,20.6,0.0,6.31,5.93
25%,335100.0,330.0,50.0,24.825,9160.34,163.15,37.19,10.15,11.65,11.0
50%,555769.0,557.0,59.0,28.58,18952.78,700.34,40.64,11.0,12.9,12.53
75%,780967.0,832.0,67.0,33.0,30021.28,1666.52,42.94,12.14,13.91,14.97
max,999982.0,995.0,91.0,97.0,71374.13,29851.69,54.57,17.68,35.3,62.1
