year,provider_state,provider_type,hcpcs_code,hcpcs_description,place_of_service,line_count,provider_count,beneficiaries,services,estimated_medicare_payment,average_services_per_beneficiary,average_charge_to_allowed_ratio
2023,IL,Internal Medicine,99214,"Established patient office or other outpatient visit, 30-39 minutes",O,2064,2064,329152,639955.0,55854446.890020266,1.9223980380608352,1.9220608508419923
2023,IL,Emergency Medicine,99285,Emergency department visit with high level of medical decision making,F,1947,1947,365903,379039.0,54696546.70997563,1.0319304239902574,5.881267570688971
2024,IL,Internal Medicine,99214,"Established patient office or other outpatient visit with moderate level of decision making, if using time, 30 minutes or more",O,2005,2005,317969,616115.0,53336866.8700153,1.9239657508698942,1.997418974598744
2024,IL,Emergency Medicine,99285,Emergency department visit with high level of medical decision making,F,2018,2018,371663,385376.0,53053403.279960044,1.0328219980134716,6.029556343795086
2023,IL,Physical Therapist in Private Practice,97110,"Therapy procedure using exercise to develop strength, endurance, range of motion, and flexibility, each 15 minutes",O,3409,3409,219032,2608828.0,45996043.74001976,12.507688390600125,3.533161536756142
2023,IL,Family Practice,99214,"Established patient office or other outpatient visit, 30-39 minutes",O,2277,2277,294799,532055.0,44843212.85999055,1.770878542654204,1.957910739766096
2024,IL,Family Practice,99214,"Established patient office or other outpatient visit with moderate level of decision making, if using time, 30 minutes or more",O,2281,2281,293122,529124.0,44230281.239994474,1.765866463971041,2.0943695386913257
2024,IL,Physical Therapist in Private Practice,97110,"Therapy procedure using exercise to develop strength, endurance, range of motion, and flexibility, each 15 minutes",O,3521,3521,217822,2494821.0,42788582.03999821,12.05500543450646,3.62859432394529
2024,IL,Nurse Practitioner,99214,"Established patient office or other outpatient visit with moderate level of decision making, if using time, 30 minutes or more",O,3252,3252,290781,435082.0,31960499.949996628,1.499455362610646,2.5775588132161684
2023,IN,Family Practice,99214,"Established patient office or other outpatient visit, 30-39 minutes",O,1579,1579,216738,409639.0,31274296.68999267,1.7680366711968634,1.6909207311609793
2024,IN,Family Practice,99214,"Established patient office or other outpatient visit with moderate level of decision making, if using time, 30 minutes or more",O,1557,1557,208249,394677.0,29941057.9600066,1.7773598874760508,1.7974310417204145
2023,IL,Nurse Practitioner,99214,"Established patient office or other outpatient visit, 30-39 minutes",O,2897,2897,260851,384933.0,28343799.539997574,1.472963359611215,2.5154824416021637
2024,IN,Nurse Practitioner,99214,"Established patient office or other outpatient visit with moderate level of decision making, if using time, 30 minutes or more",O,2817,2817,264322,407538.0,27726139.920000177,1.5514148847945928,2.233391726627402
2023,IN,Nurse Practitioner,99214,"Established patient office or other outpatient visit, 30-39 minutes",O,2657,2657,249219,386845.0,26353700.700001564,1.5424717061918678,2.0769717475788143
2023,IL,Internal Medicine,99232,"Subsequent hospital care with moderate levelof medical decision making, if using time, at least 35 minutes",F,1431,1431,129450,365408.0,23153241.62000389,2.607362792496895,2.683672751153755
2024,IL,Internal Medicine,99232,"Subsequent hospital care with moderate levelof medical decision making, if using time, at least 35 minutes",F,1416,1416,123380,346982.0,21400116.98000399,2.567382940847089,2.9710055810985607
2023,IN,Emergency Medicine,99285,Emergency department visit with high level of medical decision making,F,877,877,153802,159599.0,21081350.39997721,1.0351185396373395,6.001526160877245
2024,IN,Emergency Medicine,99285,Emergency department visit with high level of medical decision making,F,882,882,156459,162702.0,20695166.329985842,1.036012475421892,6.2103519517473735
2023,IL,Cardiology,99214,"Established patient office or other outpatient visit, 30-39 minutes",O,503,503,133292,208590.8,18852029.990001593,1.5156105066865655,2.0558574522035835
2023,IN,Internal Medicine,99214,"Established patient office or other outpatient visit, 30-39 minutes",O,650,650,118452,234674.0,18471821.20999699,1.8530246328877351,1.6647005687480823
2024,IL,Cardiology,99214,"Established patient office or other outpatient visit with moderate level of decision making, if using time, 30 minutes or more",O,494,494,128603,195596.0,17614583.82000758,1.4690937637245671,2.1922282220020297
2024,IN,Internal Medicine,99214,"Established patient office or other outpatient visit with moderate level of decision making, if using time, 30 minutes or more",O,613,613,111119,221539.0,17446380.520001072,1.8681703200072013,1.7225964055587677
2023,IL,Internal Medicine,99213,"Established patient office or other outpatient visit, 20-29 minutes",O,1787,1787,174259,284675.0,17377340.729998622,1.479953374662481,1.8469761535703617
2023,IL,Nurse Practitioner,99213,"Established patient office or other outpatient visit, 20-29 minutes",O,3008,3008,236930,305464.0,15684178.9800034,1.2549849583710282,2.4095025130207146
2024,IL,Nurse Practitioner,99213,"Established patient office or other outpatient visit with low level od decision making, if using time, 20 minutes or more",O,3109,3109,240495,306890.0,15513822.96999849,1.2548580507995852,2.51569619319242
2023,IL,Family Practice,99213,"Established patient office or other outpatient visit, 20-29 minutes",O,2066,2066,174322,257866.0,15188697.639998676,1.3985475912105172,1.89318509073057
2024,IL,Internal Medicine,99213,"Established patient office or other outpatient visit with low level od decision making, if using time, 20 minutes or more",O,1706,1706,155485,248776.0,15072766.859998776,1.4540297904949309,1.936851504254936
2023,IL,Podiatry,99213,"Established patient office or other outpatient visit, 20-29 minutes",O,655,655,97502,218554.1,14370993.370001681,2.0335184369556147,1.674297444116435
2023,IN,Nurse Practitioner,99213,"Established patient office or other outpatient visit, 20-29 minutes",O,2816,2816,228988,301909.0,14290183.469998898,1.3053641285089308,2.050664917176213
2024,IN,Nurse Practitioner,99213,"Established patient office or other outpatient visit with low level od decision making, if using time, 20 minutes or more",O,2812,2812,222541,290167.0,13675268.090004055,1.29224650890296,2.18829737160742
2024,IL,Podiatry,99213,"Established patient office or other outpatient visit with low level od decision making, if using time, 20 minutes or more",O,654,654,94978,211266.0,13660477.269999078,2.0165250454784376,1.7656648184429427
2023,IN,Physical Therapist in Private Practice,97110,"Therapy procedure using exercise to develop strength, endurance, range of motion, and flexibility, each 15 minutes",O,1209,1209,78518,808838.0,13513499.289995871,10.85784376244964,3.616797801140038
2023,IL,Hospitalist,99232,"Subsequent hospital care with moderate levelof medical decision making, if using time, at least 35 minutes",F,874,874,92752,208318.0,13229326.389997019,2.091579053966579,2.5255589577187036
2024,IL,Family Practice,99213,"Established patient office or other outpatient visit with low level od decision making, if using time, 20 minutes or more",O,2011,2011,158108,225289.0,13124883.07000064,1.354452360518487,2.0431604805789467
2024,IN,Physical Therapist in Private Practice,97110,"Therapy procedure using exercise to develop strength, endurance, range of motion, and flexibility, each 15 minutes",O,1222,1222,77455,779609.0,12740877.350000182,10.757847826253474,3.6914808372586223
2024,IL,Ophthalmology,99214,"Established patient office or other outpatient visit with moderate level of decision making, if using time, 30 minutes or more",O,387,387,97473,139567.0,12611033.340002662,1.3570200580112877,1.914530270133724
2024,IL,Dermatology,99213,"Established patient office or other outpatient visit with low level od decision making, if using time, 20 minutes or more",O,429,429,138002,189789.0,11872891.98000266,1.334550280066851,2.1177398702359254
2023,IN,Internal Medicine,99232,"Subsequent hospital care with moderate levelof medical decision making, if using time, at least 35 minutes",F,701,701,74364,199701.0,11766328.250001578,2.3591676699640405,2.3462813592854466
2024,IL,Hospitalist,99232,"Subsequent hospital care with moderate levelof medical decision making, if using time, at least 35 minutes",F,900,900,83919,187062.0,11663654.549998866,2.052697730411997,2.7897124053654383
2024,IL,Physician Assistant,99214,"Established patient office or other outpatient visit with moderate level of decision making, if using time, 30 minutes or more",O,1395,1395,114284,156598.0,11588499.060003037,1.3106659015759932,2.6272317532192018
2023,IL,Ophthalmology,99214,"Established patient office or other outpatient visit, 30-39 minutes",O,376,376,90753,127221.0,11495465.150000911,1.327115920099523,1.8288154915390202
2023,IL,Dermatology,99213,"Established patient office or other outpatient visit, 20-29 minutes",O,417,417,133456,182025.0,11428918.339997578,1.3326566295782853,2.1008853624265633
2023,IN,Cardiology,99214,"Established patient office or other outpatient visit, 30-39 minutes",O,328,328,89766,134656.0,11152078.259992722,1.4056196679437052,1.7908818061525698
2024,IN,Cardiology,99214,"Established patient office or other outpatient visit with moderate level of decision making, if using time, 30 minutes or more",O,322,322,90605,134222.0,11041044.139995368,1.411124218882401,1.8679129857123808
2024,IN,Internal Medicine,99232,"Subsequent hospital care with moderate levelof medical decision making, if using time, at least 35 minutes",F,710,710,73231,191928.0,11030397.609996784,2.3559827930158974,2.366488469037305
2023,IL,Hematology-Oncology,99214,"Established patient office or other outpatient visit, 30-39 minutes",O,283,283,48171,120903.0,10888879.77999857,2.3373741606230385,2.335816970521301
2023,IN,Family Practice,99213,"Established patient office or other outpatient visit, 20-29 minutes",O,1522,1522,129554,201933.0,10835594.94000092,1.4002540904562273,1.6890788523117464
2024,IL,Hematology-Oncology,99214,"Established patient office or other outpatient visit with moderate level of decision making, if using time, 30 minutes or more",O,296,296,49352,117752.0,10578809.490008404,2.1499017262880558,2.487817804875811
2023,IL,Physician Assistant,99214,"Established patient office or other outpatient visit, 30-39 minutes",O,1241,1241,101752,141070.0,10554453.610001376,1.3085717701139836,2.531713523888556
2024,IL,Physician Assistant,99213,"Established patient office or other outpatient visit with low level od decision making, if using time, 20 minutes or more",O,1537,1537,160344,201998.0,10528989.220002316,1.2096953030733848,2.5704060243929017
2024,IL,Internal Medicine,99215,"Established patient office or other outpatient visit with high level of medical decision making, if using time, 40 minutes or more",O,906,906,53159,78976.0,10243317.15000274,1.3691173196383695,1.9671850119788312
2023,IL,Internal Medicine,99215,"Established patient office or other outpatient visit, 40-54 minutes",O,901,901,53175,77444.0,9997990.390005253,1.3496749902509357,1.905764784366231
2023,IL,Physician Assistant,99213,"Established patient office or other outpatient visit, 20-29 minutes",O,1461,1461,149796,188611.0,9956770.099994048,1.2096594711226116,2.4212905454183837
2024,IN,Family Practice,99213,"Established patient office or other outpatient visit with low level od decision making, if using time, 20 minutes or more",O,1479,1479,117840,178656.0,9504187.350003146,1.3751213854735107,1.7804171203119759
2023,IL,Orthopedic Surgery,99213,"Established patient office or other outpatient visit, 20-29 minutes",O,631,631,95589,141498.0,9385404.209996538,1.4092449769509314,2.189057275143535
2024,IL,Urology,99214,"Established patient office or other outpatient visit with moderate level of decision making, if using time, 30 minutes or more",O,273,273,67824,99626.0,9299928.119988386,1.3689974734568764,2.227792498123379
2023,IL,Urology,99214,"Established patient office or other outpatient visit, 30-39 minutes",O,273,273,65501,95775.0,8903273.249986172,1.3553637641886702,2.1036955239787263
2024,IL,Orthopedic Surgery,99214,"Established patient office or other outpatient visit with moderate level of decision making, if using time, 30 minutes or more",O,580,580,71401,94080.0,8812642.659997,1.258543835093921,2.3209674973661447
2023,IL,Nephrology,99232,"Subsequent hospital care with moderate levelof medical decision making, if using time, at least 35 minutes",F,342,342,46592,134896.0,8695114.510001037,2.700683005861288,2.25642860190434
2023,IL,Interventional Cardiology,99214,"Established patient office or other outpatient visit, 30-39 minutes",O,199,199,65406,95306.0,8683660.559996616,1.37379038004634,2.06993896767052
2024,IL,Interventional Cardiology,99214,"Established patient office or other outpatient visit with moderate level of decision making, if using time, 30 minutes or more",O,195,195,64780,94588.0,8576240.369998844,1.3795465021025577,2.1690953473759675
2024,IL,Orthopedic Surgery,99213,"Established patient office or other outpatient visit with low level od decision making, if using time, 20 minutes or more",O,621,621,88987,129772.0,8505330.32999814,1.3932813883291522,2.300784508915859
2023,IL,Orthopedic Surgery,99214,"Established patient office or other outpatient visit, 30-39 minutes",O,588,588,67497,87943.0,8313823.530000349,1.2392133815092328,2.2286110892937048
2024,IL,Nephrology,99232,"Subsequent hospital care with moderate levelof medical decision making, if using time, at least 35 minutes",F,333,333,43920,124501.0,7799342.4100016095,2.6966907149021138,2.4510251933813407
2024,IL,Dermatology,99214,"Established patient office or other outpatient visit with moderate level of decision making, if using time, 30 minutes or more",O,389,389,62080,85110.0,7691945.600003157,1.3263936365314124,2.1876055661275617
2023,IL,Cardiology,99232,"Subsequent hospital care with moderate levelof medical decision making, if using time, at least 35 minutes",F,452,452,45474,115985.0,7498684.180000017,2.1612750882231646,2.306180824669154
2023,IL,Dermatology,99214,"Established patient office or other outpatient visit, 30-39 minutes",O,384,384,56698,76739.0,7010810.9300070265,1.3047054938231202,2.16802052326847
2023,IL,Endocrinology,99214,"Established patient office or other outpatient visit, 30-39 minutes",O,210,210,44285,75682.0,6720775.029992599,1.6259700503116943,2.1470177021763606
2024,IL,Endocrinology,99214,"Established patient office or other outpatient visit with moderate level of decision making, if using time, 30 minutes or more",O,215,215,44060,75475.0,6712530.750003512,1.6262765968994533,2.2116519492640623
2024,IL,Nurse Practitioner,99232,"Subsequent hospital care with moderate levelof medical decision making, if using time, at least 35 minutes",F,963,963,56402,120939.0,6452959.09999811,1.8354223694952514,3.1907993700450255
2024,IL,Cardiology,99232,"Subsequent hospital care with moderate levelof medical decision making, if using time, at least 35 minutes",F,436,436,39020,101506.0,6436107.379999298,2.1328299482683453,2.4840208648159314
2023,IL,Ophthalmology,99213,"Established patient office or other outpatient visit, 20-29 minutes",O,359,359,65329,98105.0,6327175.559999206,1.3599662102417454,1.8199145980733857
2023,IL,Physical Medicine and Rehabilitation,99232,"Subsequent hospital care with moderate levelof medical decision making, if using time, at least 35 minutes",F,165,165,24566,97160.0,6312066.11000495,3.6439848302066986,2.6407256307181974
2024,IL,Physical Medicine and Rehabilitation,99232,"Subsequent hospital care with moderate levelof medical decision making, if using time, at least 35 minutes",F,171,171,24146,96818.0,6308353.219999031,3.534785861997586,2.579466931986639
2023,IL,Nurse Practitioner,99232,"Subsequent hospital care with moderate levelof medical decision making, if using time, at least 35 minutes",F,919,919,54409,114019.0,6183496.070000293,1.7871380368370111,2.9358721118850313
2024,IL,Hematology-Oncology,99215,"Established patient office or other outpatient visit with high level of medical decision making, if using time, 40 minutes or more",O,248,248,18244,45434.0,6156835.260005149,2.151849260639392,2.3899116263283604
2024,IL,Ophthalmology,99213,"Established patient office or other outpatient visit with low level od decision making, if using time, 20 minutes or more",O,359,359,63580,96372.0,6143384.51000409,1.359884257742642,1.8765502051840373
2023,IL,Pulmonary Disease,99214,"Established patient office or other outpatient visit, 30-39 minutes",O,254,254,41198,63564.0,5917254.309992058,1.4487792161977595,2.1186687724848263
2024,IL,Pulmonary Disease,99214,"Established patient office or other outpatient visit with moderate level of decision making, if using time, 30 minutes or more",O,261,261,41571,63584.0,5870818.209995915,1.453760535353886,2.178653708651679
2024,IN,Physician Assistant,99214,"Established patient office or other outpatient visit with moderate level of decision making, if using time, 30 minutes or more",O,713,713,59331,83097.0,5829648.189997989,1.2859392436781918,2.273017032084826
2024,IL,Nephrology,99214,"Established patient office or other outpatient visit with moderate level of decision making, if using time, 30 minutes or more",O,287,287,43755,76969.0,5824517.960003094,1.774955836115116,2.314286590610291
2023,IL,Nephrology,99214,"Established patient office or other outpatient visit, 30-39 minutes",O,293,293,43922,76376.0,5775800.289998216,1.748316861287636,2.230788859890509
2023,IL,Neurology,99214,"Established patient office or other outpatient visit, 30-39 minutes",O,330,330,40486,63131.0,5726277.609999753,1.481133361284063,2.1234637054121737
2024,IN,Dermatology,99213,"Established patient office or other outpatient visit with low level od decision making, if using time, 20 minutes or more",O,152,152,72642,99807.0,5677175.729997059,1.3506131278082014,1.8229969963042247
2024,IL,Neurology,99214,"Established patient office or other outpatient visit with moderate level of decision making, if using time, 30 minutes or more",O,349,349,40190,62567.0,5668228.560003102,1.4786434591197293,2.277345328700895
2024,IN,Ophthalmology,99214,"Established patient office or other outpatient visit with moderate level of decision making, if using time, 30 minutes or more",O,199,199,50420,69318.0,5661583.430006109,1.263569737991056,1.598504469864268
2023,IN,Ophthalmology,99214,"Established patient office or other outpatient visit, 30-39 minutes",O,193,193,49472,69285.0,5661346.1900021015,1.2622998367023601,1.5977884910205906
2024,IN,Physician Assistant,99213,"Established patient office or other outpatient visit with low level od decision making, if using time, 20 minutes or more",O,897,897,91398,115140.0,5627312.7200020505,1.1993371244133626,2.2497373983791666
2023,IN,Hospitalist,99232,"Subsequent hospital care with moderate levelof medical decision making, if using time, at least 35 minutes",F,341,341,41355,93831.0,5542741.26999908,2.147484406865079,2.304223911913532
2024,IL,Psychiatry,99214,"Established patient office or other outpatient visit with moderate level of decision making, if using time, 30 minutes or more",O,366,366,20790,62964.0,5536468.660002818,3.1714824793146605,1.9861104753293068
2023,IL,Hematology-Oncology,99215,"Established patient office or other outpatient visit, 40-54 minutes",O,229,229,16675,40864.0,5478918.880015571,2.161208268173383,2.2576318616290774
2024,IL,Family Practice,99215,"Established patient office or other outpatient visit with high level of medical decision making, if using time, 40 minutes or more",O,763,763,31561,43318.0,5477610.670011951,1.2770469968596587,2.0166143045346048
2024,IL,Rheumatology,99214,"Established patient office or other outpatient visit with moderate level of decision making, if using time, 30 minutes or more",O,164,164,29824,58331.0,5354470.729996219,1.826576378381753,2.285530230778302
2023,IN,Dermatology,99213,"Established patient office or other outpatient visit, 20-29 minutes",O,153,153,68556,94349.0,5325604.339998576,1.332327765919959,1.7997971576960745
2023,IL,Psychiatry,99214,"Established patient office or other outpatient visit, 30-39 minutes",O,361,361,20916,60931.0,5303513.520000939,3.0485883422015165,1.8926359252203662
2023,IL,Rheumatology,99214,"Established patient office or other outpatient visit, 30-39 minutes",O,153,153,29772,58097.0,5293806.869999015,1.8571146197872848,2.188940412587416
2023,IN,Physician Assistant,99213,"Established patient office or other outpatient visit, 20-29 minutes",O,810,810,85431,107570.0,5260134.249997634,1.1929504486908808,2.1244288632503623
2023,IL,Family Practice,99232,"Subsequent hospital care with moderate levelof medical decision making, if using time, at least 35 minutes",F,479,479,28875,82536.0,5211022.629999807,2.6273974148012185,2.5778588391921065
2023,IL,Occupational Therapist in Private Practice,97110,"Therapy procedure using exercise to develop strength, endurance, range of motion, and flexibility, each 15 minutes",O,522,522,20307,295204.0,5208620.550002967,13.789896221164952,3.1178468179606234
2024,IL,Nurse Practitioner,99215,"Established patient office or other outpatient visit with high level of medical decision making, if using time, 40 minutes or more",O,800,800,35097,45816.0,5099844.879992897,1.2319070959307383,2.629601133189299
2024,IL,Occupational Therapist in Private Practice,97110,"Therapy procedure using exercise to develop strength, endurance, range of motion, and flexibility, each 15 minutes",O,525,525,21374,296598.0,5093611.590000295,13.591394595964404,3.1279847523608986
2023,IL,Family Practice,99215,"Established patient office or other outpatient visit, 40-54 minutes",O,718,718,29338,40171.0,5074913.9099947,1.2689918220855028,1.894397777675602
2023,IL,Urology,99213,"Established patient office or other outpatient visit, 20-29 minutes",O,260,260,57767,78196.0,5068965.700002339,1.2871850736702897,2.035686747012268
2023,IN,Internal Medicine,99213,"Established patient office or other outpatient visit, 20-29 minutes",O,590,590,58620,92576.0,5039613.689998996,1.4384317028717735,1.6673988917598868
2024,IN,Hospitalist,99232,"Subsequent hospital care with moderate levelof medical decision making, if using time, at least 35 minutes",F,307,307,37004,86342.0,4957222.660001969,2.1745113411819204,2.447814668111116
2023,IN,Orthopedic Surgery,99213,"Established patient office or other outpatient visit, 20-29 minutes",O,426,426,56782,81683.0,4944661.290000096,1.3732161745193907,1.869596000240078
2024,IN,Podiatry,99213,"Established patient office or other outpatient visit with low level od decision making, if using time, 20 minutes or more",O,251,251,41207,81263.0,4915673.890000464,1.8709119008110513,1.7272131160655175
2023,IN,Physician Assistant,99214,"Established patient office or other outpatient visit, 30-39 minutes",O,633,633,50335,69886.0,4876611.310001363,1.270336406128377,2.1238182151259033
2023,IN,Hematology-Oncology,99214,"Established patient office or other outpatient visit, 30-39 minutes",O,110,110,22043,56609.0,4876597.670001245,2.3267173058169472,1.9617694616909036
2023,IN,Urology,99214,"Established patient office or other outpatient visit, 30-39 minutes",O,175,175,41792,57559.0,4855341.730000466,1.3243457850619407,1.9665615775059102
2024,IN,Urology,99214,"Established patient office or other outpatient visit with moderate level of decision making, if using time, 30 minutes or more",O,180,180,41273,56602.0,4769170.059997594,1.3220300761392094,1.993462563961526
2023,IN,Nurse Practitioner,99232,"Subsequent hospital care with moderate levelof medical decision making, if using time, at least 35 minutes",F,656,656,37744,95583.0,4756942.829998187,1.8951443994967954,2.504140319758101
2024,IN,Nurse Practitioner,99232,"Subsequent hospital care with moderate levelof medical decision making, if using time, at least 35 minutes",F,705,705,39309,96441.0,4702278.849999686,1.9286149908655261,2.5722378750157646
2023,IN,Podiatry,99213,"Established patient office or other outpatient visit, 20-29 minutes",O,254,254,40001,77640.0,4681157.250000965,1.792331924112707,1.6230095254206862
2024,IL,Cardiology,99215,"Established patient office or other outpatient visit with high level of medical decision making, if using time, 40 minutes or more",O,287,287,26119,35273.0,4638055.730009001,1.2273581587835058,2.151401941143221
2024,IL,Urology,99213,"Established patient office or other outpatient visit with low level od decision making, if using time, 20 minutes or more",O,258,258,54072,71150.0,4609128.260001876,1.241884366856565,2.1947005605321426
2024,IN,Optometry,99214,"Established patient office or other outpatient visit with moderate level of decision making, if using time, 30 minutes or more",O,485,485,47109,58253.0,4594524.490000545,1.1831965392111474,1.2785959537121516
2023,IL,Cardiology,99215,"Established patient office or other outpatient visit, 40-54 minutes",O,290,290,25301,34806.0,4573546.970003194,1.2175593071440902,2.0426043985638134
2024,IL,Family Practice,99232,"Subsequent hospital care with moderate levelof medical decision making, if using time, at least 35 minutes",F,433,433,26463,74009.0,4551914.239999158,2.634378988194849,2.9155459892229043
2024,IN,Orthopedic Surgery,99213,"Established patient office or other outpatient visit with low level od decision making, if using time, 20 minutes or more",O,398,398,53305,75590.0,4538598.630000297,1.3616164245216116,1.9514259436177708
2023,IL,Nurse Practitioner,99215,"Established patient office or other outpatient visit, 40-54 minutes",O,657,657,31806,40816.0,4513788.050007925,1.2175464476025668,2.544497604250513
2024,IN,Optometry,99213,"Established patient office or other outpatient visit with low level od decision making, if using time, 20 minutes or more",O,698,698,60576,80689.0,4469648.749999702,1.3045272263466832,1.252334175261851
2023,IL,Infectious Disease,99232,"Subsequent hospital care with moderate levelof medical decision making, if using time, at least 35 minutes",F,209,209,29067,68933.0,4449636.490000655,2.0633163670155046,2.289588764716353
2024,IL,Optometry,99213,"Established patient office or other outpatient visit with low level od decision making, if using time, 20 minutes or more",O,748,748,54458,74026.0,4383861.400002079,1.3162314401776603,1.4161417066432065
2024,IL,Nurse Practitioner,99214,"Established patient office or other outpatient visit with moderate level of decision making, if using time, 30 minutes or more",F,653,653,48696,72351.0,4376797.819999737,1.437501406823139,3.403973597827595
2024,IN,Internal Medicine,99213,"Established patient office or other outpatient visit with low level od decision making, if using time, 20 minutes or more",O,531,531,50102,78257.0,4298556.259999926,1.4216325055662837,1.710421847663983
2023,IN,Optometry,99213,"Established patient office or other outpatient visit, 20-29 minutes",O,667,667,58689,78209.0,4294323.239998046,1.2968566921563878,1.2508919730228976
2024,IN,Hematology-Oncology,99214,"Established patient office or other outpatient visit with moderate level of decision making, if using time, 30 minutes or more",O,106,106,20103,49914.0,4253362.120003511,2.1756085209534652,2.061539899018264
2023,IL,Pulmonary Disease,99232,"Subsequent hospital care with moderate levelof medical decision making, if using time, at least 35 minutes",F,266,266,22744,64682.0,4177740.870003091,2.312546985729764,2.2859248044472236
2023,IL,Nurse Practitioner,99214,"Established patient office or other outpatient visit, 30-39 minutes",F,605,605,44932,67412.0,4147249.970002158,1.422790124582522,3.201829252568523
2023,IL,Optometry,99213,"Established patient office or other outpatient visit, 20-29 minutes",O,699,699,52448,70557.0,4141513.450000312,1.320170869701378,1.3622129694101361
2024,IL,Optometry,99214,"Established patient office or other outpatient visit with moderate level of decision making, if using time, 30 minutes or more",O,515,515,40800,48161.0,4050435.689997774,1.1609469924882467,1.4152161748092025
2024,IN,Orthopedic Surgery,99214,"Established patient office or other outpatient visit with moderate level of decision making, if using time, 30 minutes or more",O,374,374,35104,47137.0,4043129.32999966,1.2319725675979787,1.9876459560659765
2024,IL,Orthopedic Surgery,99204,"New patient office or other outpatient visit with moderate level of medical decision making, if using time, 45 minutes or more",O,484,484,33190,33193.0,3972425.849998145,1.0000938620009767,2.5965766573564273
2023,IN,Optometry,99214,"Established patient office or other outpatient visit, 30-39 minutes",O,439,439,40601,50328.0,3947477.480002021,1.1781090589554555,1.2484040370784462
2024,IL,Gastroenterology,99214,"Established patient office or other outpatient visit with moderate level of decision making, if using time, 30 minutes or more",O,394,394,33142,42100.0,3896961.919994875,1.2035777200649722,2.1771184582275374
2023,IN,Neurology,99214,"Established patient office or other outpatient visit, 30-39 minutes",O,198,198,30384,46220.0,3829174.390000055,1.4038255188490856,1.763931454925297
2023,IN,Orthopedic Surgery,99214,"Established patient office or other outpatient visit, 30-39 minutes",O,370,370,33927,44327.0,3826132.449998913,1.21219436616,1.8773563785448355
2023,IL,Orthopedic Surgery,99204,"New patient office or other outpatient visit, 45-59 minutes",O,475,475,31610,31614.0,3825766.370003172,1.000117535854378,2.5162254718610293
2024,IL,Infectious Disease,99232,"Subsequent hospital care with moderate levelof medical decision making, if using time, at least 35 minutes",F,204,204,25312,60687.0,3820142.459997713,2.0966894959456535,2.3614756433412776
2023,IL,Gastroenterology,99214,"Established patient office or other outpatient visit, 30-39 minutes",O,378,378,32782,41131.0,3783177.520001317,1.201812842882565,2.041612647668374
2024,IN,Ophthalmology,99213,"Established patient office or other outpatient visit with low level od decision making, if using time, 20 minutes or more",O,212,212,42213,64231.0,3756308.120002559,1.388258739485761,1.6169777831186665
2023,IN,Family Practice,99232,"Subsequent hospital care with moderate levelof medical decision making, if using time, at least 35 minutes",F,244,244,19906,63638.0,3741686.080001669,2.590181466420731,2.146641369998006
2024,IL,Podiatry,99214,"Established patient office or other outpatient visit with moderate level of decision making, if using time, 30 minutes or more",O,394,394,24231,39950.0,3702910.689997177,1.5131153952212595,1.884471516739226
2024,IL,Pulmonary Disease,99232,"Subsequent hospital care with moderate levelof medical decision making, if using time, at least 35 minutes",F,261,261,20621,57566.0,3647692.5799975228,2.291605085954302,2.4080251882932013
2023,IN,Nephrology,99232,"Subsequent hospital care with moderate levelof medical decision making, if using time, at least 35 minutes",F,176,176,20668,61807.0,3644591.320001366,2.6665307258876925,2.0504866730988676
2023,IL,Optometry,99214,"Established patient office or other outpatient visit, 30-39 minutes",O,509,509,36918,43368.0,3637861.469999633,1.1480780407477134,1.355617333148636
2023,IL,Clinical Cardiac Electrophysiology,99214,"Established patient office or other outpatient visit, 30-39 minutes",O,109,109,26776,38312.0,3623330.6699990933,1.3080142852874086,2.082861165700814
2024,IL,Clinical Cardiac Electrophysiology,99214,"Established patient office or other outpatient visit with moderate level of decision making, if using time, 30 minutes or more",O,112,112,27356,38387.0,3603715.939999883,1.2851152480692687,2.183723415970268
2023,IL,Podiatry,99203,"New patient office or other outpatient visit, 30-44 minutes",O,568,568,45799,45805.0,3561521.479998364,1.0001338194534934,1.857435340688985
2024,IN,Neurology,99214,"Established patient office or other outpatient visit with moderate level of decision making, if using time, 30 minutes or more",O,190,190,29154,42852.0,3553648.189998097,1.362530759651048,1.7993771764976179
2023,IN,Ophthalmology,99213,"Established patient office or other outpatient visit, 20-29 minutes",O,203,203,41916,61622.0,3546912.969997758,1.3721514496714844,1.618988189220723
2023,IL,Otolaryngology,99213,"Established patient office or other outpatient visit, 20-29 minutes",O,246,246,38000,53861.0,3523345.4999999697,1.3232454918930903,2.028607486048639
2024,IN,Family Practice,99232,"Subsequent hospital care with moderate levelof medical decision making, if using time, at least 35 minutes",F,242,242,19462,60958.0,3503678.639998342,2.4703673164370765,2.260006461063391
2023,IL,Podiatry,99214,"Established patient office or other outpatient visit, 30-39 minutes",O,364,364,22077,36562.0,3482660.179999774,1.534801958094713,1.7349985175773277
2024,IL,Otolaryngology,99213,"Established patient office or other outpatient visit with low level od decision making, if using time, 20 minutes or more",O,242,242,37257,53107.0,3466552.259998656,1.325383752138969,2.136565440293016
2024,IN,Nephrology,99232,"Subsequent hospital care with moderate levelof medical decision making, if using time, at least 35 minutes",F,166,166,19402,57816.0,3362483.679998911,2.651527875202164,2.0848576194605566
2023,IL,Ophthalmology,99204,"New patient office or other outpatient visit, 45-59 minutes",O,330,330,29498,29500.0,3360613.349995107,1.000032693984307,1.946654863368934
2024,IL,Ophthalmology,99204,"New patient office or other outpatient visit with moderate level of medical decision making, if using time, 45 minutes or more",O,336,336,29265,29266.0,3330132.98999943,1.0000303692905734,2.0112493790619075
2023,IN,Interventional Cardiology,99214,"Established patient office or other outpatient visit, 30-39 minutes",O,105,105,28214,39823.0,3281413.129999787,1.3952104567382968,1.806246535419982
2024,IN,Interventional Cardiology,99214,"Established patient office or other outpatient visit with moderate level of decision making, if using time, 30 minutes or more",O,115,115,28785,39177.0,3203798.820000339,1.3377231186622278,1.8832549932089382
2024,IL,Podiatry,99203,"New patient office or other outpatient visit with low level of medical decision making, if using time, 30 minutes or more",O,555,555,41755,41769.0,3158556.44999953,1.000345252329582,1.9533065793919417
2024,IN,Endocrinology,99214,"Established patient office or other outpatient visit with moderate level of decision making, if using time, 30 minutes or more",O,83,83,20716,36616.0,3055588.190000751,1.7722015437755436,1.8208623229753955
2023,IL,Otolaryngology,99214,"Established patient office or other outpatient visit, 30-39 minutes",O,230,230,23700,32070.0,3031860.779995216,1.256200269197159,2.0296713101772017
2024,IL,Otolaryngology,99214,"Established patient office or other outpatient visit with moderate level of decision making, if using time, 30 minutes or more",O,227,227,23986,32479.0,3010903.649999357,1.2541712289800608,2.130118297625498
2024,IL,Neurology,99215,"Established patient office or other outpatient visit with high level of medical decision making, if using time, 40 minutes or more",O,259,259,15974,22324.0,2991967.150000699,1.2820363356644815,2.1812476033674266
2023,IN,Endocrinology,99214,"Established patient office or other outpatient visit, 30-39 minutes",O,85,85,19389,35002.0,2941161.809997724,1.7958133594456953,1.7622204906536698
2023,IN,Nephrology,99214,"Established patient office or other outpatient visit, 30-39 minutes",O,149,149,22433,38459.0,2916898.520000561,1.6871745432432623,2.009607375370616
2023,IL,Psychiatry,99213,"Established patient office or other outpatient visit, 20-29 minutes",O,250,250,14434,47235.0,2899117.010002549,3.0229021164570966,1.8174106445106448
2024,IN,Nephrology,99214,"Established patient office or other outpatient visit with moderate level of decision making, if using time, 30 minutes or more",O,147,147,22602,39032.0,2877631.119997513,1.7090945659666654,2.083304299071021
2023,IL,Neurology,99215,"Established patient office or other outpatient visit, 40-54 minutes",O,248,248,15574,21928.0,2870835.530000661,1.282811885981358,2.0397271885831074
2023,IN,Pulmonary Disease,99214,"Established patient office or other outpatient visit, 30-39 minutes",O,164,164,20559,32758.0,2853426.260000814,1.4368181378420612,1.7153878855326181
2024,IN,Pulmonary Disease,99214,"Established patient office or other outpatient visit with moderate level of decision making, if using time, 30 minutes or more",O,155,155,20970,32629.0,2823931.390001387,1.4480536732436124,1.779758860218047
2024,IL,Physical Medicine and Rehabilitation,99214,"Established patient office or other outpatient visit with moderate level of decision making, if using time, 30 minutes or more",O,134,134,14089,29159.0,2791871.840016259,1.7914141874203304,2.236863747504618
2024,IL,Nurse Practitioner,99204,"New patient office or other outpatient visit with moderate level of medical decision making, if using time, 45 minutes or more",O,892,892,29058,29059.0,2767053.520001629,1.0000273433227607,2.782205302529215
2024,IN,Physical Medicine and Rehabilitation,99232,"Subsequent hospital care with moderate levelof medical decision making, if using time, at least 35 minutes",F,51,51,9835,47211.0,2745010.749997835,4.162303822089014,2.196452213282443
2024,IN,Dermatology,99214,"Established patient office or other outpatient visit with moderate level of decision making, if using time, 30 minutes or more",O,137,137,25929,34038.0,2723375.789999813,1.272258698539303,1.8085980560378119
2023,IL,Hematology-Oncology,99213,"Established patient office or other outpatient visit, 20-29 minutes",O,203,203,24988,43328.0,2706219.1899986602,1.4513946856482207,2.281907349515389
2023,IL,Psychiatry,99232,"Subsequent hospital care with moderate levelof medical decision making, if using time, at least 35 minutes",F,204,204,10135,41796.0,2681203.150000094,3.6806701987805766,2.2234831683945084
2023,IN,Urology,99213,"Established patient office or other outpatient visit, 20-29 minutes",O,174,174,37199,46301.0,2673125.130000864,1.2115734778513352,1.9387936576639027
2024,IL,Medical Oncology,99214,"Established patient office or other outpatient visit with moderate level of decision making, if using time, 30 minutes or more",O,68,68,11461,29442.0,2601658.250003624,2.4098594378448865,2.295191270444058
2023,IN,Dermatology,99214,"Established patient office or other outpatient visit, 30-39 minutes",O,133,133,24387,32112.0,2580252.850002273,1.271885953296979,1.7870700733132368
2023,IL,Physical Medicine and Rehabilitation,99214,"Established patient office or other outpatient visit, 30-39 minutes",O,140,140,13092,27067.0,2580202.049998522,1.7495275364215803,2.146194710452566
2023,IL,Orthopedic Surgery,99203,"New patient office or other outpatient visit, 30-44 minutes",O,483,483,32762,32769.0,2578262.660000025,1.0002037634262884,2.393370363561017
2023,IL,Physician Assistant,99285,Emergency department visit with high level of medical decision making,F,305,305,20789,21205.0,2552542.370002216,1.016529338750011,7.728131245539224
2024,IL,Psychiatry,99213,"Established patient office or other outpatient visit with low level od decision making, if using time, 20 minutes or more",O,229,229,12367,41882.0,2552139.679999582,2.9690429975762576,1.8824461438732119
2024,IN,Nurse Practitioner,99215,"Established patient office or other outpatient visit with high level of medical decision making, if using time, 40 minutes or more",O,542,542,18681,24876.0,2528366.989996713,1.3004611710765905,2.0765568174344993
2024,IL,Psychiatry,99232,"Subsequent hospital care with moderate levelof medical decision making, if using time, at least 35 minutes",F,252,252,10475,40328.0,2520313.419999507,3.5108129035022846,2.245850222368351
2023,IN,Cardiology,99232,"Subsequent hospital care with moderate levelof medical decision making, if using time, at least 35 minutes",F,279,279,19450,42692.0,2512415.819999236,1.8203991922848566,2.05115731995078
2024,IN,Nurse Practitioner,99214,"Established patient office or other outpatient visit with moderate level of decision making, if using time, 30 minutes or more",F,370,370,26883,45103.0,2510724.090001226,1.6227507708450273,2.5740092706839337
2024,IN,Family Practice,99215,"Established patient office or other outpatient visit with high level of medical decision making, if using time, 40 minutes or more",O,399,399,15739,21864.0,2500459.650000103,1.2831240398894965,1.7093971524287506
2023,IN,Physical Medicine and Rehabilitation,99232,"Subsequent hospital care with moderate levelof medical decision making, if using time, at least 35 minutes",F,45,45,8470,41082.0,2422053.210000529,4.024645024804655,2.1496773282629373
2023,IL,Cardiology,99213,"Established patient office or other outpatient visit, 20-29 minutes",O,257,257,25320,38270.0,2415191.600000652,1.3070237821633943,1.9690808658457326
2024,IL,Physician Assistant,99285,Emergency department visit with high level of medical decision making,F,309,309,20611,21060.0,2414860.67000189,1.0156336896212594,7.768790847620179
2024,IL,Nurse Practitioner,99215,"Established patient office or other outpatient visit with high level of medical decision making, if using time, 40 minutes or more",F,329,329,16852,25315.0,2404568.109998847,1.4441523478556964,3.4075346273638467
2024,IN,Ophthalmology,99204,"New patient office or other outpatient visit with moderate level of medical decision making, if using time, 45 minutes or more",O,190,190,22752,22754.0,2371656.040004133,1.000093053653005,1.702131606448497
2024,IL,Hematology-Oncology,99213,"Established patient office or other outpatient visit with low level od decision making, if using time, 20 minutes or more",O,211,211,22854,37985.0,2368865.409998769,1.400592171412015,2.4550704099210994
2023,IL,Nurse Practitioner,99204,"New patient office or other outpatient visit, 45-59 minutes",O,717,717,24197,24204.0,2354854.830000682,1.0002472481028966,2.861893164072447
2024,IN,Internal Medicine,99215,"Established patient office or other outpatient visit with high level of medical decision making, if using time, 40 minutes or more",O,256,256,14001,19544.0,2301719.270003729,1.2790095524714291,1.6701271663583575
2024,IN,Cardiology,99232,"Subsequent hospital care with moderate levelof medical decision making, if using time, at least 35 minutes",F,269,269,18443,39815.0,2298784.449999693,1.8177064367881686,2.123840198599028
2024,IN,Urology,99213,"Established patient office or other outpatient visit with low level od decision making, if using time, 20 minutes or more",O,173,173,32213,39595.0,2283856.160000358,1.1876099874365735,1.9663517204158487
2023,IN,Family Practice,99215,"Established patient office or other outpatient visit, 40-54 minutes",O,383,383,14671,19991.0,2283118.329994533,1.2548896321998115,1.6001822843408564
2024,IL,Urology,99204,"New patient office or other outpatient visit with moderate level of medical decision making, if using time, 45 minutes or more",O,241,241,18820,18824.0,2277089.01999965,1.0001173599435103,2.448529257173566
2024,IL,Gastroenterology,99204,"New patient office or other outpatient visit with moderate level of medical decision making, if using time, 45 minutes or more",O,345,345,19032,19033.0,2254945.110005214,1.0000616712920136,2.34514086772043
2023,IL,Dermatology,99203,"New patient office or other outpatient visit, 30-44 minutes",O,368,368,30389,30391.0,2252840.189999625,1.000075500593084,2.275630340766178
2023,IN,Internal Medicine,99215,"Established patient office or other outpatient visit, 40-54 minutes",O,276,276,13921,19137.0,2242815.480007251,1.2660278234361881,1.5859498436890043
2023,IN,Infectious Disease,99232,"Subsequent hospital care with moderate levelof medical decision making, if using time, at least 35 minutes",F,91,91,12636,38019.0,2238697.41999548,2.530003122019653,2.096099405836536
2023,IN,Ophthalmology,99204,"New patient office or other outpatient visit, 45-59 minutes",O,181,181,21704,21704.0,2238658.140013776,1.0,1.677070779370647
2023,IL,Urology,99204,"New patient office or other outpatient visit, 45-59 minutes",O,248,248,18504,18504.0,2232377.500002926,1.0,2.3767817571209453
2023,IL,Gastroenterology,99232,"Subsequent hospital care with moderate levelof medical decision making, if using time, at least 35 minutes",F,314,314,19678,34708.0,2222223.950001562,1.5813379535406544,2.3236776801586343
2023,IN,Physician Assistant,99285,Emergency department visit with high level of medical decision making,F,261,261,19516,19923.0,2205110.730004553,1.0157556362880358,8.350507494625449
2023,IL,Cardiology,99214,"Established patient office or other outpatient visit, 30-39 minutes",F,175,175,22967,31172.0,2202436.559998797,1.2912054213542443,2.6894354121071564
2023,IN,Nurse Practitioner,99214,"Established patient office or other outpatient visit, 30-39 minutes",F,339,339,23440,38377.0,2196460.009999268,1.5798621660713357,2.4318563543448324
2023,IL,Cardiology,99204,"New patient office or other outpatient visit, 45-59 minutes",O,359,359,18115,18117.0,2184389.949998064,1.0000823157029521,2.311574533876275
2023,IL,Medical Oncology,99214,"Established patient office or other outpatient visit, 30-39 minutes",O,67,67,9236,23926.0,2180606.3600020674,2.1424559799054905,2.3128807053150444
2023,IL,Gastroenterology,99204,"New patient office or other outpatient visit, 45-59 minutes",O,337,337,18323,18326.0,2176246.469997691,1.0001403761047678,2.228099062811202
2024,IN,Infectious Disease,99232,"Subsequent hospital care with moderate levelof medical decision making, if using time, at least 35 minutes",F,92,92,12138,37721.0,2161858.789999822,2.462438817779065,2.1858986978498147
2024,IL,Orthopedic Surgery,99203,"New patient office or other outpatient visit with low level of medical decision making, if using time, 30 minutes or more",O,463,463,28215,28220.0,2159673.500000068,1.000300995124137,2.50750511587187
2023,IN,Nurse Practitioner,99215,"Established patient office or other outpatient visit, 40-54 minutes",O,502,502,15957,20936.0,2139633.290001791,1.2864513278443073,1.9299294944886454
2024,IL,Cardiology,99204,"New patient office or other outpatient visit with moderate level of medical decision making, if using time, 45 minutes or more",O,354,354,17782,17783.0,2138501.749999998,1.0000614099729797,2.412354878391567
2024,IL,Cardiology,99214,"Established patient office or other outpatient visit with moderate level of decision making, if using time, 30 minutes or more",F,180,180,23091,31021.0,2136019.729999581,1.2668866765913844,2.834235397031376
2023,IL,Nurse Practitioner,99215,"Established patient office or other outpatient visit, 40-54 minutes",F,289,289,15128,22551.0,2130875.609999285,1.4240051761465822,3.210046298307123
2023,IL,Internal Medicine,99214,"Established patient office or other outpatient visit, 30-39 minutes",F,229,229,18957,30142.0,2116389.730000091,1.57601827342348,3.1652238164492696
2023,IL,Otolaryngology,99204,"New patient office or other outpatient visit, 45-59 minutes",O,208,208,17133,17134.0,2081185.380008554,1.0000324844074844,2.2691172115159235
2023,IL,Physician Assistant,99203,"New patient office or other outpatient visit, 30-44 minutes",O,722,722,32250,32251.0,2077591.870000084,1.0000087660857673,2.665400678388591
2023,IL,Nurse Practitioner,99203,"New patient office or other outpatient visit, 30-44 minutes",O,915,915,32914,32921.0,2072440.190000018,1.000224594397536,2.501736055899875
2024,IL,Hematology-Oncology,99215,"Established patient office or other outpatient visit with high level of medical decision making, if using time, 40 minutes or more",F,130,130,6981,18158.0,2067075.580006482,2.359684523561304,3.359401490861309
2024,IL,Cardiology,99213,"Established patient office or other outpatient visit with low level od decision making, if using time, 20 minutes or more",O,248,248,21494,32806.0,2051660.430000611,1.3703514457023604,2.0644935991397113
2024,IL,Otolaryngology,99204,"New patient office or other outpatient visit with moderate level of medical decision making, if using time, 45 minutes or more",O,210,210,16871,16873.0,2037558.189997239,1.0000764590704156,2.363919265269964
2023,IL,Interventional Cardiology,99232,"Subsequent hospital care with moderate levelof medical decision making, if using time, at least 35 minutes",F,167,167,16008,31494.0,2030944.609999689,1.7407010025828056,2.3777371276097963
2023,IL,Hematology-Oncology,99214,"Established patient office or other outpatient visit, 30-39 minutes",F,140,140,12312,27552.0,2025776.470000185,1.9459657498381298,2.9867499307679632
2024,IL,Dermatology,99203,"New patient office or other outpatient visit with low level of medical decision making, if using time, 30 minutes or more",O,364,364,27691,27693.0,2024152.559999521,1.000050856799081,2.33339537896822
2024,IL,Nurse Practitioner,99203,"New patient office or other outpatient visit with low level of medical decision making, if using time, 30 minutes or more",O,963,963,33235,33237.0,2012120.230000066,1.000050428399338,2.6220776931528382
2023,IL,Neurology,99232,"Subsequent hospital care with moderate levelof medical decision making, if using time, at least 35 minutes",F,242,242,14450,31460.0,2010529.860000629,1.8962163904447715,2.3824849580642136
2024,IL,Obstetrics & Gynecology,99214,"Established patient office or other outpatient visit with moderate level of decision making, if using time, 30 minutes or more",O,307,307,16965,22050.0,1993962.390002863,1.245199281363453,2.1796159305041654
2024,IL,Hematology-Oncology,99214,"Established patient office or other outpatient visit with moderate level of decision making, if using time, 30 minutes or more",F,146,146,12037,27518.0,1987782.040000875,2.019536713184841,3.224851073760864
2024,IL,Physician Assistant,99203,"New patient office or other outpatient visit with low level of medical decision making, if using time, 30 minutes or more",O,754,754,32149,32154.0,1987409.289999888,1.000151914423726,2.8096606661793375
2024,IL,Interventional Cardiology,99215,"Established patient office or other outpatient visit with high level of medical decision making, if using time, 40 minutes or more",O,122,122,11046,14498.0,1945074.950000076,1.1919471580299688,2.0927747732223874
2024,IN,Rheumatology,99214,"Established patient office or other outpatient visit with moderate level of decision making, if using time, 30 minutes or more",O,71,71,12412,23170.0,1929571.489999841,1.7834942733460981,1.7919729998578542
2023,IL,Obstetrics & Gynecology,99214,"Established patient office or other outpatient visit, 30-39 minutes",O,330,330,16608,21153.0,1911028.699998139,1.2388456038796614,2.0010602407748785
2023,IL,Anesthesiology,99214,"Established patient office or other outpatient visit, 30-39 minutes",O,69,69,8629,20214.0,1908022.029993299,2.0919961783571197,2.5679031182363716
2024,IL,Internal Medicine,99214,"Established patient office or other outpatient visit with moderate level of decision making, if using time, 30 minutes or more",F,228,228,16869,27194.0,1907096.900000606,1.6041510624768727,3.2534547600127914
2023,IL,Hematology-Oncology,99215,"Established patient office or other outpatient visit, 40-54 minutes",F,121,121,6579,16888.0,1897171.0600030131,2.3169110400656225,3.1370806406093172
2023,IL,Hematology-Oncology,99232,"Subsequent hospital care with moderate levelof medical decision making, if using time, at least 35 minutes",F,219,219,10586,29070.0,1887138.4400006179,2.3603617132112307,2.330701959638144
2023,IL,Nurse Practitioner,99285,Emergency department visit with high level of medical decision making,F,242,242,15344,15806.0,1885821.9600022,1.0303610933530094,8.479737047859718
2024,IL,Pain Management,99214,"Established patient office or other outpatient visit with moderate level of decision making, if using time, 30 minutes or more",O,62,62,8894,19839.0,1882720.209997143,2.0809066925239668,2.533994149520328
2024,IL,Anesthesiology,99214,"Established patient office or other outpatient visit with moderate level of decision making, if using time, 30 minutes or more",O,70,70,9022,20162.0,1880401.41999847,2.0424510961130182,2.5783299599202882
2023,IN,Rheumatology,99214,"Established patient office or other outpatient visit, 30-39 minutes",O,68,68,11971,22598.0,1868322.039999778,1.7782703075039117,1.8344133142978496
2024,IN,Physician Assistant,99285,Emergency department visit with high level of medical decision making,F,273,273,17131,17505.0,1863607.229999562,1.0143376508057782,8.50675236325199
2024,IN,Orthopedic Surgery,99204,"New patient office or other outpatient visit with moderate level of medical decision making, if using time, 45 minutes or more",O,313,313,17251,17253.0,1859898.140003083,1.0001720699897734,2.253081765755751
2023,IL,Pain Management,99214,"Established patient office or other outpatient visit, 30-39 minutes",O,60,60,8811,19681.0,1856478.169999314,2.0527063999496145,2.366080501622345
2024,IL,Gastroenterology,99232,"Subsequent hospital care with moderate levelof medical decision making, if using time, at least 35 minutes",F,324,324,17125,29359.0,1837933.019999752,1.5176864289431633,2.5146325542173638
2023,IN,Cardiology,99213,"Established patient office or other outpatient visit, 20-29 minutes",O,221,221,25597,32583.0,1835579.020000491,1.159066151351534,1.8219865219027036
2023,IN,Orthopedic Surgery,99204,"New patient office or other outpatient visit, 45-59 minutes",O,294,294,16752,16752.0,1824711.199998031,1.0,2.148085244553124
2024,IL,Pulmonary Disease,99215,"Established patient office or other outpatient visit with high level of medical decision making, if using time, 40 minutes or more",O,157,157,9724,13282.0,1822103.49000236,1.2857476570332949,2.1071331446961676
2023,IL,Interventional Cardiology,99215,"Established patient office or other outpatient visit, 40-54 minutes",O,117,117,10339,13581.0,1813958.46999725,1.1832328864684332,1.9828717445143307
2024,IL,Nurse Practitioner,99285,Emergency department visit with high level of medical decision making,F,229,229,15433,15971.0,1807495.059997186,1.034324847423683,8.595968977816174
2024,IL,Physician Assistant,99204,"New patient office or other outpatient visit with moderate level of medical decision making, if using time, 45 minutes or more",O,579,579,19012,19013.0,1801452.230000048,1.0001439263097296,2.871133959947597
2023,IN,Occupational Therapist in Private Practice,97110,"Therapy procedure using exercise to develop strength, endurance, range of motion, and flexibility, each 15 minutes",O,231,231,8994,106050.0,1786097.649995375,13.288080066133153,3.378435470891018
2023,IL,Physician Assistant,99204,"New patient office or other outpatient visit, 45-59 minutes",O,525,525,17850,17852.0,1740803.159999996,1.000144217687075,2.7912326422301446
2024,IL,Neurology,99232,"Subsequent hospital care with moderate levelof medical decision making, if using time, at least 35 minutes",F,230,230,12977,27473.0,1713580.070000507,1.8198760805942436,2.584980229981376
2023,IL,General Surgery,99232,"Subsequent hospital care with moderate levelof medical decision making, if using time, at least 35 minutes",F,353,353,13061,26709.0,1712094.510000844,1.8753596743719596,2.436325581685052
2024,IL,Interventional Cardiology,99232,"Subsequent hospital care with moderate levelof medical decision making, if using time, at least 35 minutes",F,166,166,13985,26595.0,1686285.930000355,1.7185531301327603,2.4775840107357867
2024,IL,Family Practice,99204,"New patient office or other outpatient visit with moderate level of medical decision making, if using time, 45 minutes or more",O,510,510,15388,15392.0,1684377.959998545,1.0004993271818532,2.4033832590146478
2024,IN,Hematology-Oncology,99214,"Established patient office or other outpatient visit with moderate level of decision making, if using time, 30 minutes or more",F,96,96,11418,25241.0,1682735.399998248,2.0762781006724738,2.3599564649691778
2024,IN,Occupational Therapist in Private Practice,97110,"Therapy procedure using exercise to develop strength, endurance, range of motion, and flexibility, each 15 minutes",O,239,239,8357,102357.0,1682324.980006889,13.293935223871445,3.3851898793390074
2024,IN,Nurse Practitioner,99204,"New patient office or other outpatient visit with moderate level of medical decision making, if using time, 45 minutes or more",O,605,605,18856,18861.0,1670723.210000005,1.0002243968153057,2.425389362860558
2024,IL,Internal Medicine,99204,"New patient office or other outpatient visit with moderate level of medical decision making, if using time, 45 minutes or more",O,478,478,14624,14626.0,1657372.490001548,1.0001687904146064,2.2197658053392173
2023,IL,Otolaryngology,99203,"New patient office or other outpatient visit, 30-44 minutes",O,205,205,20937,20937.0,1652761.910000007,1.0,2.2744880773261364
2023,IL,Pulmonary Disease,99215,"Established patient office or other outpatient visit, 40-54 minutes",O,144,144,8732,12019.0,1650813.90000372,1.2836836577097535,2.0771293923024925
2023,IN,Hematology-Oncology,99214,"Established patient office or other outpatient visit, 30-39 minutes",F,93,93,10841,23770.0,1627077.570001649,2.087529692387137,2.2320084362518307
2024,IN,Otolaryngology,99213,"Established patient office or other outpatient visit with low level od decision making, if using time, 20 minutes or more",O,150,150,19049,26711.0,1599284.539999059,1.3262767590671622,1.7055647476530038
2023,IN,Otolaryngology,99213,"Established patient office or other outpatient visit, 20-29 minutes",O,148,148,19115,26483.0,1598631.990000029,1.316773205828021,1.6550533772081548
2023,IN,Podiatry,99203,"New patient office or other outpatient visit, 30-44 minutes",O,238,238,22512,22516.0,1590215.869999654,1.0001734550974473,1.8549233666843377
2024,IN,Hematology-Oncology,99215,"Established patient office or other outpatient visit with high level of medical decision making, if using time, 40 minutes or more",O,80,80,5927,13023.0,1569552.699990337,2.0403701257247677,2.0525052877613543
2023,IL,Neurology,99204,"New patient office or other outpatient visit, 45-59 minutes",O,181,181,12930,12930.0,1568763.260000257,1.0,2.318138332080177
2023,IL,Gastroenterology,99213,"Established patient office or other outpatient visit, 20-29 minutes",O,284,284,20261,24641.0,1561819.269999258,1.1426356648019287,1.9365694466437147
2023,IN,Hematology-Oncology,99215,"Established patient office or other outpatient visit, 40-54 minutes",O,87,87,6231,12761.0,1550253.179985985,1.9065829275730521,1.912163108140324
2023,IL,Family Practice,99204,"New patient office or other outpatient visit, 45-59 minutes",O,505,505,13996,13997.0,1547860.550004788,1.0000900090009002,2.302104329874651
2023,IN,Otolaryngology,99214,"Established patient office or other outpatient visit, 30-39 minutes",O,143,143,13144,17861.0,1536557.860001047,1.2633094827343925,1.6379634863394574
2024,IN,Podiatry,99203,"New patient office or other outpatient visit with low level of medical decision making, if using time, 30 minutes or more",O,236,236,22048,22051.0,1529012.670000132,1.00016014170955,1.9361679687735456
2024,IL,Hematology-Oncology,99232,"Subsequent hospital care with moderate levelof medical decision making, if using time, at least 35 minutes",F,212,212,9331,24090.0,1527165.920000056,2.2668233750352202,2.4591390903609645
2024,IN,Pain Management,99214,"Established patient office or other outpatient visit with moderate level of decision making, if using time, 30 minutes or more",O,50,50,7897,17727.0,1515100.439999407,2.252547634114534,2.7680922366378953
2024,IL,Otolaryngology,99203,"New patient office or other outpatient visit with low level of medical decision making, if using time, 30 minutes or more",O,200,200,19271,19274.0,1506371.090000572,1.000054439006555,2.4128926783123554
2024,IL,Podiatry,99204,"New patient office or other outpatient visit with moderate level of medical decision making, if using time, 45 minutes or more",O,301,301,12915,12915.0,1497480.849998949,1.0,1.9949408275720433
2023,IL,Internal Medicine,99204,"New patient office or other outpatient visit, 45-59 minutes",O,448,448,13109,13110.0,1496529.660003335,1.000097049689441,2.1281149751770116
2024,IL,General Surgery,99232,"Subsequent hospital care with moderate levelof medical decision making, if using time, at least 35 minutes",F,348,348,12380,23689.0,1486815.159999393,1.7967398107103896,2.624138111214141
2023,IL,Podiatry,99204,"New patient office or other outpatient visit, 45-59 minutes",O,284,284,12487,12488.0,1483687.639996739,1.0000718597298075,1.8831505329456246
2023,IL,Nurse Practitioner,99213,"Established patient office or other outpatient visit, 20-29 minutes",F,420,420,24146,35913.0,1479957.999999871,1.3996912862775732,3.0310024592994997
2024,IL,Neurology,99204,"New patient office or other outpatient visit with moderate level of medical decision making, if using time, 45 minutes or more",O,178,178,12136,12136.0,1468098.340002476,1.0,2.5192030158412213
2024,IL,Physician Assistant,99215,"Established patient office or other outpatient visit with high level of medical decision making, if using time, 40 minutes or more",O,239,239,9590,13177.0,1460854.490000101,1.3045233890207528,2.6777740186520296
2023,IN,Psychiatry,99232,"Subsequent hospital care with moderate levelof medical decision making, if using time, at least 35 minutes",F,101,101,5030,24678.0,1457219.750001337,3.4070723957026265,1.9064835921785153
2023,IN,Psychiatry,99214,"Established patient office or other outpatient visit, 30-39 minutes",O,130,130,6921,19558.0,1457023.530001698,2.9000533410512213,1.6779569337420845
2024,IN,Cardiology,99213,"Established patient office or other outpatient visit with low level od decision making, if using time, 20 minutes or more",O,202,202,20572,25901.0,1452964.79999954,1.1413574433337306,1.8642365813308615
2023,IN,Clinical Cardiac Electrophysiology,99214,"Established patient office or other outpatient visit, 30-39 minutes",O,55,55,13035,16893.0,1451090.94999908,1.246158799044644,1.8656430244678341
2023,IN,Cardiology,99204,"New patient office or other outpatient visit, 45-59 minutes",O,258,258,13291,13291.0,1449644.029998809,1.0,1.9966703348866752
2023,IN,Pain Management,99214,"Established patient office or other outpatient visit, 30-39 minutes",O,43,43,7622,16504.0,1442370.969998973,2.2052043852918404,2.4971218777736905
2024,IL,Nurse Practitioner,99213,"Established patient office or other outpatient visit with low level od decision making, if using time, 20 minutes or more",F,430,430,24267,35380.0,1439496.090000169,1.392412979400504,3.206941235657935
2023,IL,Obstetrics & Gynecology,99213,"Established patient office or other outpatient visit, 20-29 minutes",O,500,500,16957,22798.0,1434471.990000322,1.2985287656956341,2.014003799352753
2024,IL,Obstetrics & Gynecology,99213,"Established patient office or other outpatient visit with low level od decision making, if using time, 20 minutes or more",O,472,472,16806,22879.0,1431957.739999625,1.3029987142115398,2.174194133708425
2024,IN,Neurology,99215,"Established patient office or other outpatient visit with high level of medical decision making, if using time, 40 minutes or more",O,140,140,8988,11801.0,1427297.420002307,1.2348678776544797,1.7090683553945605
2023,IN,Pulmonary Disease,99232,"Subsequent hospital care with moderate levelof medical decision making, if using time, at least 35 minutes",F,155,155,10343,24245.0,1425906.050002211,1.9160458298583978,2.037181038003771
2023,IN,Orthopedic Surgery,99203,"New patient office or other outpatient visit, 30-44 minutes",O,318,318,19935,19936.0,1421955.390000452,1.0000262054507336,2.1817334142569083
2023,IL,General Surgery,99214,"Established patient office or other outpatient visit, 30-39 minutes",O,276,276,11568,15331.0,1421015.129998708,1.2193090437775411,2.1948114053376355
2024,IN,Clinical Cardiac Electrophysiology,99214,"Established patient office or other outpatient visit with moderate level of decision making, if using time, 30 minutes or more",O,55,55,13076,16832.0,1411579.440001842,1.2203565926303412,1.902814623064055
2024,IN,Otolaryngology,99214,"Established patient office or other outpatient visit with moderate level of decision making, if using time, 30 minutes or more",O,138,138,12276,16420.0,1395809.47999998,1.2482216528301566,1.7228993023005013
2023,IN,Neurology,99215,"Established patient office or other outpatient visit, 40-54 minutes",O,138,138,8532,11388.0,1377423.310003948,1.2349621792242211,1.70152438100953
2024,IL,Gastroenterology,99213,"Established patient office or other outpatient visit with low level od decision making, if using time, 20 minutes or more",O,270,270,17839,21782.0,1375626.329998848,1.1432223863154782,2.0820321992927133
2023,IN,Nurse Practitioner,99203,"New patient office or other outpatient visit, 30-44 minutes",O,682,682,24565,24565.0,1372283.849999645,1.0,2.239817531599086
2023,IN,Nurse Practitioner,99204,"New patient office or other outpatient visit, 45-59 minutes",O,542,542,15208,15210.0,1363397.650000223,1.0002046293190205,2.401944985223442
2023,IL,General Surgery,99213,"Established patient office or other outpatient visit, 20-29 minutes",O,316,316,14372,21018.0,1341167.2999986531,1.3071045547106617,2.1409836230721084
2024,IN,Cardiology,99204,"New patient office or other outpatient visit with moderate level of medical decision making, if using time, 45 minutes or more",O,251,251,12337,12337.0,1321632.09000249,1.0,2.051120759808714
2024,IN,Psychiatry,99214,"Established patient office or other outpatient visit with moderate level of decision making, if using time, 30 minutes or more",O,118,118,6168,17623.0,1319405.539999983,2.976407147923754,1.7510808661783153
2023,IL,Physical Medicine and Rehabilitation,99213,"Established patient office or other outpatient visit, 20-29 minutes",O,115,115,11820,19505.0,1311670.920000805,1.4848740248046948,2.05918380805066
2024,IL,General Surgery,99214,"Established patient office or other outpatient visit with moderate level of decision making, if using time, 30 minutes or more",O,259,259,10412,14056.0,1309865.479999213,1.2201245837472414,2.26076009673055
2024,IL,Dermatology,99204,"New patient office or other outpatient visit with moderate level of medical decision making, if using time, 45 minutes or more",O,257,257,11412,11412.0,1307159.520000265,1.0,2.3542156771605103
2024,IL,Medical Oncology,99215,"Established patient office or other outpatient visit with high level of medical decision making, if using time, 40 minutes or more",O,54,54,4074,10100.0,1306189.53000433,2.251176662034627,2.2265198037212115
2023,IL,Physician Assistant,99232,"Subsequent hospital care with moderate levelof medical decision making, if using time, at least 35 minutes",F,282,282,13484,23956.0,1303599.970000289,1.5936950913796715,2.9246396868041393
2023,IN,Urology,99204,"New patient office or other outpatient visit, 45-59 minutes",O,158,158,11882,11883.0,1292540.490000046,1.0003331112591605,2.2404053843982976
2023,IN,Hematology-Oncology,99213,"Established patient office or other outpatient visit, 20-29 minutes",O,96,96,12434,21802.0,1280411.8799999729,1.6038357564393086,1.9606903374172313
2023,IL,Dermatology,99204,"New patient office or other outpatient visit, 45-59 minutes",O,248,248,11203,11205.0,1280373.320003625,1.0001135847342117,2.3414246420459532
2023,IL,Neurology,99213,"Established patient office or other outpatient visit, 20-29 minutes",O,201,201,16142,20819.0,1276730.829999555,1.2073196211297994,2.0545431982025373
2024,IL,Physical Medicine and Rehabilitation,99213,"Established patient office or other outpatient visit with low level od decision making, if using time, 20 minutes or more",O,113,113,11202,18798.0,1272596.730000018,1.5084527359387,2.2071769870611964
2024,IL,Clinical Cardiac Electrophysiology,99215,"Established patient office or other outpatient visit with high level of medical decision making, if using time, 40 minutes or more",O,67,67,7073,9291.0,1268893.0799978299,1.1868577096315311,2.046061046875568
2024,IL,Interventional Pain Management,99214,"Established patient office or other outpatient visit with moderate level of decision making, if using time, 30 minutes or more",O,35,35,5641,13376.0,1262093.110007714,2.173954808210215,2.812960453235919
2024,IL,Physician Assistant,99232,"Subsequent hospital care with moderate levelof medical decision making, if using time, at least 35 minutes",F,313,313,13475,23420.0,1256556.300000293,1.5805026201602916,3.136025278771136
2023,IL,Pulmonary Disease,99213,"Established patient office or other outpatient visit, 20-29 minutes",O,169,169,15367,19611.0,1250421.380001038,1.191007721891312,2.076772980839717
2023,IN,Medical Oncology,99214,"Established patient office or other outpatient visit, 30-39 minutes",O,31,31,6394,14636.0,1243010.1499993189,2.148412929309429,1.9126667162476731
2024,IN,Nurse Practitioner,99203,"New patient office or other outpatient visit with low level of medical decision making, if using time, 30 minutes or more",O,683,683,22780,22781.0,1239427.4700003376,1.0000276250725157,2.3545412222666537
2023,IL,Pain Management,99213,"Established patient office or other outpatient visit, 20-29 minutes",O,59,59,7813,18264.0,1225813.199999068,1.9749834867343221,2.391924207127971
2023,IL,Clinical Cardiac Electrophysiology,99215,"Established patient office or other outpatient visit, 40-54 minutes",O,74,74,7021,9136.0,1225630.100009114,1.1836268768488742,1.9552936305002646
2024,IN,Psychiatry,99232,"Subsequent hospital care with moderate levelof medical decision making, if using time, at least 35 minutes",F,93,93,4418,21504.0,1219439.589998206,3.677636120014828,2.0172645996558107
2024,IN,Pulmonary Disease,99232,"Subsequent hospital care with moderate levelof medical decision making, if using time, at least 35 minutes",F,147,147,9298,21228.0,1218621.750000765,1.880360886652937,2.105503904671629
2024,IL,General Surgery,99213,"Established patient office or other outpatient visit with low level od decision making, if using time, 20 minutes or more",O,295,295,12899,19045.0,1205692.739999865,1.311633392635132,2.188680175267345
2024,IL,Pulmonary Disease,99204,"New patient office or other outpatient visit with moderate level of medical decision making, if using time, 45 minutes or more",O,188,188,10000,10000.0,1201866.520001799,1.0,2.3412381306865533
2023,IL,Pulmonary Disease,99204,"New patient office or other outpatient visit, 45-59 minutes",O,190,190,9822,9823.0,1196667.100004917,1.0000337381916329,2.2945207437553496
2024,IL,Neurology,99213,"Established patient office or other outpatient visit with low level od decision making, if using time, 20 minutes or more",O,203,203,14878,19060.0,1185407.870000302,1.1841692315941652,2.301168387739813
2023,IN,Physical Medicine and Rehabilitation,99214,"Established patient office or other outpatient visit, 30-39 minutes",O,72,72,7411,13894.0,1182976.110000035,1.7316273777015867,2.112835534349367
2024,IL,Endocrinology,99215,"Established patient office or other outpatient visit with high level of medical decision making, if using time, 40 minutes or more",O,135,135,7084,9192.0,1182153.230002718,1.2426840922043587,2.1769546803619324
2023,IL,General Surgery,99204,"New patient office or other outpatient visit, 45-59 minutes",O,272,272,9734,9734.0,1178082.569999777,1.0,2.4126920270365972
2023,IL,Medical Oncology,99214,"Established patient office or other outpatient visit, 30-39 minutes",F,51,51,6245,15978.0,1176622.780001293,2.3164079977077874,2.342801863225207
2024,IN,Urology,99204,"New patient office or other outpatient visit with moderate level of medical decision making, if using time, 45 minutes or more",O,165,165,10953,10953.0,1176609.019997312,1.0,2.2609903609672095
2024,IN,Physical Medicine and Rehabilitation,99214,"Established patient office or other outpatient visit with moderate level of decision making, if using time, 30 minutes or more",O,68,68,7332,13697.0,1176283.0300000536,1.6468237897063205,2.0328441802818076
2023,IL,Hand Surgery,99213,"Established patient office or other outpatient visit, 20-29 minutes",O,75,75,12043,17540.0,1176021.710000506,1.4107593321773886,2.0191496335787296
2024,IL,Emergency Medicine,99214,"Established patient office or other outpatient visit with moderate level of decision making, if using time, 30 minutes or more",O,141,141,11604,13968.0,1175642.300001665,1.1549804107806236,2.4224579116498113
2024,IN,Orthopedic Surgery,99203,"New patient office or other outpatient visit with low level of medical decision making, if using time, 30 minutes or more",O,308,308,16954,16956.0,1172484.929999615,1.0000706646294881,2.2837630298482705
2023,IL,Endocrinology,99215,"Established patient office or other outpatient visit, 40-54 minutes",O,127,127,6844,9187.0,1167826.740000917,1.2776619781522724,2.202594039985578
2023,IL,Emergency Medicine,99214,"Established patient office or other outpatient visit, 30-39 minutes",O,145,145,11106,13618.0,1161579.610004036,1.1770823669617496,2.421574100857476
2024,IN,Cardiology,99215,"Established patient office or other outpatient visit with high level of medical decision making, if using time, 40 minutes or more",O,138,138,7534,9414.0,1159756.880002677,1.2023186631400125,1.7388675645207476
2024,IL,Pulmonary Disease,99213,"Established patient office or other outpatient visit with low level od decision making, if using time, 20 minutes or more",O,175,175,14394,18107.0,1153506.400000287,1.1842691926786155,2.117950441760046
2023,IL,Interventional Pain Management,99214,"Established patient office or other outpatient visit, 30-39 minutes",O,33,33,5548,12191.0,1152434.0499993449,2.065089626068533,2.5245832417105483
2024,IL,Hand Surgery,99213,"Established patient office or other outpatient visit with low level od decision making, if using time, 20 minutes or more",O,77,77,11974,17403.0,1152420.610000837,1.4083985499708225,2.129095630344971
2024,IL,General Surgery,99204,"New patient office or other outpatient visit with moderate level of medical decision making, if using time, 45 minutes or more",O,260,260,9543,9544.0,1147502.599997951,1.000058275058275,2.4775059242119717
2023,IL,Allergy/ Immunology,99214,"Established patient office or other outpatient visit, 30-39 minutes",O,115,115,7098,12334.0,1143759.320001495,1.679975220838788,1.8944376384776866
2023,IN,Gastroenterology,99214,"Established patient office or other outpatient visit, 30-39 minutes",O,159,159,11084,13600.0,1137755.350000306,1.1736109240394803,1.820831913124263
2023,IN,Anesthesiology,99214,"Established patient office or other outpatient visit, 30-39 minutes",O,41,41,5292,13016.0,1135766.930006198,2.094809592687229,2.0213637456773896
2024,IN,Gastroenterology,99214,"Established patient office or other outpatient visit with moderate level of decision making, if using time, 30 minutes or more",O,156,156,11091,13522.0,1135454.360000532,1.1794734746670943,1.8555232300291864
2024,IL,Urology,99215,"Established patient office or other outpatient visit with high level of medical decision making, if using time, 40 minutes or more",O,133,133,6556,8275.0,1130057.98000413,1.1572311760049039,2.1476901727746958
2023,IN,Nurse Practitioner,99285,Emergency department visit with high level of medical decision making,F,137,137,9905,10184.0,1127370.079997512,1.0201176663907523,7.233088077862823
2023,IN,Neurology,99232,"Subsequent hospital care with moderate levelof medical decision making, if using time, at least 35 minutes",F,130,130,8396,19130.0,1122804.400001384,1.7331216490115153,2.1460741176859264
2024,IN,Nurse Practitioner,99285,Emergency department visit with high level of medical decision making,F,160,160,10168,10466.0,1110107.179998111,1.0194354383919195,7.909438318594466
2023,IL,Physician Assistant,99215,"Established patient office or other outpatient visit, 40-54 minutes",O,200,200,7858,10069.0,1106369.230002644,1.1950245534140844,2.617669861079595
2023,IL,Anesthesiology,99213,"Established patient office or other outpatient visit, 20-29 minutes",O,66,66,6591,16255.0,1105097.260001047,2.3347725553219805,2.642064745438756
2024,IN,Podiatry,99214,"Established patient office or other outpatient visit with moderate level of decision making, if using time, 30 minutes or more",O,141,141,8448,13114.0,1098244.419999576,1.3671549813640937,1.7433935244996766
2024,IN,Nurse Practitioner,99213,"Established patient office or other outpatient visit with low level od decision making, if using time, 20 minutes or more",F,307,307,19398,29479.0,1096006.610000533,1.5034716830378652,2.6166471490059457
2023,IL,Cardiology,93000,Routine electrocardiogram (ecg) using at least 12 leads with interpretation and report,O,416,416,82995,102335.0,1093769.159999323,1.1890341479524926,6.050813662577058
2023,IN,Nurse Practitioner,99213,"Established patient office or other outpatient visit, 20-29 minutes",F,295,295,18001,28381.0,1083904.540000158,1.5357761099797034,2.5244160923021846
2024,IL,Physical Medicine and Rehabilitation,99204,"New patient office or other outpatient visit with moderate level of medical decision making, if using time, 45 minutes or more",O,101,101,8595,8596.0,1077980.7599957031,1.0004950495049505,2.5558194253653186
2023,IN,Cardiology,99215,"Established patient office or other outpatient visit, 40-54 minutes",O,139,139,6884,8695.0,1075229.490005983,1.1840254691662877,1.6856893996667692
2024,IN,Hematology-Oncology,99213,"Established patient office or other outpatient visit with low level od decision making, if using time, 20 minutes or more",O,84,84,11092,18024.0,1066714.890001565,1.4907595141163226,2.0454941193894554
2024,IN,Hematology-Oncology,99215,"Established patient office or other outpatient visit with high level of medical decision making, if using time, 40 minutes or more",F,81,81,4630,10402.0,1064640.419998097,2.1240453558780286,2.132034680105194
2023,IL,Interventional Cardiology,99204,"New patient office or other outpatient visit, 45-59 minutes",O,160,160,8887,8889.0,1055232.360001666,1.0001835794888816,2.3332607943800063
2024,IN,Medical Oncology,99214,"Established patient office or other outpatient visit with moderate level of decision making, if using time, 30 minutes or more",O,38,38,5826,13028.0,1046733.359999539,1.9189346550256505,2.0766411871996904
2024,IL,Allergy/ Immunology,99214,"Established patient office or other outpatient visit with moderate level of decision making, if using time, 30 minutes or more",O,116,116,6768,11403.0,1046192.070001589,1.6256773905375728,2.103391536545564
2024,IL,Nephrology,99215,"Established patient office or other outpatient visit with high level of medical decision making, if using time, 40 minutes or more",O,113,113,6053,9422.0,1036449.0699959,1.4669625298457525,2.136589241660123
2023,IN,Physician Assistant,99203,"New patient office or other outpatient visit, 30-44 minutes",O,393,393,18046,18050.0,1033776.520000224,1.0002180477313936,2.460678201265925
2023,IL,Endocrinology,99232,"Subsequent hospital care with moderate levelof medical decision making, if using time, at least 35 minutes",F,103,103,4790,15807.0,1032013.569999229,2.75566837291095,2.2696749735371697
2024,IL,Interventional Cardiology,99204,"New patient office or other outpatient visit with moderate level of medical decision making, if using time, 45 minutes or more",O,147,147,8612,8612.0,1031810.770001699,1.0,2.4154309452567784
2024,IL,Sports Medicine,99214,"Established patient office or other outpatient visit with moderate level of decision making, if using time, 30 minutes or more",O,79,79,7786,11404.0,1017117.410002833,1.3764424917941402,2.2779891221196844
2023,IL,Urology,99215,"Established patient office or other outpatient visit, 40-54 minutes",O,121,121,5915,7480.0,1015568.730003347,1.1594092267989637,2.0378719491136135
2023,IN,Otolaryngology,99204,"New patient office or other outpatient visit, 45-59 minutes",O,135,135,9312,9313.0,1010200.650000707,1.000050390526581,1.817166831941872
2023,IL,Geriatric Medicine,99214,"Established patient office or other outpatient visit, 30-39 minutes",O,49,49,6081,11395.0,1006633.010000314,1.8688728278627074,2.148293142948268
2024,IL,Neurology,99214,"Established patient office or other outpatient visit with moderate level of decision making, if using time, 30 minutes or more",F,173,173,10930,14077.0,1004702.829999769,1.2122163961306607,2.8109758459638714
2024,IL,Pain Management,99213,"Established patient office or other outpatient visit with low level od decision making, if using time, 20 minutes or more",O,57,57,7084,14978.0,1003830.1199989769,1.8291176512558316,2.6616719802637268
2023,IN,Podiatry,99214,"Established patient office or other outpatient visit, 30-39 minutes",O,135,135,7513,11812.0,1000705.719999514,1.350038911492468,1.668791936944107
2024,IL,Geriatric Medicine,99214,"Established patient office or other outpatient visit with moderate level of decision making, if using time, 30 minutes or more",O,48,48,5975,11271.0,999714.450001863,1.9276451763683806,2.188757543868622
2023,IL,Orthopedic Surgery,97110,"Therapy procedure using exercise to develop strength, endurance, range of motion, and flexibility, each 15 minutes",O,79,79,5788,52415.0,997254.760003757,12.284160757260873,3.667870038223326
2023,IL,Rheumatology,99215,"Established patient office or other outpatient visit, 40-54 minutes",O,90,90,5182,7381.0,992385.989996904,1.3320553876943833,2.1705000463179727
2024,IN,Physician Assistant,99203,"New patient office or other outpatient visit with low level of medical decision making, if using time, 30 minutes or more",O,407,407,17633,17633.0,987514.399999768,1.0,2.5824606461209814
2024,IL,Neurology,99215,"Established patient office or other outpatient visit with high level of medical decision making, if using time, 40 minutes or more",F,142,142,7065,9027.0,986656.310002095,1.204035221438847,2.657749802305431
2024,IL,Sports Medicine,99213,"Established patient office or other outpatient visit with low level od decision making, if using time, 20 minutes or more",O,82,82,10231,15341.0,984793.070000053,1.4366427986488994,2.1377087761335654
2024,IN,Otolaryngology,99204,"New patient office or other outpatient visit with moderate level of medical decision making, if using time, 45 minutes or more",O,136,136,9135,9135.0,978767.850001401,1.0,1.9200948810601655
2023,IL,Rheumatology,99214,"Established patient office or other outpatient visit, 30-39 minutes",F,56,56,7973,13825.0,978567.910000433,1.7354747681639853,2.4318995725789354
2024,IL,Rheumatology,99215,"Established patient office or other outpatient visit with high level of medical decision making, if using time, 40 minutes or more",O,98,98,5028,7223.0,974016.030001372,1.3383898045112355,2.228207163557132
2024,IL,Cardiology,93000,Routine electrocardiogram (ecg) using at least 12 leads with interpretation and report,O,402,402,75790,92850.0,973442.869999189,1.1784729397280242,6.3758234606072035
2024,IL,Endocrinology,99232,"Subsequent hospital care with moderate levelof medical decision making, if using time, at least 35 minutes",F,110,110,4748,15154.0,972427.100001166,2.7579146287255036,2.499418334513198
2023,IL,Neurology,99215,"Established patient office or other outpatient visit, 40-54 minutes",F,128,128,6842,8765.0,970422.790002362,1.1938693540377032,2.5615848515326944
2023,IL,Physical Medicine and Rehabilitation,99204,"New patient office or other outpatient visit, 45-59 minutes",O,102,102,7799,7799.0,970402.850003813,1.0,2.5044422786457687
2023,IL,Family Practice,99285,Emergency department visit with high level of medical decision making,F,67,67,6493,6933.0,969870.72000318,1.0537911811466127,7.723467555958435
2024,IN,Neurology,99232,"Subsequent hospital care with moderate levelof medical decision making, if using time, at least 35 minutes",F,126,126,7536,16720.0,962270.509997959,1.6854185340821428,2.2410274244700377
2023,IL,Medical Oncology,99215,"Established patient office or other outpatient visit, 40-54 minutes",O,45,45,3245,7309.0,958782.620001848,2.000788823291798,2.2914751493157888
2023,IL,Neurology,99214,"Established patient office or other outpatient visit, 30-39 minutes",F,156,156,9964,13110.0,950775.709999615,1.2408860193390656,2.6961573271715387
2023,IL,Sports Medicine,99213,"Established patient office or other outpatient visit, 20-29 minutes",O,77,77,9556,14341.0,940918.3299999,1.4586863726996095,2.1275358246897382
2024,IL,Anesthesiology,99213,"Established patient office or other outpatient visit with low level od decision making, if using time, 20 minutes or more",O,68,68,6921,14138.0,931457.820000294,1.9792816842656098,2.6886408746196118
2024,IN,Anesthesiology,99214,"Established patient office or other outpatient visit with moderate level of decision making, if using time, 30 minutes or more",O,38,38,4779,10621.0,922372.540003447,1.8966737768455673,2.2956654513597474
2023,IL,Family Practice,99203,"New patient office or other outpatient visit, 30-44 minutes",O,312,312,12344,12344.0,922239.599999545,1.0,2.314397100655128
2023,IN,Hematology-Oncology,99215,"Established patient office or other outpatient visit, 40-54 minutes",F,77,77,3996,8789.0,916715.480004238,2.0188258073289957,2.0650722600502522
2023,IL,Sports Medicine,99214,"Established patient office or other outpatient visit, 30-39 minutes",O,73,73,7027,10055.0,915280.1300025621,1.3331645208515537,2.2150731936506913
2024,IL,Family Practice,99285,Emergency department visit with high level of medical decision making,F,66,66,6393,6829.0,914183.54000163,1.0554069816414124,7.622600083285296
2024,IL,Hand Surgery,99214,"Established patient office or other outpatient visit with moderate level of decision making, if using time, 30 minutes or more",O,65,65,7507,9772.0,911454.4399996611,1.2383589767852847,2.1700588880502676
2024,IL,Rheumatology,99214,"Established patient office or other outpatient visit with moderate level of decision making, if using time, 30 minutes or more",F,57,57,7548,12827.0,908410.099999698,1.6382041592413747,2.683736257844579
2023,IL,Rheumatology,99213,"Established patient office or other outpatient visit, 20-29 minutes",O,109,109,8778,14189.0,906757.370000008,1.473173519470479,2.0646866051967345
2023,IN,Physical Medicine and Rehabilitation,99213,"Established patient office or other outpatient visit, 20-29 minutes",O,73,73,6421,14764.0,887068.94000107,2.134657919799055,2.132137845833602
2024,IL,Physician Assistant,99214,"Established patient office or other outpatient visit with moderate level of decision making, if using time, 30 minutes or more",F,172,172,10391,14363.0,876721.079998906,1.301039573621569,3.268766923954618
2024,IN,Cardiology,99214,"Established patient office or other outpatient visit with moderate level of decision making, if using time, 30 minutes or more",F,97,97,10505,13535.0,861086.669999728,1.2037444712105965,2.780937340994051
2023,IL,Nephrology,99215,"Established patient office or other outpatient visit, 40-54 minutes",O,108,108,5267,8077.0,851507.900002951,1.487330085433688,2.300098895619413
2024,IL,Family Practice,99214,"Established patient office or other outpatient visit with moderate level of decision making, if using time, 30 minutes or more",F,114,114,7212,12340.0,841288.739999447,1.5266008637306816,2.8306918020109793
2023,IN,Neurology,99213,"Established patient office or other outpatient visit, 20-29 minutes",O,137,137,11070,14784.0,839343.239999861,1.25445876071338,1.6846875809422948
2023,IN,Dermatology,99203,"New patient office or other outpatient visit, 30-44 minutes",O,132,132,12917,12917.0,838872.429999696,1.0,1.904808672353683
2024,IN,Physical Medicine and Rehabilitation,99213,"Established patient office or other outpatient visit with low level od decision making, if using time, 20 minutes or more",O,68,68,6332,13690.0,835235.559999993,2.0449245524774438,2.0665449764807926
2024,IN,Optometry,99204,"New patient office or other outpatient visit with moderate level of medical decision making, if using time, 45 minutes or more",O,195,195,8289,8291.0,826893.630004074,1.00002664002664,1.3484328290416707
2024,IL,Orthopedic Surgery,97110,"Therapy procedure using exercise to develop strength, endurance, range of motion, and flexibility, each 15 minutes",O,62,62,4981,45295.0,814219.650004793,11.211974065805407,4.078069169400399
2023,IN,Interventional Pain Management,99214,"Established patient office or other outpatient visit, 30-39 minutes",O,21,21,3416,9527.0,811732.509999965,2.908501694469571,2.2203594730744527
2023,IL,Internal Medicine,99215,"Established patient office or other outpatient visit, 40-54 minutes",F,97,97,4398,7362.0,811246.690005255,1.5300449425371063,2.8481955376695667
2023,IL,Endocrinology,99204,"New patient office or other outpatient visit, 45-59 minutes",O,158,158,6865,6865.0,808039.869999365,1.0,2.391224788963499
2023,IL,Hand Surgery,99214,"Established patient office or other outpatient visit, 30-39 minutes",O,59,59,6677,8487.0,803320.150000733,1.2182170053724257,2.1076730789082214
2023,IL,General Practice,99214,"Established patient office or other outpatient visit, 30-39 minutes",O,48,48,4439,9581.0,802360.559999886,2.2344925677616403,1.6830268458799649
2023,IL,Family Practice,99214,"Established patient office or other outpatient visit, 30-39 minutes",F,110,110,6803,11584.0,799583.810000268,1.4879189631087077,2.687626533889124
2024,IL,Rheumatology,99213,"Established patient office or other outpatient visit with low level od decision making, if using time, 20 minutes or more",O,98,98,7649,12504.0,799187.730000827,1.4930469359943754,2.233231460006472
2023,IN,Gastroenterology,99232,"Subsequent hospital care with moderate levelof medical decision making, if using time, at least 35 minutes",F,129,129,7213,13416.0,798526.819999565,1.650624873652304,2.101154970583377
2024,IN,Physician Assistant,99204,"New patient office or other outpatient visit with moderate level of medical decision making, if using time, 45 minutes or more",O,280,280,9012,9013.0,797816.709999725,1.0000871080139373,2.4957147232280943
2024,IN,Dermatology,99203,"New patient office or other outpatient visit with low level of medical decision making, if using time, 30 minutes or more",O,132,132,12204,12205.0,791392.830000214,1.0000561167227835,1.9340276016153477
2023,IL,Hematology-Oncology,99204,"New patient office or other outpatient visit, 45-59 minutes",O,166,166,6527,6527.0,788845.520001919,1.0,2.6048137108412526
2023,IN,Optometry,99204,"New patient office or other outpatient visit, 45-59 minutes",O,177,177,8055,8056.0,787243.239998271,1.0001345170836695,1.3185679860894188
2024,IL,Endocrinology,99204,"New patient office or other outpatient visit with moderate level of medical decision making, if using time, 45 minutes or more",O,153,153,6744,6744.0,786994.860002543,1.0,2.417850817439027
2023,IL,Nephrology,99214,"Established patient office or other outpatient visit, 30-39 minutes",F,86,86,6906,10612.0,785145.659999453,1.4769860185648955,3.24487998398861
2024,IN,Gastroenterology,99232,"Subsequent hospital care with moderate levelof medical decision making, if using time, at least 35 minutes",F,134,134,7269,13330.0,782225.809999075,1.6017468871686267,2.1256964465433166
2024,IN,Nurse Practitioner,99215,"Established patient office or other outpatient visit with high level of medical decision making, if using time, 40 minutes or more",F,135,135,6203,9047.0,772496.5000002229,1.4237922784128885,2.2908031040221926
2023,IN,Family Practice,99204,"New patient office or other outpatient visit, 45-59 minutes",O,297,297,8053,8056.0,772443.410000584,1.0001949504309104,1.9546383717976872
2024,IL,Internal Medicine,99215,"Established patient office or other outpatient visit with high level of medical decision making, if using time, 40 minutes or more",F,98,98,4487,7067.0,772111.869994028,1.4709255943144408,2.912151044441959
2023,IL,Physician Assistant,99214,"Established patient office or other outpatient visit, 30-39 minutes",F,140,140,8672,12148.0,765319.829999296,1.313827562609818,2.9669397654795744
2024,IL,Nephrology,99204,"New patient office or other outpatient visit with moderate level of medical decision making, if using time, 45 minutes or more",O,175,175,6402,6403.0,763009.140000936,1.0002721088435373,2.1201286438695894
2023,IN,Neurology,99204,"New patient office or other outpatient visit, 45-59 minutes",O,112,112,7008,7008.0,761188.790002333,1.0,1.9476066163060588
2023,IL,Nephrology,99204,"New patient office or other outpatient visit, 45-59 minutes",O,180,180,6332,6333.0,759677.71000114,1.0001048218029351,2.079896929556821
2024,IL,Hematology-Oncology,99204,"New patient office or other outpatient visit with moderate level of medical decision making, if using time, 45 minutes or more",O,154,154,6330,6330.0,759342.260000602,1.0,2.6702025431217766
2023,IL,Urology,99232,"Subsequent hospital care with moderate levelof medical decision making, if using time, at least 35 minutes",F,148,148,6803,11647.0,756988.79999947,1.48200803271323,2.1112048792635147
2024,IL,Emergency Medicine,99213,"Established patient office or other outpatient visit with low level od decision making, if using time, 20 minutes or more",O,136,136,11073,12452.0,748998.440000282,1.1146914362493625,2.1951924910475
2023,IL,Cardiology,99215,"Established patient office or other outpatient visit, 40-54 minutes",F,97,97,5177,6691.0,743848.440001306,1.1989861575973082,2.6798655286214292
2024,IL,Ophthalmology,99214,"Established patient office or other outpatient visit with moderate level of decision making, if using time, 30 minutes or more",F,56,56,7309,10548.0,743768.690000294,1.3999080549498566,4.351301963859545
2024,IL,Nephrology,99214,"Established patient office or other outpatient visit with moderate level of decision making, if using time, 30 minutes or more",F,74,74,6499,10296.0,742037.46000049,1.608693272319215,3.2781366735644446
2023,IL,Emergency Medicine,99213,"Established patient office or other outpatient visit, 20-29 minutes",O,144,144,10267,11849.0,741784.559999726,1.1433027264562299,2.1967834138982294
2023,IN,Internal Medicine,99214,"Established patient office or other outpatient visit, 30-39 minutes",F,99,99,6157,11306.0,741577.640001117,1.4983265287339185,2.175262070069199
2023,IN,Cardiology,99214,"Established patient office or other outpatient visit, 30-39 minutes",F,88,88,8878,11093.0,740999.909999654,1.186045485507619,2.489269741050444
2024,IL,Pulmonary Disease,99214,"Established patient office or other outpatient visit with moderate level of decision making, if using time, 30 minutes or more",F,113,113,7435,10180.0,739903.700000376,1.3059673148770778,2.98759154397994
2023,IN,Pain Management,99213,"Established patient office or other outpatient visit, 20-29 minutes",O,43,43,6534,12337.0,738780.259999351,1.8757871542453435,2.4373417508326414
2023,IN,Family Practice,99285,Emergency department visit with high level of medical decision making,F,48,48,5253,5594.0,737424.06000031,1.048605418867475,6.970806390558892
2023,IN,Otolaryngology,99203,"New patient office or other outpatient visit, 30-44 minutes",O,130,130,10198,10200.0,735889.259999849,1.000133779264214,1.883925663443174
2023,IL,Ophthalmology,99214,"Established patient office or other outpatient visit, 30-39 minutes",F,61,61,7380,10224.0,735637.670000291,1.3264945825832877,4.028813366127995
2024,IL,Hematology,99215,"Established patient office or other outpatient visit with high level of medical decision making, if using time, 40 minutes or more",O,13,13,1547,5255.0,735430.29000085,2.261073106377099,2.1468821069655672
2023,IN,Internal Medicine,99204,"New patient office or other outpatient visit, 45-59 minutes",O,228,228,7106,7108.0,733016.409997218,1.0002454051796157,1.9726990097632209
2023,IN,General Surgery,99213,"Established patient office or other outpatient visit, 20-29 minutes",O,217,217,9108,12123.0,731031.669999959,1.2946439278267046,1.7792551888503203
2024,IN,General Surgery,99213,"Established patient office or other outpatient visit with low level od decision making, if using time, 20 minutes or more",O,213,213,8917,12008.0,723924.469999871,1.2778986246314625,1.9601585303523168
2023,IL,Interventional Cardiology,99213,"Established patient office or other outpatient visit, 20-29 minutes",O,115,115,10051,11651.0,722443.21999969,1.1186886953426003,2.046868894577227
2024,IL,Optometry,99204,"New patient office or other outpatient visit with moderate level of medical decision making, if using time, 45 minutes or more",O,199,199,6724,6724.0,722369.780002552,1.0,1.5426618132843077
2024,IL,Family Practice,99203,"New patient office or other outpatient visit with low level of medical decision making, if using time, 30 minutes or more",O,278,278,10200,10200.0,721820.499999512,1.0,2.434944780241212
2023,IL,Nephrology,99213,"Established patient office or other outpatient visit, 20-29 minutes",O,140,140,9364,12351.0,719132.020000535,1.2437509449744806,2.1027683002664244
2023,IN,Pulmonary Disease,99213,"Established patient office or other outpatient visit, 20-29 minutes",O,129,129,9749,12052.0,718510.130000268,1.165712818444648,1.7173847345432283
2023,IL,Medical Oncology,99215,"Established patient office or other outpatient visit, 40-54 minutes",F,48,48,2649,6411.0,716201.45999886,2.078827096622893,2.3839644548799925
2023,IL,Rheumatology,99204,"New patient office or other outpatient visit, 45-59 minutes",O,105,105,5895,5895.0,715749.800001472,1.0,2.42101450636503
2024,IL,Hand Surgery,99204,"New patient office or other outpatient visit with moderate level of medical decision making, if using time, 45 minutes or more",O,62,62,5955,5956.0,712497.729999963,1.0001135847342117,2.4129189769414436
2023,IL,Optometry,99204,"New patient office or other outpatient visit, 45-59 minutes",O,198,198,6710,6712.0,705340.449998749,1.0000635283654151,1.4557808949373654
2023,IL,Hand Surgery,99203,"New patient office or other outpatient visit, 30-44 minutes",O,69,69,8757,8758.0,701272.560000277,1.0000252927637403,2.2676698734816427
2024,IN,Family Practice,99204,"New patient office or other outpatient visit with moderate level of medical decision making, if using time, 45 minutes or more",O,254,254,7362,7363.0,687492.610001096,1.000145815106445,2.0532827295161047
2024,IN,Neurology,99204,"New patient office or other outpatient visit with moderate level of medical decision making, if using time, 45 minutes or more",O,109,109,6415,6416.0,686093.809996135,1.0001207146306133,2.0267813105569292
2024,IN,Internal Medicine,99214,"Established patient office or other outpatient visit with moderate level of decision making, if using time, 30 minutes or more",F,92,92,5826,10668.0,680867.190000003,1.5231479363842262,2.2636986173061833
2023,IL,Infectious Disease,99214,"Established patient office or other outpatient visit, 30-39 minutes",O,98,98,4322,7144.0,678199.540000813,1.5551692209296086,1.917044778374955
2024,IL,General Practice,99214,"Established patient office or other outpatient visit with moderate level of decision making, if using time, 30 minutes or more",O,41,41,3622,8229.0,678117.49999982,2.241220660271197,1.7424846310946718
2024,IL,Infectious Disease,99214,"Established patient office or other outpatient visit with moderate level of decision making, if using time, 30 minutes or more",O,111,111,4633,7276.0,671707.75000018,1.5193649366682396,2.0587300717709462
2024,IN,Physician Assistant,99232,"Subsequent hospital care with moderate levelof medical decision making, if using time, at least 35 minutes",F,169,169,7675,13659.0,668315.3099995609,1.5751796389323092,2.7025484680231777
2024,IN,Otolaryngology,99203,"New patient office or other outpatient visit with low level of medical decision making, if using time, 30 minutes or more",O,128,128,9573,9573.0,667047.320000562,1.0,1.9716951524302526
2023,IN,Physician Assistant,99204,"New patient office or other outpatient visit, 45-59 minutes",O,236,236,7285,7286.0,666329.519998573,1.0000814863102998,2.4415444458011097
2024,IL,Medical Oncology,99213,"Established patient office or other outpatient visit with low level od decision making, if using time, 20 minutes or more",O,47,47,5915,11160.0,665371.1799996,1.530892485818123,2.108884187878845
2024,IL,Nephrology,99213,"Established patient office or other outpatient visit with low level od decision making, if using time, 20 minutes or more",O,125,125,8517,11191.0,664952.539999322,1.2361811256867505,2.1701091815948703
2023,IN,Physician Assistant,99232,"Subsequent hospital care with moderate levelof medical decision making, if using time, at least 35 minutes",F,158,158,7377,13332.0,662636.820000291,1.6233027744702733,2.709755238130303
2024,IN,Emergency Medicine,99214,"Established patient office or other outpatient visit with moderate level of decision making, if using time, 30 minutes or more",O,48,48,4947,8432.0,662124.649999562,1.4194664986231469,1.9367443545788348
2024,IL,Interventional Cardiology,99213,"Established patient office or other outpatient visit with low level od decision making, if using time, 20 minutes or more",O,109,109,9281,10707.0,660009.070000128,1.105824887525042,2.1249024327394666
2024,IL,Rheumatology,99204,"New patient office or other outpatient visit with moderate level of medical decision making, if using time, 45 minutes or more",O,102,102,5406,5406.0,658768.680002954,1.0,2.50736122391019
2023,IN,Nephrology,99213,"Established patient office or other outpatient visit, 20-29 minutes",O,103,103,8622,12106.0,657194.089999742,1.2866782381482134,1.9034377801062423
2024,IN,Pain Management,99213,"Established patient office or other outpatient visit with low level od decision making, if using time, 20 minutes or more",O,46,46,6122,10824.0,654929.600000942,1.722085804429701,2.8294724158304176
2023,IL,Hand Surgery,99204,"New patient office or other outpatient visit, 45-59 minutes",O,56,56,5380,5380.0,654753.139995144,1.0,2.3773921419199375
2023,IL,Clinical Cardiac Electrophysiology,99232,"Subsequent hospital care with moderate levelof medical decision making, if using time, at least 35 minutes",F,86,86,5066,10101.0,654589.670000682,1.635478025010668,2.2332112298621163
2024,IN,Interventional Cardiology,99232,"Subsequent hospital care with moderate levelof medical decision making, if using time, at least 35 minutes",F,91,91,5774,11270.0,654001.470000378,1.697534692929437,2.088510330975711
2024,IN,Interventional Pain Management,99214,"Established patient office or other outpatient visit with moderate level of decision making, if using time, 30 minutes or more",O,22,22,3310,7624.0,653885.290000478,2.278988707677882,2.524527416646203
2023,IN,Emergency Medicine,99214,"Established patient office or other outpatient visit, 30-39 minutes",O,50,50,4875,8248.0,652411.80999937,1.4003761039338105,1.9645453553852392
2023,IL,Nephrology,99215,"Established patient office or other outpatient visit, 40-54 minutes",F,42,42,3516,5771.0,650501.449998037,1.4644367679320596,3.120369744654711
2024,IL,Vascular Surgery,99214,"Established patient office or other outpatient visit with moderate level of decision making, if using time, 30 minutes or more",O,69,69,4985,6729.0,649597.0799957,1.234876952484281,2.4087487711333933
2023,IL,Vascular Surgery,99214,"Established patient office or other outpatient visit, 30-39 minutes",O,73,73,5016,6773.0,643796.469999395,1.2352948809556163,2.3641050091505496
2023,IL,General Surgery,99203,"New patient office or other outpatient visit, 30-44 minutes",O,232,232,8176,8176.0,643499.340000079,1.0,2.425564976831423
2023,IN,Allergy/ Immunology,99214,"Established patient office or other outpatient visit, 30-39 minutes",O,47,47,4285,7587.0,642847.899999307,1.6561506240974497,1.744876454434463
2024,IN,Pulmonary Disease,99213,"Established patient office or other outpatient visit with low level od decision making, if using time, 20 minutes or more",O,120,120,8711,10710.0,641629.43000048,1.1509828482397382,1.766907999477373
2024,IL,Urology,99214,"Established patient office or other outpatient visit with moderate level of decision making, if using time, 30 minutes or more",F,60,60,7158,9145.0,641383.630000029,1.2467025657087458,3.431406126838003
2023,IL,Internal Medicine,99213,"Established patient office or other outpatient visit, 20-29 minutes",F,155,155,9792,13100.0,639798.810000662,1.413676429616662,2.8258971028077364
2024,IL,Cardiology,99215,"Established patient office or other outpatient visit with high level of medical decision making, if using time, 40 minutes or more",F,105,105,4717,5842.0,638213.590000439,1.1673263824247453,2.7744999858471524
2024,IN,General Surgery,99204,"New patient office or other outpatient visit with moderate level of medical decision making, if using time, 45 minutes or more",O,192,192,5791,5791.0,634275.940000321,1.0,2.0800249421005224
2024,IN,Neurology,99213,"Established patient office or other outpatient visit with low level od decision making, if using time, 20 minutes or more",O,124,124,9274,11239.0,632957.8099995661,1.150999535706241,1.7238661612840094
2023,IL,Pulmonary Disease,99214,"Established patient office or other outpatient visit, 30-39 minutes",F,103,103,6552,8563.0,631585.009999911,1.2798117423761963,2.881813738178451
2024,IL,Medical Oncology,99214,"Established patient office or other outpatient visit with moderate level of decision making, if using time, 30 minutes or more",F,37,37,3486,8982.0,631573.340000625,2.0613697508666196,3.342853325879797
2023,IL,Endocrinology,99213,"Established patient office or other outpatient visit, 20-29 minutes",O,115,115,7729,10204.0,628356.299999657,1.20335069199686,1.9500329056080832
2023,IN,General Surgery,99204,"New patient office or other outpatient visit, 45-59 minutes",O,192,192,5672,5672.0,624518.040001703,1.0,1.964844249516586
2023,IN,General Surgery,99232,"Subsequent hospital care with moderate levelof medical decision making, if using time, at least 35 minutes",F,171,171,6072,10614.0,623294.540000133,1.7249312608739884,2.0814768831139445
2024,IN,Allergy/ Immunology,99214,"Established patient office or other outpatient visit with moderate level of decision making, if using time, 30 minutes or more",O,44,44,4121,7452.0,623175.289999889,1.7468773978764986,1.9399202268011209
2023,IL,Clinical Cardiac Electrophysiology,99213,"Established patient office or other outpatient visit, 20-29 minutes",O,61,61,7451,9393.0,621416.860000389,1.1454275556900788,2.019506757042444
2024,IL,Hand Surgery,99203,"New patient office or other outpatient visit with low level of medical decision making, if using time, 30 minutes or more",O,70,70,7961,7962.0,616099.510000429,1.0001519756838906,2.3744268064531937
2024,IL,Anesthesiology,99214,"Established patient office or other outpatient visit with moderate level of decision making, if using time, 30 minutes or more",F,67,67,4845,8233.0,615023.200000344,1.4888813409589732,4.470337574471121
2024,IN,Podiatry,99204,"New patient office or other outpatient visit with moderate level of medical decision making, if using time, 45 minutes or more",O,122,122,5702,5702.0,614535.759997297,1.0,1.9459171863285851
2023,IL,Anesthesiology,99204,"New patient office or other outpatient visit, 45-59 minutes",O,58,58,4790,4791.0,610045.199996562,1.0001038637307853,2.769271021733823
2023,IL,Interventional Pain Management,99213,"Established patient office or other outpatient visit, 20-29 minutes",O,34,34,4685,9064.0,609626.539999636,1.7710997250785698,2.502451427545281
2023,IL,Pain Management,99204,"New patient office or other outpatient visit, 45-59 minutes",O,52,52,4844,4846.0,607790.0400010659,1.0001796262449671,2.595314902092504
2023,IN,Hematology-Oncology,99232,"Subsequent hospital care with moderate levelof medical decision making, if using time, at least 35 minutes",F,87,87,4255,10158.0,606676.740000252,2.159737782238687,2.0626323204357457
2024,IL,Orthopedic Surgery,99215,"Established patient office or other outpatient visit with high level of medical decision making, if using time, 40 minutes or more",O,97,97,3739,4542.0,604064.670001719,1.119168798748231,2.2347031248237093
2024,IN,General Surgery,99232,"Subsequent hospital care with moderate levelof medical decision making, if using time, at least 35 minutes",F,184,184,5906,10422.0,600834.829999638,1.7183626741308398,2.166606398031874
2023,IN,Gastroenterology,99204,"New patient office or other outpatient visit, 45-59 minutes",O,134,134,5550,5550.0,595428.519998928,1.0,2.0741214994047263
2023,IN,Interventional Cardiology,99232,"Subsequent hospital care with moderate levelof medical decision making, if using time, at least 35 minutes",F,86,86,5186,10010.0,592008.380000003,1.6441348442670907,2.008835748134572
2023,IN,Gastroenterology,99213,"Established patient office or other outpatient visit, 20-29 minutes",O,135,135,8488,10083.0,591090.240000233,1.142758083264684,1.8183805138590639
2023,IL,Anesthesiology,99214,"Established patient office or other outpatient visit, 30-39 minutes",F,66,66,4488,7764.0,590103.290000366,1.485063748847271,4.037883347562479
2023,IL,Gastroenterology,99203,"New patient office or other outpatient visit, 30-44 minutes",O,190,190,7779,7779.0,587807.939999963,1.0,2.151369701694001
2024,IN,Family Practice,99285,Emergency department visit with high level of medical decision making,F,42,42,4363,4642.0,587443.31999813,1.0463056669830901,6.94673792973363
2024,IL,Anesthesiology,99204,"New patient office or other outpatient visit with moderate level of medical decision making, if using time, 45 minutes or more",O,54,54,4681,4681.0,586709.060002136,1.0,2.809707607112852
2023,IL,Internal Medicine,99285,Emergency department visit with high level of medical decision making,F,39,39,3911,4151.0,586667.13000157,1.0532998192682759,7.025156125593169
2024,IL,Clinical Cardiac Electrophysiology,99213,"Established patient office or other outpatient visit with low level od decision making, if using time, 20 minutes or more",O,56,56,7418,8896.0,586008.490000034,1.1179949776966744,2.1148515842835844
2023,IL,Orthopedic Surgery,99215,"Established patient office or other outpatient visit, 40-54 minutes",O,93,93,3666,4393.0,585895.669998121,1.1132434916731166,2.196333185440707
2023,IN,Cardiology,93000,Routine electrocardiogram (ecg) using at least 12 leads with interpretation and report,O,282,282,51204,62416.0,584225.5100004524,1.139747719671658,4.802510132402588
2023,IN,Obstetrics & Gynecology,99213,"Established patient office or other outpatient visit, 20-29 minutes",O,261,261,7366,10149.0,581857.219999731,1.3738598585898942,1.8183160654790187
2023,IL,Critical Care (Intensivists),99232,"Subsequent hospital care with moderate levelof medical decision making, if using time, at least 35 minutes",F,95,95,5327,9152.0,581785.319999614,1.5284539905771444,2.4301951907363
2024,IL,Urology,99232,"Subsequent hospital care with moderate levelof medical decision making, if using time, at least 35 minutes",F,132,132,5335,9124.0,580501.150000507,1.4743618406942254,2.0891623506304953
2024,IL,Clinical Cardiac Electrophysiology,99232,"Subsequent hospital care with moderate levelof medical decision making, if using time, at least 35 minutes",F,82,82,4621,8951.0,577586.070000351,1.6756574107602333,2.484037960136982
2024,IL,Hospitalist,99214,"Established patient office or other outpatient visit with moderate level of decision making, if using time, 30 minutes or more",O,42,42,3337,6127.0,576206.870000117,1.572390685804979,1.9266888101184132
2024,IL,Internal Medicine,99213,"Established patient office or other outpatient visit with low level od decision making, if using time, 20 minutes or more",F,135,135,8804,11850.0,575878.350000838,1.3989108868210958,3.0810515881528304
2023,IL,Psychiatry,99215,"Established patient office or other outpatient visit, 40-54 minutes",O,62,62,1966,4417.0,574712.810001458,2.322794164736313,1.9863386778178156
2024,IL,General Surgery,99203,"New patient office or other outpatient visit with low level of medical decision making, if using time, 30 minutes or more",O,217,217,7468,7469.0,574327.979999966,1.000067769043101,2.4981672730446
2023,IN,Podiatry,99204,"New patient office or other outpatient visit, 45-59 minutes",O,105,105,5326,5327.0,572887.929997491,1.0000618429189858,1.8604830412833993
2023,IL,Vascular Surgery,99213,"Established patient office or other outpatient visit, 20-29 minutes",O,78,78,6723,8634.0,571300.580000085,1.200485350107379,2.265149714414953
2024,IN,Nephrology,99213,"Established patient office or other outpatient visit with low level od decision making, if using time, 20 minutes or more",O,96,96,7579,10439.0,567092.02999951,1.266909084032206,1.9079432045494373
2024,IN,Cardiology,93000,Routine electrocardiogram (ecg) using at least 12 leads with interpretation and report,O,267,267,51024,61471.0,562163.1500005103,1.1347574027940313,4.913245354836379
2024,IL,Clinical Cardiac Electrophysiology,99204,"New patient office or other outpatient visit with moderate level of medical decision making, if using time, 45 minutes or more",O,75,75,4478,4479.0,559442.1100019721,1.0000854700854702,2.415159001498818
2024,IL,Nephrology,99215,"Established patient office or other outpatient visit with high level of medical decision making, if using time, 40 minutes or more",F,37,37,2986,4954.0,555777.279993415,1.485093910037532,3.377324862136288
2024,IN,Gastroenterology,99204,"New patient office or other outpatient visit with moderate level of medical decision making, if using time, 45 minutes or more",O,124,124,5282,5283.0,555667.180000604,1.000073986386505,2.097636065191228
2023,IL,Urology,99203,"New patient office or other outpatient visit, 30-44 minutes",O,152,152,6921,6921.0,551992.579999974,1.0,2.2449391206383216
2024,IL,Podiatry,99213,"Established patient office or other outpatient visit with low level od decision making, if using time, 20 minutes or more",F,80,80,5047,11073.0,550930.329999628,2.355250248296323,2.6977205141417366
2023,IN,Nephrology,99215,"Established patient office or other outpatient visit, 40-54 minutes",O,64,64,3335,4995.0,550222.729998135,1.432411808939812,1.995039672924556
2023,IL,Clinical Cardiac Electrophysiology,99204,"New patient office or other outpatient visit, 45-59 minutes",O,82,82,4373,4373.0,546998.370002094,1.0,2.3394788228198253
2024,IL,Pain Management,99204,"New patient office or other outpatient visit with moderate level of medical decision making, if using time, 45 minutes or more",O,51,51,4340,4340.0,545821.709999357,1.0,2.6946028140620166
2024,IN,Sports Medicine,99214,"Established patient office or other outpatient visit with moderate level of decision making, if using time, 30 minutes or more",O,55,55,4495,6338.0,541600.329999057,1.3308047101022773,1.9288335974885484
2024,IL,Endocrinology,99213,"Established patient office or other outpatient visit with low level od decision making, if using time, 20 minutes or more",O,105,105,6723,8681.0,539918.530000847,1.1849576040160594,2.0866999617169752
2023,IL,Neurosurgery,99214,"Established patient office or other outpatient visit, 30-39 minutes",O,85,85,4475,5604.0,536578.679999962,1.1921055806701462,2.207234917049574
2024,IL,Internal Medicine,99285,Emergency department visit with high level of medical decision making,F,36,36,3664,3933.0,536551.35999924,1.0898499936724941,6.182298976509411
2024,IN,Obstetrics & Gynecology,99213,"Established patient office or other outpatient visit with low level od decision making, if using time, 20 minutes or more",O,239,239,6838,9288.0,536115.249999991,1.3662769309449418,1.9487505846629463
2023,IL,Urology,99214,"Established patient office or other outpatient visit, 30-39 minutes",F,56,56,5974,7524.0,534203.209999547,1.2119090396827723,3.2224568006618806
2023,IL,Hematology,99215,"Established patient office or other outpatient visit, 40-54 minutes",O,13,13,1105,3722.0,533675.75001201,1.878049397952925,2.2203325724775826
2024,IN,General Surgery,99214,"Established patient office or other outpatient visit with moderate level of decision making, if using time, 30 minutes or more",O,177,177,4841,6265.0,531143.230000105,1.1681877551827766,1.9375924566089608
2023,IL,Gastroenterology,99214,"Established patient office or other outpatient visit, 30-39 minutes",F,122,122,5807,7133.0,530045.5600002169,1.1763983197433319,2.8467083858595243
2024,IN,Sports Medicine,99213,"Established patient office or other outpatient visit with low level od decision making, if using time, 20 minutes or more",O,57,57,5885,8828.0,528911.950000755,1.4761776816629044,1.8968060288210438
2023,IN,Psychiatry,99213,"Established patient office or other outpatient visit, 20-29 minutes",O,75,75,3922,10106.0,528464.730000657,2.4329233719638226,1.8763147014692079
2024,IN,Internal Medicine,99204,"New patient office or other outpatient visit with moderate level of medical decision making, if using time, 45 minutes or more",O,181,181,5090,5091.0,525871.979998384,1.0000920810313076,2.028025923710127
2024,IL,Gastroenterology,99203,"New patient office or other outpatient visit with low level of medical decision making, if using time, 30 minutes or more",O,173,173,7039,7039.0,525688.850000197,1.0,2.265011694628688
2024,IL,Gastroenterology,99214,"Established patient office or other outpatient visit with moderate level of decision making, if using time, 30 minutes or more",F,121,121,5949,7206.0,525572.359999578,1.179545420432266,2.9059471948977906
2024,IL,Gastroenterology,99215,"Established patient office or other outpatient visit with high level of medical decision making, if using time, 40 minutes or more",O,103,103,3273,3819.0,522441.030002213,1.154976978405465,2.2868178151974745
2023,IL,Interventional Cardiology,99214,"Established patient office or other outpatient visit, 30-39 minutes",F,64,64,5585,7307.0,515990.969999538,1.1891100461615443,2.4977903560982333
2024,IL,Orthopedic Surgery,99214,"Established patient office or other outpatient visit with moderate level of decision making, if using time, 30 minutes or more",F,80,80,5520,7123.0,514251.08999941,1.185938114446627,3.0915362429693323
2023,IN,Medical Oncology,99215,"Established patient office or other outpatient visit, 40-54 minutes",O,21,21,1723,4173.0,513594.020002598,2.201900183150432,1.9644327301216205
2023,IL,Podiatry,99213,"Established patient office or other outpatient visit, 20-29 minutes",F,75,75,4336,10133.0,512984.480000645,2.741550286552932,2.576072880688851
2024,IL,Critical Care (Intensivists),99232,"Subsequent hospital care with moderate levelof medical decision making, if using time, at least 35 minutes",F,97,97,4652,8209.0,509026.990000285,1.5624040941534643,2.6289277241032187
2023,IL,Hospitalist,99214,"Established patient office or other outpatient visit, 30-39 minutes",O,36,36,3056,5581.0,508697.789998515,1.5978488826820418,1.7981580522997962
2023,IN,Pulmonary Disease,99204,"New patient office or other outpatient visit, 45-59 minutes",O,116,116,4472,4472.0,507555.560000015,1.0,1.9315281208623087
2023,IL,Orthopedic Surgery,99214,"Established patient office or other outpatient visit, 30-39 minutes",F,81,81,5474,6949.0,506058.839999997,1.164750361962847,2.8507739790956474
2024,IL,Critical Care (Intensivists),99214,"Established patient office or other outpatient visit with moderate level of decision making, if using time, 30 minutes or more",O,33,33,3473,5542.0,505765.159999247,1.4394129777207298,2.1269421178032073
2023,IL,General Practice,99213,"Established patient office or other outpatient visit, 20-29 minutes",O,50,50,3483,8568.0,505178.890000099,2.9366746782081856,1.7107128687132134
2024,IN,Medical Oncology,99214,"Established patient office or other outpatient visit with moderate level of decision making, if using time, 30 minutes or more",F,29,29,3362,7543.0,502089.71000019,2.0942193447196336,2.208697590547652
2024,IL,Interventional Pain Management,99213,"Established patient office or other outpatient visit with low level od decision making, if using time, 20 minutes or more",O,33,33,4184,7738.0,501543.869999711,1.6593002328761735,2.931177228294039
2024,IL,Psychiatry,99215,"Established patient office or other outpatient visit with high level of medical decision making, if using time, 40 minutes or more",O,62,62,1799,3764.0,500022.809999145,2.2429492194505696,2.022572958580799
2024,IL,Nurse Practitioner,99204,"New patient office or other outpatient visit with moderate level of medical decision making, if using time, 45 minutes or more",F,168,168,5925,5926.0,497389.009999619,1.0001082251082252,4.141311494189603
2024,IL,Neurosurgery,99214,"Established patient office or other outpatient visit with moderate level of decision making, if using time, 30 minutes or more",O,87,87,4229,5204.0,497104.610000044,1.1697501332534346,2.3870988498406214
2023,IN,General Surgery,99214,"Established patient office or other outpatient visit, 30-39 minutes",O,177,177,4759,5723.0,496462.340000069,1.14024012286384,1.8094116686608264
2023,IL,Neurosurgery,99204,"New patient office or other outpatient visit, 45-59 minutes",O,82,82,3953,3953.0,495273.57000132,1.0,2.5204205612797153
2023,IL,Internal Medicine,93000,Routine electrocardiogram (ecg) using at least 12 leads with interpretation and report,O,770,770,43066,47424.0,494313.3899991622,1.0735404735066119,5.424436929857924
2024,IN,Pulmonary Disease,99215,"Established patient office or other outpatient visit with high level of medical decision making, if using time, 40 minutes or more",O,60,60,2654,3892.0,493884.48000367,1.2328363627846601,1.7649042290260322
2023,IL,Medical Oncology,99213,"Established patient office or other outpatient visit, 20-29 minutes",O,41,41,3784,7611.0,492245.130000924,1.4647050623334867,2.2992165170166246
2024,IN,Nephrology,99215,"Established patient office or other outpatient visit with high level of medical decision making, if using time, 40 minutes or more",O,71,71,3256,4777.0,490640.830004773,1.4132697630787043,2.1300363009477468
2024,IL,Emergency Medicine,99204,"New patient office or other outpatient visit with moderate level of medical decision making, if using time, 45 minutes or more",O,78,78,4401,4402.0,490501.050002234,1.0004578754578755,2.8119408821756653
2023,IL,Critical Care (Intensivists),99214,"Established patient office or other outpatient visit, 30-39 minutes",O,32,32,3292,5283.0,489308.13999815803,1.4012943695644464,2.0099874932879995
2024,IN,Pulmonary Disease,99204,"New patient office or other outpatient visit with moderate level of medical decision making, if using time, 45 minutes or more",O,115,115,4386,4386.0,488911.109999136,1.0,1.9870648898392511
2024,IL,Sports Medicine,99204,"New patient office or other outpatient visit with moderate level of medical decision making, if using time, 45 minutes or more",O,69,69,4182,4182.0,484922.380000639,1.0,2.5832782777851953
2023,IL,Emergency Medicine,99204,"New patient office or other outpatient visit, 45-59 minutes",O,83,83,4216,4217.0,484663.800000056,1.000273822562979,2.7718208049132715
2024,IL,Medical Oncology,99215,"Established patient office or other outpatient visit with high level of medical decision making, if using time, 40 minutes or more",F,34,34,1945,4420.0,483045.439996093,2.2645757953588372,2.9758372582365986
2024,IL,Vascular Surgery,99213,"Established patient office or other outpatient visit with low level od decision making, if using time, 20 minutes or more",O,72,72,5698,7214.0,481805.499999702,1.1828086266817404,2.427089156619606
2023,IL,Certified Clinical Nurse Specialist,99214,"Established patient office or other outpatient visit, 30-39 minutes",O,48,48,3915,6492.0,480191.2800000437,1.6914928766895352,2.6346006473498913
2024,IN,Critical Care (Intensivists),99214,"Established patient office or other outpatient visit with moderate level of decision making, if using time, 30 minutes or more",O,33,33,3753,5570.0,479708.529999519,1.425615653858532,1.7633691155608262
2024,IN,Gastroenterology,99213,"Established patient office or other outpatient visit with low level od decision making, if using time, 20 minutes or more",O,126,126,6895,8014.0,478217.95000008,1.1292429739625416,1.8971864082113192
2023,IN,Nurse Practitioner,99215,"Established patient office or other outpatient visit, 40-54 minutes",F,110,110,4177,5466.0,477992.550000033,1.2930837036972982,2.132500333410926
2023,IL,Gastroenterology,99215,"Established patient office or other outpatient visit, 40-54 minutes",O,82,82,3138,3665.0,477384.02000028,1.1574395390779462,2.231987718236315
2023,IL,Orthopedic Surgery,99213,"Established patient office or other outpatient visit, 20-29 minutes",F,91,91,7149,9595.0,477268.63999979803,1.3005926498002758,2.98094167742899
2024,IL,Hematology,99214,"Established patient office or other outpatient visit with moderate level of decision making, if using time, 30 minutes or more",O,13,13,2641,5441.0,475696.400000492,1.8375434428029571,2.138311827457814
2023,IN,Anesthesiology,99213,"Established patient office or other outpatient visit, 20-29 minutes",O,35,35,3582,7543.0,470397.170000886,1.5889285034747338,1.9538441095315806
2023,IL,Allergy/ Immunology,99213,"Established patient office or other outpatient visit, 20-29 minutes",O,85,85,4895,7160.0,464375.440000368,1.3929630379481126,1.8740828023804734
2024,IL,Interventional Cardiology,99214,"Established patient office or other outpatient visit with moderate level of decision making, if using time, 30 minutes or more",F,56,56,5149,6784.0,464027.529999909,1.203375802509515,2.5608822208449524
2024,IN,Interventional Pain Management,99213,"Established patient office or other outpatient visit with low level od decision making, if using time, 20 minutes or more",O,23,23,3658,7824.0,463734.929998659,2.1258588179186946,2.3380217218210864
2023,IN,Interventional Pain Management,99213,"Established patient office or other outpatient visit, 20-29 minutes",O,24,24,3717,7861.0,461330.100000264,2.2545707480668775,2.0725570323651237
2023,IN,Sports Medicine,99213,"Established patient office or other outpatient visit, 20-29 minutes",O,52,52,5068,7618.0,461259.770000279,1.390465820829506,1.8478939218207961
2023,IN,Dermatology,99204,"New patient office or other outpatient visit, 45-59 minutes",O,85,85,4559,4559.0,460604.81,1.0,1.8178125060579926
2024,IL,Endocrinology,99214,"Established patient office or other outpatient visit with moderate level of decision making, if using time, 30 minutes or more",F,52,52,4934,6421.0,458705.959999724,1.2902775864984113,3.3050001912056035
2024,IL,Internal Medicine,93000,Routine electrocardiogram (ecg) using at least 12 leads with interpretation and report,O,678,678,40431,44715.0,457906.84999972547,1.0800559481170984,5.523439564781967
2023,IL,Sports Medicine,99203,"New patient office or other outpatient visit, 30-44 minutes",O,60,60,5979,5979.0,456373.519999876,1.0,2.3531784628435224
2024,IL,Obstetrics & Gynecology,99204,"New patient office or other outpatient visit with moderate level of medical decision making, if using time, 45 minutes or more",O,106,106,3765,3766.0,455397.589998917,1.0004965243296922,2.477893633914648
2023,IN,Critical Care (Intensivists),99232,"Subsequent hospital care with moderate levelof medical decision making, if using time, at least 35 minutes",F,46,46,3194,7698.0,450819.510000613,1.9406207802919113,2.099099729074186
2023,IL,Rheumatology,99215,"Established patient office or other outpatient visit, 40-54 minutes",F,41,41,2818,4103.0,450467.59999800497,1.4322754035810616,2.4972138676892817
2023,IL,Obstetrics & Gynecology,99204,"New patient office or other outpatient visit, 45-59 minutes",O,114,114,3707,3708.0,449847.899999829,1.0007974481658692,2.361516608544995
2024,IN,Physician Assistant,99215,"Established patient office or other outpatient visit with high level of medical decision making, if using time, 40 minutes or more",O,92,92,3397,4481.0,448555.170001666,1.2344166588036216,1.9841270936168383
2024,IL,Physician Assistant,99215,"Established patient office or other outpatient visit with high level of medical decision making, if using time, 40 minutes or more",F,68,68,3176,4632.0,446826.620002895,1.4135883295393685,3.297177218514126
2023,IL,Family Practice,99213,"Established patient office or other outpatient visit, 20-29 minutes",F,113,113,5737,9356.0,446401.890000194,1.553830456674531,2.5712962666792465
2024,IL,General Practice,99213,"Established patient office or other outpatient visit with low level od decision making, if using time, 20 minutes or more",O,41,41,2868,7406.0,445530.029999691,3.0427994249781607,1.6757122096458819
2024,IN,Interventional Cardiology,99204,"New patient office or other outpatient visit with moderate level of medical decision making, if using time, 45 minutes or more",O,90,90,4129,4130.0,443401.850000616,1.0001709401709402,2.021569026741801
2024,IL,Family Practice,99213,"Established patient office or other outpatient visit with low level od decision making, if using time, 20 minutes or more",F,111,111,5606,9347.0,443190.639999809,1.6074979843489476,2.7658611557497768
2024,IL,Orthopedic Surgery,99213,"Established patient office or other outpatient visit with low level od decision making, if using time, 20 minutes or more",F,91,91,6713,8985.0,441314.930000515,1.2722579681611461,3.070688141279398
2024,IL,Allergy/ Immunology,99213,"Established patient office or other outpatient visit with low level od decision making, if using time, 20 minutes or more",O,83,83,4716,6784.0,439982.759999813,1.3387628297046674,2.0998959316797845
2024,IL,Physician Assistant,99213,"Established patient office or other outpatient visit with low level od decision making, if using time, 20 minutes or more",F,158,158,8638,10851.0,437388.6300002,1.2287163598109165,3.2808932538289577
2024,IN,Hematology-Oncology,99213,"Established patient office or other outpatient visit with low level od decision making, if using time, 20 minutes or more",F,65,65,5309,9609.0,436385.590000544,1.5133271801197248,2.552784062566585
2024,IN,Hematology-Oncology,99232,"Subsequent hospital care with moderate levelof medical decision making, if using time, at least 35 minutes",F,78,78,3305,7554.0,435911.240000125,2.130541962171165,2.244636824290062
2024,IN,Physical Medicine and Rehabilitation,99204,"New patient office or other outpatient visit with moderate level of medical decision making, if using time, 45 minutes or more",O,49,49,3843,3843.0,432897.930004726,1.0,2.373676202063134
2023,IL,Sports Medicine,99204,"New patient office or other outpatient visit, 45-59 minutes",O,65,65,3615,3615.0,432315.070004462,1.0,2.4668687598982557
2024,IN,Dermatology,99204,"New patient office or other outpatient visit with moderate level of medical decision making, if using time, 45 minutes or more",O,87,87,4404,4404.0,431665.569997812,1.0,1.8781887174708822
2023,IL,Obstetrics & Gynecology,99214,"Established patient office or other outpatient visit, 30-39 minutes",F,39,39,4015,5849.0,431460.35999920603,1.3353450859656835,2.4424987310733886
2024,IN,Psychiatry,99213,"Established patient office or other outpatient visit with low level od decision making, if using time, 20 minutes or more",O,58,58,3140,8437.0,431270.20999974,2.502781456073794,1.8049173157671434
2023,IL,Endocrinology,99214,"Established patient office or other outpatient visit, 30-39 minutes",F,50,50,4589,5974.0,431093.789999538,1.2944328683517696,3.2597979223643336
2023,IL,Physician Assistant,99213,"Established patient office or other outpatient visit, 20-29 minutes",F,140,140,8260,10391.0,428784.470000437,1.2083118604215495,3.1501128353165666
2024,IL,Sports Medicine,99203,"New patient office or other outpatient visit with low level of medical decision making, if using time, 30 minutes or more",O,65,65,5722,5722.0,427693.869999439,1.0,2.410695467070436
2023,IN,Physical Medicine and Rehabilitation,99204,"New patient office or other outpatient visit, 45-59 minutes",O,57,57,3783,3783.0,427223.83000164997,1.0,2.4207922930117167
2023,IN,Interventional Cardiology,99204,"New patient office or other outpatient visit, 45-59 minutes",O,84,84,3906,3906.0,426251.040001962,1.0,1.972486138540479
2024,IL,Obstetrics & Gynecology,99214,"Established patient office or other outpatient visit with moderate level of decision making, if using time, 30 minutes or more",F,42,42,4076,6055.0,425711.770000435,1.2790353321382146,2.8480124851162474
2023,IN,Critical Care (Intensivists),99214,"Established patient office or other outpatient visit, 30-39 minutes",O,23,23,3224,4875.0,425304.660000381,1.4276535990684196,1.779184727921831
2023,IL,Physical Medicine and Rehabilitation,99215,"Established patient office or other outpatient visit, 40-54 minutes",O,49,49,2260,3128.0,423343.520000054,1.2549256059606568,2.20443931907544
2024,IN,Anesthesiology,99213,"Established patient office or other outpatient visit with low level od decision making, if using time, 20 minutes or more",O,33,33,3462,6975.0,418475.75999959797,1.542506538110006,2.351707758375057
2023,IL,Advanced Heart Failure and Transplant Cardiology,99215,"Established patient office or other outpatient visit, 40-54 minutes",O,18,18,1899,3047.0,417884.44000063,1.456608161091124,2.2078063143965574
2023,IN,Sports Medicine,99214,"Established patient office or other outpatient visit, 30-39 minutes",O,45,45,3493,4885.0,417397.279999915,1.321435208621137,1.8212507556913333
2023,IN,Obstetrics & Gynecology,99214,"Established patient office or other outpatient visit, 30-39 minutes",O,119,119,4093,5047.0,417268.469999961,1.198485683872433,1.8459777054446387
2024,IN,Critical Care (Intensivists),99232,"Subsequent hospital care with moderate levelof medical decision making, if using time, at least 35 minutes",F,50,50,2987,7222.0,415143.549999958,1.9294860703483432,2.2157347579622235
2023,IN,Endocrinology,99232,"Subsequent hospital care with moderate levelof medical decision making, if using time, at least 35 minutes",F,25,25,1549,6965.0,414372.560000529,3.363689002177948,2.1905501556563967
2024,IL,Urology,99203,"New patient office or other outpatient visit with low level of medical decision making, if using time, 30 minutes or more",O,138,138,5288,5288.0,413556.729999782,1.0,2.3940139626768975
2023,IL,Sleep Medicine,99214,"Established patient office or other outpatient visit, 30-39 minutes",O,29,29,3264,4484.0,412590.339998506,1.3488644005412573,2.196645503754343
2023,IN,Nephrology,99204,"New patient office or other outpatient visit, 45-59 minutes",O,102,102,3711,3711.0,411942.920001097,1.0,1.8327098077732615
2024,IL,Sleep Medicine,99214,"Established patient office or other outpatient visit with moderate level of decision making, if using time, 30 minutes or more",O,33,33,3371,4449.0,407216.60999991,1.253753956603572,2.1955602108952985
2023,IL,Cardiology,99204,"New patient office or other outpatient visit, 45-59 minutes",F,103,103,4163,4163.0,406791.159998895,1.0,2.7914593722896215
2024,IL,Neurosurgery,99204,"New patient office or other outpatient visit with moderate level of medical decision making, if using time, 45 minutes or more",O,79,79,3334,3336.0,405498.460000238,1.0013265567063034,2.65883232734952
2023,IL,Clinical Cardiac Electrophysiology,93000,Routine electrocardiogram (ecg) using at least 12 leads with interpretation and report,O,97,97,27756,37440.0,405333.920000313,1.3008385537120095,5.67660603973428
2023,IL,Nurse Practitioner,99204,"New patient office or other outpatient visit, 45-59 minutes",F,142,142,4786,4786.0,404515.900000076,1.0,3.884859838051986
2023,IL,Clinical Cardiac Electrophysiology,99214,"Established patient office or other outpatient visit, 30-39 minutes",F,34,34,4237,5513.0,403959.419999268,1.2061296238986758,2.511869408861178
2024,IL,Clinical Cardiac Electrophysiology,93000,Routine electrocardiogram (ecg) using at least 12 leads with interpretation and report,O,99,99,27525,37283.0,402139.7299998275,1.2907631899639207,5.95334872667276
2024,IN,Obstetrics & Gynecology,99214,"Established patient office or other outpatient visit with moderate level of decision making, if using time, 30 minutes or more",O,110,110,3895,4760.0,398669.620000367,1.1828415300120432,1.9810530500077714
2023,IN,Hematology-Oncology,99213,"Established patient office or other outpatient visit, 20-29 minutes",F,67,67,4887,8868.0,397990.94000108,1.4494883322542813,2.279626713205552
2024,IL,Physical Medicine and Rehabilitation,99215,"Established patient office or other outpatient visit with high level of medical decision making, if using time, 40 minutes or more",O,50,50,2445,2951.0,397079.38999815,1.198809537151767,2.270843366703925
2023,IL,Internal Medicine,99203,"New patient office or other outpatient visit, 30-44 minutes",O,153,153,5344,5350.0,396674.109999892,1.0009178059544128,2.147100826138766
2024,IL,Clinical Cardiac Electrophysiology,99214,"Established patient office or other outpatient visit with moderate level of decision making, if using time, 30 minutes or more",F,34,34,4355,5526.0,396305.280000171,1.1889971035786078,2.6915829503484296
2024,IL,Certified Clinical Nurse Specialist,99214,"Established patient office or other outpatient visit with moderate level of decision making, if using time, 30 minutes or more",O,43,43,3076,5308.0,396182.189999818,1.9110524936460656,2.5311488789860404
2023,IL,Interventional Cardiology,93000,Routine electrocardiogram (ecg) using at least 12 leads with interpretation and report,O,176,176,33587,37770.0,394671.2199999307,1.0826215535410613,6.136064125337649
2023,IN,Interventional Cardiology,99215,"Established patient office or other outpatient visit, 40-54 minutes",O,51,51,2678,3293.0,393331.179998209,1.1422305884493416,1.7836835564630724
2024,IN,Nephrology,99204,"New patient office or other outpatient visit with moderate level of medical decision making, if using time, 45 minutes or more",O,97,97,3598,3598.0,392271.199999351,1.0,1.8687314245039606
2024,IL,Allergy/ Immunology,99204,"New patient office or other outpatient visit with moderate level of medical decision making, if using time, 45 minutes or more",O,92,92,3193,3193.0,391309.939999433,1.0,2.2627311333926525
2024,IL,Advanced Heart Failure and Transplant Cardiology,99215,"Established patient office or other outpatient visit with high level of medical decision making, if using time, 40 minutes or more",O,20,20,1828,2771.0,387190.32999755,1.3685301779919703,2.313809608119299
2023,IL,Physician Assistant,99215,"Established patient office or other outpatient visit, 40-54 minutes",F,57,57,2639,4004.0,385732.399998861,1.4615962833340055,2.954621324059933
2023,IN,Urology,99232,"Subsequent hospital care with moderate levelof medical decision making, if using time, at least 35 minutes",F,79,79,4332,6472.0,380068.799999936,1.4308380044364093,2.2650528772024674
2024,IL,Critical Care (Intensivists),99215,"Established patient office or other outpatient visit with high level of medical decision making, if using time, 40 minutes or more",O,20,20,1710,2705.0,378934.25999934,1.3629015183491318,2.171770322035636
2023,IN,Rheumatology,99215,"Established patient office or other outpatient visit, 40-54 minutes",O,28,28,2054,3185.0,378931.11999553203,1.354001082261996,1.7802664351868884
2023,IN,Emergency Medicine,99213,"Established patient office or other outpatient visit, 20-29 minutes",O,54,54,4988,6760.0,378279.980000132,1.2906763917671948,1.8652431660278994
2023,IN,Family Practice,99203,"New patient office or other outpatient visit, 30-44 minutes",O,178,178,5912,5912.0,378247.429999893,1.0,1.9409379561263176
2024,IL,Pulmonary Disease,99215,"Established patient office or other outpatient visit with high level of medical decision making, if using time, 40 minutes or more",F,65,65,2410,3384.0,378043.419998424,1.3023768492396188,2.9382918053998757
2023,IN,Pulmonary Disease,99215,"Established patient office or other outpatient visit, 40-54 minutes",O,52,52,2260,3010.0,377620.350000516,1.2161873559854763,1.7288910337644934
2024,IN,Hand Surgery,99213,"Established patient office or other outpatient visit with low level od decision making, if using time, 20 minutes or more",O,37,37,4494,6316.0,377448.079999784,1.318597090282396,1.9408814063451258
2023,IN,General Surgery,99203,"New patient office or other outpatient visit, 30-44 minutes",O,175,175,5276,5277.0,376184.66999983,1.0004395604395604,1.9952701063662202
2024,IN,General Surgery,99203,"New patient office or other outpatient visit with low level of medical decision making, if using time, 30 minutes or more",O,181,181,5336,5336.0,375829.05999993,1.0,2.125972711812374
2023,IN,Endocrinology,99204,"New patient office or other outpatient visit, 45-59 minutes",O,62,62,3453,3455.0,375012.639997955,1.0005347361099035,1.9362429813616846
2024,IN,Family Practice,99214,"Established patient office or other outpatient visit with moderate level of decision making, if using time, 30 minutes or more",F,55,55,3632,6152.0,374346.529999054,1.426764198203626,2.0985921168790402
2024,IL,Hematology-Oncology,99213,"Established patient office or other outpatient visit with low level od decision making, if using time, 20 minutes or more",F,78,78,5283,7948.0,373430.370000329,1.4725793781823664,3.2748041386754996
2024,IL,Rheumatology,99215,"Established patient office or other outpatient visit with high level of medical decision making, if using time, 40 minutes or more",F,44,44,2437,3410.0,373024.599998071,1.34012516883685,2.8164647595075927
2024,IL,Interventional Cardiology,93000,Routine electrocardiogram (ecg) using at least 12 leads with interpretation and report,O,177,177,32130,36189.0,372897.5100020162,1.0870418316860788,6.38300805720305
2023,IL,Neurosurgery,99213,"Established patient office or other outpatient visit, 20-29 minutes",O,83,83,4435,5501.0,371724.450000357,1.1875241362928686,2.2022811777852205
2024,IL,Neurosurgery,99213,"Established patient office or other outpatient visit with low level od decision making, if using time, 20 minutes or more",O,80,80,4369,5528.0,370420.590000158,1.2163860085543585,2.35196921501715
2023,IL,Allergy/ Immunology,99204,"New patient office or other outpatient visit, 45-59 minutes",O,87,87,3022,3022.0,370053.749999354,1.0,2.1762600065106095
2024,IN,Emergency Medicine,99213,"Established patient office or other outpatient visit with low level od decision making, if using time, 20 minutes or more",O,65,65,4968,6561.0,369648.869999667,1.2164862027920138,1.95711586977692
2023,IN,Medical Oncology,99214,"Established patient office or other outpatient visit, 30-39 minutes",F,17,17,2104,5341.0,369353.78999945597,2.452331659992517,2.041842102363599
2023,IL,Critical Care (Intensivists),99215,"Established patient office or other outpatient visit, 40-54 minutes",O,19,19,1600,2639.0,368441.44000185,1.3965887692099361,2.2130064599274077
2024,IN,Hand Surgery,99214,"Established patient office or other outpatient visit with moderate level of decision making, if using time, 30 minutes or more",O,35,35,3527,4396.0,367599.299999639,1.206601990992308,2.025858499407896
2023,IL,Physical Medicine and Rehabilitation,99203,"New patient office or other outpatient visit, 30-44 minutes",O,60,60,4557,4557.0,367549.060000385,1.0,2.383982569896237
2023,IL,Hematology,99214,"Established patient office or other outpatient visit, 30-39 minutes",O,13,13,1814,3800.0,367462.360004593,1.6053099237010964,2.1488026302721748
2023,IN,Hand Surgery,99213,"Established patient office or other outpatient visit, 20-29 minutes",O,35,35,4333,6049.0,367380.089999948,1.3332381177504458,1.9049902589208256
2024,IL,Vascular Surgery,99204,"New patient office or other outpatient visit with moderate level of medical decision making, if using time, 45 minutes or more",O,62,62,2853,2853.0,367299.92999953,1.0,2.6726066102626485
2023,IL,Interventional Pain Management,99204,"New patient office or other outpatient visit, 45-59 minutes",O,29,29,2907,2908.0,365415.889999501,1.0004597701149425,2.9061106875499125
2024,IN,Endocrinology,99232,"Subsequent hospital care with moderate levelof medical decision making, if using time, at least 35 minutes",F,27,27,1582,6353.0,365305.110000196,3.121649514639187,2.1340614727349476
2024,IN,Rheumatology,99215,"Established patient office or other outpatient visit with high level of medical decision making, if using time, 40 minutes or more",O,36,36,2199,3201.0,363624.17999667797,1.2798382921357334,1.7077493872208223
2024,IN,Cardiology,99232,"Subsequent hospital care with moderate levelof medical decision making, if using time, at least 35 minutes",O,1,1,568,6209.0,362945.850002365,10.931338028169014,1.9621936417814796
2023,IL,General Surgery,99213,"Established patient office or other outpatient visit, 20-29 minutes",F,106,106,4202,7130.0,361413.379999457,1.5121323171012417,2.5714926594371885
2024,IN,Pain Management,99204,"New patient office or other outpatient visit with moderate level of medical decision making, if using time, 45 minutes or more",O,41,41,3240,3240.0,360219.290002133,1.0,3.145540444556941
2024,IL,Cardiology,99204,"New patient office or other outpatient visit with moderate level of medical decision making, if using time, 45 minutes or more",F,103,103,3749,3749.0,359991.649999654,1.0,3.0190878422173824
2024,IL,Urology,99213,"Established patient office or other outpatient visit with low level od decision making, if using time, 20 minutes or more",F,62,62,6020,7567.0,359430.129999947,1.2073314364493914,3.2176680666873794
2023,IL,Hematology-Oncology,99213,"Established patient office or other outpatient visit, 20-29 minutes",F,80,80,5216,7639.0,359284.959999091,1.3677781030534495,2.793531527474757
2023,IL,Ophthalmology,99213,"Established patient office or other outpatient visit, 20-29 minutes",F,54,54,5154,7394.0,358514.21,1.2969263629298378,3.889024164720333
2024,IN,General Practice,99214,"Established patient office or other outpatient visit with moderate level of decision making, if using time, 30 minutes or more",O,18,18,1872,4608.0,354892.270000265,1.9899821418718089,1.8286756694253268
2023,IL,Vascular Surgery,99204,"New patient office or other outpatient visit, 45-59 minutes",O,62,62,2796,2796.0,354145.909999773,1.0,2.7012150110770956
2023,IN,Rheumatology,99213,"Established patient office or other outpatient visit, 20-29 minutes",O,47,47,4297,6309.0,353438.219998714,1.2942430804566554,1.8777478360234618
2024,IN,Endocrinology,99204,"New patient office or other outpatient visit with moderate level of medical decision making, if using time, 45 minutes or more",O,64,64,3236,3236.0,352804.869998989,1.0,2.0322393838859782
2023,IN,Ophthalmology,99203,"New patient office or other outpatient visit, 30-44 minutes",O,100,100,5221,5221.0,352132.62999970303,1.0,1.739739900057537
2023,IL,Pediatric Medicine,99214,"Established patient office or other outpatient visit, 30-39 minutes",O,30,30,2600,4369.0,351182.24999993603,1.7500473703848558,2.264506903783781
2023,IN,Medical Oncology,99213,"Established patient office or other outpatient visit, 20-29 minutes",O,26,26,4311,6286.0,351123.379999393,1.3756201797494942,1.8666532850820412
2023,IL,Podiatry,99232,"Subsequent hospital care with moderate levelof medical decision making, if using time, at least 35 minutes",F,73,73,2119,5369.0,349180.900000396,2.1637508304216535,1.9829817876401994
2024,IN,Medical Oncology,99215,"Established patient office or other outpatient visit with high level of medical decision making, if using time, 40 minutes or more",O,25,25,1426,2926.0,348180.96000163304,1.8886045413107901,1.8275238722491023
2024,IL,Ophthalmology,99213,"Established patient office or other outpatient visit with low level od decision making, if using time, 20 minutes or more",F,63,63,5288,7272.0,347408.540000191,1.250549510216906,3.957191147433194
2024,IL,Radiation Oncology,99214,"Established patient office or other outpatient visit with moderate level of decision making, if using time, 30 minutes or more",F,79,79,3752,4759.0,346826.750000212,1.2302244810044076,2.908387387073007
2023,IN,Interventional Cardiology,99213,"Established patient office or other outpatient visit, 20-29 minutes",O,69,69,5161,6109.0,344291.660000319,1.1044023878422244,1.7406715927668186
2023,IL,Psychiatry,99214,"Established patient office or other outpatient visit, 30-39 minutes",F,49,49,1924,4649.0,342287.689999972,2.349968265623512,2.942685255675013
2024,IL,Internal Medicine,99203,"New patient office or other outpatient visit with low level of medical decision making, if using time, 30 minutes or more",O,168,168,4735,4736.0,342002.669999948,1.0004578754578755,2.156276310057993
2024,IN,Urology,99232,"Subsequent hospital care with moderate levelof medical decision making, if using time, at least 35 minutes",F,81,81,4048,5938.0,339769.910000417,1.380362581893605,2.3383383285662234
2023,IL,Physical Medicine and Rehabilitation,99214,"Established patient office or other outpatient visit, 30-39 minutes",F,57,57,3045,4525.0,338321.20000019,1.4846658617657462,2.485415390906914
2023,IN,Neurosurgery,99213,"Established patient office or other outpatient visit, 20-29 minutes",O,57,57,4065,5504.0,337440.180000409,1.2550124716041002,1.7130849242099886
2024,IL,Podiatry,99232,"Subsequent hospital care with moderate levelof medical decision making, if using time, at least 35 minutes",F,75,75,2130,5256.0,332895.329999744,2.1216768221852305,2.2640044812239632
2023,IN,Family Practice,99214,"Established patient office or other outpatient visit, 30-39 minutes",F,50,50,3327,5791.0,332265.679999309,1.5245748097937193,2.1989633885008857
2023,IN,Pain Management,99204,"New patient office or other outpatient visit, 45-59 minutes",O,35,35,2937,2937.0,331942.130001954,1.0,2.7864308762422603
2024,IL,Advanced Heart Failure and Transplant Cardiology,99214,"Established patient office or other outpatient visit with moderate level of decision making, if using time, 30 minutes or more",O,24,24,2351,3450.0,331135.840000762,1.436375575278601,2.3568313701340387
2024,IL,Obstetrics & Gynecology,99215,"Established patient office or other outpatient visit with high level of medical decision making, if using time, 40 minutes or more",O,43,43,1809,2624.0,329065.60000141,1.4000468877196832,2.010021771258489
2023,IL,Radiation Oncology,99213,"Established patient office or other outpatient visit, 20-29 minutes",F,92,92,5098,6639.0,328486.27000039,1.2430536330829591,2.71753884305556
2024,IL,General Surgery,99215,"Established patient office or other outpatient visit with high level of medical decision making, if using time, 40 minutes or more",O,86,86,2016,2424.0,327913.16999933,1.1685981855391843,2.2448566938532517
2024,IL,Physical Medicine and Rehabilitation,99214,"Established patient office or other outpatient visit with moderate level of decision making, if using time, 30 minutes or more",F,60,60,2974,4353.0,327025.159999972,1.4521023943516327,2.57882579670334
2023,IN,Urology,99203,"New patient office or other outpatient visit, 30-44 minutes",O,117,117,4637,4637.0,326973.370000014,1.0,2.2524742322009597
2023,IL,Geriatric Medicine,99213,"Established patient office or other outpatient visit, 20-29 minutes",O,26,26,3012,5093.0,324901.959999861,1.4765501524242675,1.8235472791613272
2024,IN,Interventional Cardiology,99215,"Established patient office or other outpatient visit with high level of medical decision making, if using time, 40 minutes or more",O,48,48,2230,2700.0,324426.500002976,1.1517399978565006,1.837470337429611
2024,IL,Psychiatry,99214,"Established patient office or other outpatient visit with moderate level of decision making, if using time, 30 minutes or more",F,50,50,2045,4467.0,323338.560000094,2.1802912122806988,2.998246204463925
2023,IL,Urology,99213,"Established patient office or other outpatient visit, 20-29 minutes",F,58,58,5425,6654.0,322645.39999999,1.1884509131946257,3.190760843345406
2024,IL,Pediatric Medicine,99214,"Established patient office or other outpatient visit with moderate level of decision making, if using time, 30 minutes or more",O,34,34,2477,4053.0,321892.52999957703,1.6889203654039937,2.4091728955744074
2023,IL,Pain Management,99214,"Established patient office or other outpatient visit, 30-39 minutes",F,17,17,1755,4265.0,321166.760000379,1.8451379049093317,3.0582985514372205
2024,IN,Vascular Surgery,99213,"Established patient office or other outpatient visit with low level od decision making, if using time, 20 minutes or more",O,40,40,4293,5160.0,320772.97999976,1.1763320818604701,1.7191634996855132
2024,IL,Geriatric Medicine,99213,"Established patient office or other outpatient visit with low level od decision making, if using time, 20 minutes or more",O,32,32,2949,4933.0,320570.62000068,1.3098445027331371,2.0454793500281716
2024,IL,Interventional Cardiology,99215,"Established patient office or other outpatient visit with high level of medical decision making, if using time, 40 minutes or more",F,36,36,2267,2919.0,319086.539998187,1.1626021535957412,2.450865220844826
2023,IL,Pulmonary Disease,99215,"Established patient office or other outpatient visit, 40-54 minutes",F,53,53,1884,2818.0,318806.40000146104,1.3621934590037565,2.8551257601153432
2024,IL,Interventional Pain Management,99204,"New patient office or other outpatient visit with moderate level of medical decision making, if using time, 45 minutes or more",O,32,32,2566,2567.0,317932.700001405,1.0004464285714285,3.1524178959610674
2024,IN,Ophthalmology,99203,"New patient office or other outpatient visit with low level of medical decision making, if using time, 30 minutes or more",O,90,90,4636,4636.0,314414.829999721,1.0,1.771078087853198
2023,IN,Hand Surgery,99214,"Established patient office or other outpatient visit, 30-39 minutes",O,32,32,3030,3712.0,312571.109999962,1.1926939178910467,1.9281226730917396
2023,IN,Neurosurgery,99204,"New patient office or other outpatient visit, 45-59 minutes",O,50,50,2702,2702.0,310594.58999742,1.0,1.949080428808209
2024,IN,Hand Surgery,99204,"New patient office or other outpatient visit with moderate level of medical decision making, if using time, 45 minutes or more",O,32,32,2968,2968.0,310196.400001766,1.0,2.357569786527829
2024,IN,Sports Medicine,99204,"New patient office or other outpatient visit with moderate level of medical decision making, if using time, 45 minutes or more",O,45,45,2835,2835.0,308546.349999582,1.0,2.144676175311874
2024,IL,Radiation Oncology,99213,"Established patient office or other outpatient visit with low level od decision making, if using time, 20 minutes or more",F,83,83,4793,6264.0,306476.629999445,1.25129431286437,2.7699374341051985
2024,IL,Physical Medicine and Rehabilitation,99203,"New patient office or other outpatient visit with low level of medical decision making, if using time, 30 minutes or more",O,59,59,3808,3808.0,306246.029999984,1.0,2.4655669010488297
2023,IN,General Practice,99214,"Established patient office or other outpatient visit, 30-39 minutes",O,17,17,1643,3763.0,306245.229999602,1.8545081081072348,1.813661047006825
2023,IN,Physician Assistant,99215,"Established patient office or other outpatient visit, 40-54 minutes",O,67,67,2390,3059.0,305570.280000245,1.238607763177131,1.95271319933561
2023,IL,Radiation Oncology,99214,"Established patient office or other outpatient visit, 30-39 minutes",F,79,79,3302,4048.0,302212.750000007,1.1908789824595654,2.76544067337711
2023,IL,Interventional Cardiology,99215,"Established patient office or other outpatient visit, 40-54 minutes",F,38,38,2072,2708.0,301035.599999263,1.1185601819726532,2.315004126937279
2023,IL,Geriatric Medicine,99215,"Established patient office or other outpatient visit, 40-54 minutes",O,32,32,1772,2388.0,300997.749997751,1.2701966851267488,2.130730876785776
2024,IL,General Surgery,99213,"Established patient office or other outpatient visit with low level od decision making, if using time, 20 minutes or more",F,96,96,3609,6010.0,299740.440000083,1.503886621700701,2.7554195777937758
2024,IN,Endocrinology,99215,"Established patient office or other outpatient visit with high level of medical decision making, if using time, 40 minutes or more",O,42,42,1805,2452.0,296582.17999962,1.307589518893467,1.684642245720169
2024,IN,Medical Oncology,99215,"Established patient office or other outpatient visit with high level of medical decision making, if using time, 40 minutes or more",F,20,20,1255,2861.0,295743.600000391,2.165346660211979,1.9342658028257873
2023,IL,Advanced Heart Failure and Transplant Cardiology,99214,"Established patient office or other outpatient visit, 30-39 minutes",O,19,19,2054,3105.0,293883.099999264,1.443684157554808,2.1887790723480456
2024,IN,Neurosurgery,99204,"New patient office or other outpatient visit with moderate level of medical decision making, if using time, 45 minutes or more",O,52,52,2581,2582.0,293762.750001674,1.0002598752598753,1.9807894905770749
2024,IN,Infectious Disease,99214,"Established patient office or other outpatient visit with moderate level of decision making, if using time, 30 minutes or more",O,53,53,2246,3387.0,293119.930000018,1.4507923214228595,1.9497232161659184
2023,IN,Anesthesiology,99204,"New patient office or other outpatient visit, 45-59 minutes",O,35,35,2497,2497.0,292891.889996656,1.0,2.2328454005813847
2023,IL,Gynecological Oncology,99214,"Established patient office or other outpatient visit, 30-39 minutes",O,21,21,1667,3046.0,292620.690000271,1.7071733186347309,2.427828821406094
2024,IN,Neurosurgery,99214,"Established patient office or other outpatient visit with moderate level of decision making, if using time, 30 minutes or more",O,54,54,2658,3292.0,291592.619999661,1.1748813435836951,1.8505827166207935
2024,IL,Anesthesiology,99204,"New patient office or other outpatient visit with moderate level of medical decision making, if using time, 45 minutes or more",F,56,56,2845,2846.0,290901.430001667,1.0001451800232288,4.369683778777267
2024,IL,Gastroenterology,99215,"Established patient office or other outpatient visit with high level of medical decision making, if using time, 40 minutes or more",F,65,65,2091,2578.0,289600.650001083,1.196291587237074,3.1189271390437843
2023,IL,Ophthalmology,99203,"New patient office or other outpatient visit, 30-44 minutes",O,104,104,3820,3821.0,289126.95999997,1.0001629726205996,1.949101944910255
2024,IL,Emergency Medicine,99203,"New patient office or other outpatient visit with low level of medical decision making, if using time, 30 minutes or more",O,86,86,3925,3926.0,288873.069999991,1.0008305647840532,2.5561616757038106
2023,IL,Emergency Medicine,99232,"Subsequent hospital care with moderate levelof medical decision making, if using time, at least 35 minutes",F,30,30,1505,4486.0,287887.84999981796,1.8641199265342399,2.7023327130411245
2024,IL,Geriatric Medicine,99215,"Established patient office or other outpatient visit with high level of medical decision making, if using time, 40 minutes or more",O,28,28,1592,2257.0,287622.959999066,1.3542406540957546,2.339453632895464
2024,IN,Physician Assistant,99214,"Established patient office or other outpatient visit with moderate level of decision making, if using time, 30 minutes or more",F,71,71,3871,5083.0,284556.620000117,1.2727625845335748,2.7881655525650952
2023,IN,Neurosurgery,99214,"Established patient office or other outpatient visit, 30-39 minutes",O,49,49,2515,3223.0,283036.55000007,1.215074854367122,1.8263442108673442
2023,IN,Vascular Surgery,99213,"Established patient office or other outpatient visit, 20-29 minutes",O,44,44,3879,4699.0,282554.42000007,1.20977350048772,1.6680332266417066
2024,IN,Medical Oncology,99213,"Established patient office or other outpatient visit with low level od decision making, if using time, 20 minutes or more",O,27,27,3668,5206.0,281330.619999039,1.3407299375340893,2.0218131411771174
2023,IN,Hand Surgery,99204,"New patient office or other outpatient visit, 45-59 minutes",O,29,29,2598,2598.0,280387.789999066,1.0,2.3287094355543387
2024,IL,General Surgery,99214,"Established patient office or other outpatient visit with moderate level of decision making, if using time, 30 minutes or more",F,88,88,2777,3825.0,280216.250000362,1.297701996191483,2.670950681964815
2024,IN,Neurosurgery,99213,"Established patient office or other outpatient visit with low level od decision making, if using time, 20 minutes or more",O,52,52,3329,4507.0,278956.410000009,1.2555493742993293,1.753821861798263
2023,IN,Rheumatology,99204,"New patient office or other outpatient visit, 45-59 minutes",O,49,49,2566,2566.0,277791.93000030797,1.0,1.9668448469698374
2024,IL,Gynecological Oncology,99214,"Established patient office or other outpatient visit with moderate level of decision making, if using time, 30 minutes or more",O,21,21,1748,3032.0,277018.320000034,1.647402864288284,2.2299001698917658
2024,IN,Interventional Cardiology,99213,"Established patient office or other outpatient visit with low level od decision making, if using time, 20 minutes or more",O,60,60,4303,4999.0,277008.580000196,1.0989404264632652,1.8311051131452145
2024,IN,Urology,99215,"Established patient office or other outpatient visit with high level of medical decision making, if using time, 40 minutes or more",O,56,56,1893,2187.0,275642.74999957,1.127010805031979,1.9390608379028726
2024,IN,Urology,99203,"New patient office or other outpatient visit with low level of medical decision making, if using time, 30 minutes or more",O,100,100,3955,3955.0,275613.969999948,1.0,2.278255789082282
2024,IN,Anesthesiology,99204,"New patient office or other outpatient visit with moderate level of medical decision making, if using time, 45 minutes or more",O,31,31,2428,2428.0,275483.119998104,1.0,2.551584272257238
2023,IL,General Surgery,99215,"Established patient office or other outpatient visit, 40-54 minutes",O,66,66,1692,2079.0,275094.93000117,1.175002967312671,2.322382997406143
2023,IL,Optometry,99203,"New patient office or other outpatient visit, 30-44 minutes",O,139,139,4037,4037.0,274473.199999863,1.0,1.516467119233994
2023,IN,Nurse Practitioner,99204,"New patient office or other outpatient visit, 45-59 minutes",F,83,83,3613,3613.0,273829.069999913,1.0,2.95350578065223
2023,IL,General Surgery,99214,"Established patient office or other outpatient visit, 30-39 minutes",F,83,83,2803,3707.0,273249.85000043,1.2571455820142552,2.6904652230838484
2023,IL,Gastroenterology,99215,"Established patient office or other outpatient visit, 40-54 minutes",F,59,59,1962,2402.0,272628.249998906,1.1896523097318534,3.005859594705964
2023,IL,Otolaryngology,99213,"Established patient office or other outpatient visit, 20-29 minutes",F,63,63,3959,5379.0,272123.020000343,1.3414628371538702,3.152428257415347
2023,IL,Medical Oncology,99213,"Established patient office or other outpatient visit, 20-29 minutes",F,36,36,3513,5615.0,272048.730000226,1.5096370797413328,2.019719118563875
2024,IL,Dermatology,99214,"Established patient office or other outpatient visit with moderate level of decision making, if using time, 30 minutes or more",F,26,26,2721,3744.0,269938.900000199,1.348056869130667,3.281423382292964
2023,IN,Clinical Cardiac Electrophysiology,99204,"New patient office or other outpatient visit, 45-59 minutes",O,38,38,2334,2335.0,267944.06999923,1.0001934984520124,2.0555197946234127
2024,IN,Hematology,99214,"Established patient office or other outpatient visit with moderate level of decision making, if using time, 30 minutes or more",F,6,6,1199,3960.0,267882.180000945,2.6956708797866935,2.5882877578982826
2023,IL,Infectious Disease,99213,"Established patient office or other outpatient visit, 20-29 minutes",O,68,68,2576,4073.0,265986.249999741,1.4802597657547318,1.9611426354401762
2024,IL,Radiation Oncology,99215,"Established patient office or other outpatient visit with high level of medical decision making, if using time, 40 minutes or more",F,72,72,1979,2296.0,259658.16000088298,1.1226334568882868,2.874669224621614
2024,IN,Family Practice,99203,"New patient office or other outpatient visit with low level of medical decision making, if using time, 30 minutes or more",O,128,128,4308,4308.0,259006.83000013602,1.0,2.0580852367637648
2024,IN,Nurse Practitioner,99204,"New patient office or other outpatient visit with moderate level of medical decision making, if using time, 45 minutes or more",F,74,74,3463,3463.0,258931.440000145,1.0,2.8699118666741854
2024,IL,Otolaryngology,99213,"Established patient office or other outpatient visit with low level od decision making, if using time, 20 minutes or more",F,66,66,3959,5339.0,258397.430000187,1.3299019505577194,3.0830280742902194
2023,IL,Cardiology,99213,"Established patient office or other outpatient visit, 20-29 minutes",F,68,68,4821,5722.0,258319.659999908,1.1019951878029037,2.502662757954851
2023,IN,General Practice,99232,"Subsequent hospital care with moderate levelof medical decision making, if using time, at least 35 minutes",F,2,2,480,4404.0,257402.549999505,11.946737311767988,2.1086665318888285
2023,IN,Hematology-Oncology,99204,"New patient office or other outpatient visit, 45-59 minutes",O,72,72,2345,2345.0,256947.720001003,1.0,2.1500939539912984
2023,IN,Physician Assistant,99214,"Established patient office or other outpatient visit, 30-39 minutes",F,64,64,3525,4409.0,256452.589999951,1.2346233630424321,2.7926288457569006
2023,IL,Radiation Oncology,99213,"Established patient office or other outpatient visit, 20-29 minutes",O,45,45,3531,4459.0,256017.780000095,1.2277394792296246,2.362188276311917
2023,IL,Orthopedic Surgery,99204,"New patient office or other outpatient visit, 45-59 minutes",F,57,57,2582,2582.0,255753.560000049,1.0,3.020055272285142
2024,IN,Clinical Cardiac Electrophysiology,99204,"New patient office or other outpatient visit with moderate level of medical decision making, if using time, 45 minutes or more",O,41,41,2268,2268.0,255437.62000051,1.0,2.090608687706218
2023,IL,Obstetrics & Gynecology,99215,"Established patient office or other outpatient visit, 40-54 minutes",O,40,40,1657,1983.0,253308.11999854,1.2553032416806076,1.87900637171937
2023,IN,Urology,99215,"Established patient office or other outpatient visit, 40-54 minutes",O,57,57,1750,2027.0,252966.349999205,1.1543884516162628,1.8818999004633867
2023,IN,Infectious Disease,99214,"Established patient office or other outpatient visit, 30-39 minutes",O,50,50,1966,2899.0,252679.010000144,1.4378306031919177,1.8881526005167746
2023,IL,Emergency Medicine,99203,"New patient office or other outpatient visit, 30-44 minutes",O,80,80,3373,3373.0,252526.420000059,1.0,2.4882950586207886
2023,IN,Endocrinology,99215,"Established patient office or other outpatient visit, 40-54 minutes",O,37,37,1505,2073.0,250661.76999924,1.3052032186553313,1.7676029900201813
2023,IN,Orthopedic Surgery,99215,"Established patient office or other outpatient visit, 40-54 minutes",O,49,49,1799,2036.0,250560.270002218,1.0879663760004588,1.8162782174113248
2023,IL,Plastic and Reconstructive Surgery,99213,"Established patient office or other outpatient visit, 20-29 minutes",O,72,72,2861,3882.0,248975.760000101,1.3234741050589673,2.3165288058737885
2023,IN,Hematology,99214,"Established patient office or other outpatient visit, 30-39 minutes",F,5,5,1050,3625.0,247692.94000092297,2.8193244230699523,2.5073566837835264
2023,IN,Clinical Cardiac Electrophysiology,99215,"Established patient office or other outpatient visit, 40-54 minutes",O,33,33,1790,1990.0,246819.78999833,1.092263519541725,1.7275678574371167
2023,IN,Clinical Cardiac Electrophysiology,99232,"Subsequent hospital care with moderate levelof medical decision making, if using time, at least 35 minutes",F,50,50,2676,4157.0,246424.799999863,1.467049985788003,2.0386276055945536
2023,IL,Infectious Disease,99214,"Established patient office or other outpatient visit, 30-39 minutes",F,63,63,2179,3358.0,246231.84000019,1.5496506749047094,2.832313335664129
2023,IL,Advanced Heart Failure and Transplant Cardiology,99232,"Subsequent hospital care with moderate levelof medical decision making, if using time, at least 35 minutes",F,28,28,1636,3765.0,243378.889999837,2.1832902583523883,2.4432688733619434
2024,IL,Sleep Medicine,99204,"New patient office or other outpatient visit with moderate level of medical decision making, if using time, 45 minutes or more",O,20,20,1981,1981.0,243261.04000302,1.0,2.511118651777528
2024,IN,Vascular Surgery,99214,"Established patient office or other outpatient visit with moderate level of decision making, if using time, 30 minutes or more",O,37,37,2322,2738.0,242968.570000092,1.1609601185109135,1.7705582312455996
2023,IN,Sports Medicine,99204,"New patient office or other outpatient visit, 45-59 minutes",O,38,38,2197,2197.0,241011.029998497,1.0,2.109256012266714
2023,IL,Sleep Medicine,99204,"New patient office or other outpatient visit, 45-59 minutes",O,21,21,1996,1997.0,240616.230001139,1.0023809523809524,2.4829027149424943
2024,IN,Sleep Medicine,99214,"Established patient office or other outpatient visit with moderate level of decision making, if using time, 30 minutes or more",O,17,17,2126,2899.0,240355.030000309,1.2464524150119773,1.7034176009045228
2024,IN,Obstetrics & Gynecology,99204,"New patient office or other outpatient visit with moderate level of medical decision making, if using time, 45 minutes or more",O,44,44,2106,2106.0,239089.489999685,1.0,2.1637801168933466
2023,IL,Otolaryngology,99215,"Established patient office or other outpatient visit, 40-54 minutes",O,45,45,1500,1758.0,238994.289999494,1.1584227217145968,2.0169992561428445
2024,IN,Internal Medicine,99215,"Established patient office or other outpatient visit with high level of medical decision making, if using time, 40 minutes or more",F,30,30,1251,2369.0,238811.109999314,1.5500445691565308,1.959100215453254
2024,IL,Dermatology,99215,"Established patient office or other outpatient visit with high level of medical decision making, if using time, 40 minutes or more",O,26,26,1263,1686.0,238204.22999673,1.323563249877445,1.9801127983498685
2023,IN,Obstetrics & Gynecology,99204,"New patient office or other outpatient visit, 45-59 minutes",O,51,51,2114,2115.0,237336.64999892202,1.0001037452017845,1.9859560842269703
2023,IL,Ophthalmology,99215,"Established patient office or other outpatient visit, 40-54 minutes",O,35,35,1524,1793.0,237199.71999788,1.0803616501092215,2.0338259290658818
2023,IL,Medical Oncology,99232,"Subsequent hospital care with moderate levelof medical decision making, if using time, at least 35 minutes",F,38,38,1656,3672.0,237142.720000166,2.152834191322125,2.321930620408056
2024,IN,Podiatry,99213,"Established patient office or other outpatient visit with low level od decision making, if using time, 20 minutes or more",F,53,53,1964,5186.0,237081.819999623,2.8271762838602377,2.3400714409936714
2023,IL,Anesthesiology,99204,"New patient office or other outpatient visit, 45-59 minutes",F,54,54,2227,2228.0,236946.009999747,1.0008818342151675,4.218272010886021
2024,IN,Rheumatology,99213,"Established patient office or other outpatient visit with low level od decision making, if using time, 20 minutes or more",O,45,45,3134,4215.0,236023.299999986,1.243020625355806,1.7737231045724196
2024,IN,Geriatric Medicine,99214,"Established patient office or other outpatient visit with moderate level of decision making, if using time, 30 minutes or more",O,13,13,1837,3250.0,235911.050000157,1.609763449134486,1.7782834628212834
2024,IL,Ophthalmology,99203,"New patient office or other outpatient visit with low level of medical decision making, if using time, 30 minutes or more",O,100,100,3219,3219.0,233194.250000109,1.0,2.064310514339463
2023,IN,Radiation Oncology,99213,"Established patient office or other outpatient visit, 20-29 minutes",F,60,60,4075,5245.0,232085.800000063,1.2689936970740285,2.6168901116672663
2024,IL,Otolaryngology,99215,"Established patient office or other outpatient visit with high level of medical decision making, if using time, 40 minutes or more",O,40,40,1390,1685.0,231745.639999385,1.1859364391935983,2.129478623878099
2024,IL,Plastic and Reconstructive Surgery,99213,"Established patient office or other outpatient visit with low level od decision making, if using time, 20 minutes or more",O,70,70,2664,3588.0,230576.869999964,1.3144743051294152,2.511204127728156
2023,IN,Podiatry,99213,"Established patient office or other outpatient visit, 20-29 minutes",F,43,43,1865,4902.0,230313.039999844,2.7684168883247176,2.1530980322486033
2023,IL,Vascular Surgery,99203,"New patient office or other outpatient visit, 30-44 minutes",O,54,54,2735,2736.0,230222.23999962,1.0009746588693957,2.6251252395047726
2024,IL,Pain Management,99214,"Established patient office or other outpatient visit with moderate level of decision making, if using time, 30 minutes or more",F,14,14,1311,3121.0,230161.720000068,1.9942644885811696,3.95037563868839
2023,IN,Hospitalist,99214,"Established patient office or other outpatient visit, 30-39 minutes",O,20,20,1604,2818.0,230043.440000174,1.5302360404100834,1.7091836368452593
2024,IN,Clinical Cardiac Electrophysiology,99232,"Subsequent hospital care with moderate levelof medical decision making, if using time, at least 35 minutes",F,53,53,2484,3950.0,230037.039999763,1.5096512224269933,2.0916748813410315
2024,IN,Radiation Oncology,99213,"Established patient office or other outpatient visit with low level od decision making, if using time, 20 minutes or more",F,53,53,4038,5385.0,229639.250000118,1.2869627805091637,2.5436896144026884
2024,IL,Infectious Disease,99214,"Established patient office or other outpatient visit with moderate level of decision making, if using time, 30 minutes or more",F,69,69,2150,3149.0,229492.349999958,1.4640645804011094,3.0402018099776105
2024,IL,Orthopedic Surgery,99204,"New patient office or other outpatient visit with moderate level of medical decision making, if using time, 45 minutes or more",F,57,57,2311,2311.0,229402.369999373,1.0,3.3149352978871858
2024,IN,Internal Medicine,99232,"Subsequent hospital care with moderate levelof medical decision making, if using time, at least 35 minutes",O,3,3,513,3859.0,229124.889999804,7.5409881745694785,1.9336397315635374
2024,IL,Neurology,99204,"New patient office or other outpatient visit with moderate level of medical decision making, if using time, 45 minutes or more",F,72,72,2283,2283.0,227621.10999890498,1.0,2.995347212296213
2024,IL,Cardiology,99213,"Established patient office or other outpatient visit with low level od decision making, if using time, 20 minutes or more",F,53,53,4203,5052.0,227063.509999995,1.1000808569853102,2.5969010072288023
2023,IL,Dermatology,99214,"Established patient office or other outpatient visit, 30-39 minutes",F,31,31,2259,3082.0,227004.709999658,1.2626168122599364,2.9925346230228387
2023,IN,Internal Medicine,99215,"Established patient office or other outpatient visit, 40-54 minutes",F,34,34,1366,2221.0,225443.920001811,1.4331314121138339,2.1010648011027757
2023,IN,Optometry,99203,"New patient office or other outpatient visit, 30-44 minutes",O,123,123,3591,3593.0,225258.620000135,1.0012507817385867,1.3755267398536475
2024,IL,Podiatry,99214,"Established patient office or other outpatient visit with moderate level of decision making, if using time, 30 minutes or more",F,40,40,1422,3049.0,225189.660000094,2.0037455176986594,2.5637797512030076
2024,IN,Rheumatology,99204,"New patient office or other outpatient visit with moderate level of medical decision making, if using time, 45 minutes or more",O,44,44,2089,2089.0,225156.490001177,1.0,1.9340750071352666
2024,IL,Infectious Disease,99213,"Established patient office or other outpatient visit with low level od decision making, if using time, 20 minutes or more",O,66,66,2345,3521.0,224394.969999974,1.4621998026381187,1.9307030794543296
2024,IN,Clinical Cardiac Electrophysiology,99214,"Established patient office or other outpatient visit with moderate level of decision making, if using time, 30 minutes or more",F,16,16,2403,3382.0,222912.820000126,1.256001781404721,2.4270772622654246
2024,IL,Ophthalmology,99215,"Established patient office or other outpatient visit with high level of medical decision making, if using time, 40 minutes or more",O,41,41,1468,1675.0,222657.39000005802,1.1159125247922421,2.005648204206436
2024,IL,Certified Clinical Nurse Specialist,99215,"Established patient office or other outpatient visit with high level of medical decision making, if using time, 40 minutes or more",O,23,23,1494,2022.0,222250.35000028298,1.2753918302435097,2.649717468804423
2024,IL,Optometry,99203,"New patient office or other outpatient visit with low level of medical decision making, if using time, 30 minutes or more",O,133,133,3263,3263.0,222130.539999975,1.0,1.8614272344506568
2024,IL,Thoracic Surgery,99214,"Established patient office or other outpatient visit with moderate level of decision making, if using time, 30 minutes or more",O,30,30,1759,2280.0,221249.969999922,1.1747234655065288,2.2723651104669287
2024,IN,Orthopedic Surgery,99215,"Established patient office or other outpatient visit with high level of medical decision making, if using time, 40 minutes or more",O,49,49,1678,1831.0,220878.650000535,1.0711402317777177,1.8534248795621904
2024,IL,Pulmonary Disease,99204,"New patient office or other outpatient visit with moderate level of medical decision making, if using time, 45 minutes or more",F,63,63,2223,2224.0,220652.67999884,1.0004409171075839,3.0078689230535844
2023,IL,General Surgery,99204,"New patient office or other outpatient visit, 45-59 minutes",F,70,70,2175,2175.0,219252.290000796,1.0,2.7814267196580893
2024,IL,Radiation Oncology,99213,"Established patient office or other outpatient visit with low level od decision making, if using time, 20 minutes or more",O,40,40,2936,3778.0,219181.200000068,1.2493397673137185,2.609230180337716
2023,IN,Hand Surgery,99203,"New patient office or other outpatient visit, 30-44 minutes",O,32,32,3113,3113.0,217571.190000065,1.0,2.295097819918805
2023,IL,Plastic and Reconstructive Surgery,99204,"New patient office or other outpatient visit, 45-59 minutes",O,46,46,1764,1764.0,217158.20999882,1.0,2.7638480353818373
2024,IN,Hematology-Oncology,99204,"New patient office or other outpatient visit with moderate level of medical decision making, if using time, 45 minutes or more",O,56,56,1963,1963.0,212522.200000502,1.0,2.297126056719393
2023,IL,Internal Medicine,97110,"Therapy procedure using exercise to develop strength, endurance, range of motion, and flexibility, each 15 minutes",O,13,13,509,10630.0,212473.709999502,18.558282108304347,2.424180233549664
2023,IN,Vascular Surgery,99214,"Established patient office or other outpatient visit, 30-39 minutes",O,41,41,2047,2388.0,212124.329999908,1.1463519044351085,1.6795322347790504
2023,IL,Podiatry,99214,"Established patient office or other outpatient visit, 30-39 minutes",F,35,35,1266,2822.0,211705.649999976,2.019163816482662,2.5343242207524512
2024,IL,General Surgery,99204,"New patient office or other outpatient visit with moderate level of medical decision making, if using time, 45 minutes or more",F,66,66,2147,2147.0,210955.849999911,1.0,3.038567223121812
2024,IL,Advanced Heart Failure and Transplant Cardiology,99215,"Established patient office or other outpatient visit with high level of medical decision making, if using time, 40 minutes or more",F,20,20,1225,1874.0,210171.66000116,1.519813308132165,2.9601300642566106
2024,IL,Interventional Pain Management,99214,"Established patient office or other outpatient visit with moderate level of decision making, if using time, 30 minutes or more",F,8,8,1122,2834.0,209619.710000263,2.23307512650867,3.3542830161709287
2023,IN,Allergy/ Immunology,99213,"Established patient office or other outpatient visit, 20-29 minutes",O,43,43,2708,3564.0,209463.55000012802,1.2695628878326664,1.794454801381505
2024,IL,Emergency Medicine,99232,"Subsequent hospital care with moderate levelof medical decision making, if using time, at least 35 minutes",F,26,26,1214,3321.0,209114.49999937502,1.8659635634000185,2.6393049406387883
2023,IL,Certified Clinical Nurse Specialist,99213,"Established patient office or other outpatient visit, 20-29 minutes",O,33,33,3027,4069.0,209027.680000001,1.4708358562472,2.500464583425004
2023,IN,Internal Medicine,99213,"Established patient office or other outpatient visit, 20-29 minutes",F,51,51,3127,4656.0,208126.410000487,1.3369465480176859,2.251435757949109
2024,IL,Vascular Surgery,99203,"New patient office or other outpatient visit with low level of medical decision making, if using time, 30 minutes or more",O,56,56,2458,2458.0,207698.049999824,1.0,2.6204524230411685
2024,IL,Vascular Surgery,99215,"Established patient office or other outpatient visit with high level of medical decision making, if using time, 40 minutes or more",O,16,16,1088,1445.0,206902.80999952002,1.2410157142250673,2.2810551629208606
2024,IL,Hospitalist,99213,"Established patient office or other outpatient visit with low level od decision making, if using time, 20 minutes or more",O,33,33,2171,3401.0,206052.730000082,1.3508845666617748,1.9357527807964239
2023,IN,Clinical Cardiac Electrophysiology,99213,"Established patient office or other outpatient visit, 20-29 minutes",O,40,40,3109,3463.0,205165.319999864,1.076071583941959,1.915049869712322
2024,IN,Allergy/ Immunology,99204,"New patient office or other outpatient visit with moderate level of medical decision making, if using time, 45 minutes or more",O,43,43,1885,1885.0,204712.819999799,1.0,2.1437711595309437
2024,IL,Infectious Disease,99215,"Established patient office or other outpatient visit with high level of medical decision making, if using time, 40 minutes or more",O,33,33,954,1495.0,204278.87000051,1.4770103438648134,2.0328028766171324
2023,IL,Pulmonary Disease,99204,"New patient office or other outpatient visit, 45-59 minutes",F,55,55,2026,2026.0,204172.149999718,1.0,2.895469830363469
2024,IL,Advanced Heart Failure and Transplant Cardiology,99232,"Subsequent hospital care with moderate levelof medical decision making, if using time, at least 35 minutes",F,31,31,1489,3169.0,204132.969999338,2.002615035569272,2.6268996355493908
2024,IL,Urology,99204,"New patient office or other outpatient visit with moderate level of medical decision making, if using time, 45 minutes or more",F,45,45,2073,2073.0,203099.100000078,1.0,3.287902325961557
2024,IN,Clinical Cardiac Electrophysiology,99215,"Established patient office or other outpatient visit with high level of medical decision making, if using time, 40 minutes or more",O,31,31,1499,1661.0,202593.80000138,1.0827310239919845,1.8353274821345085
2023,IL,Internal Medicine,99204,"New patient office or other outpatient visit, 45-59 minutes",F,72,72,1964,1964.0,201348.739999995,1.0,2.94610151629929
2023,IN,Micrographic Dermatologic Surgery,99213,"Established patient office or other outpatient visit, 20-29 minutes",O,6,6,2829,3655.0,201003.37999990198,1.305734333489718,1.5250205922374087
2023,IL,Plastic and Reconstructive Surgery,99203,"New patient office or other outpatient visit, 30-44 minutes",O,56,56,2481,2483.0,200789.279999804,1.0012755102040816,2.614981094367615
2023,IL,Advanced Heart Failure and Transplant Cardiology,99215,"Established patient office or other outpatient visit, 40-54 minutes",F,19,19,1159,1743.0,200054.85999855,1.4301147852095728,2.9460036997300287
2024,IN,Micrographic Dermatologic Surgery,99213,"Established patient office or other outpatient visit with low level od decision making, if using time, 20 minutes or more",O,5,5,2560,3366.0,199894.590000087,1.3706326360124188,1.6371222114550505
2024,IN,Optometry,99203,"New patient office or other outpatient visit with low level of medical decision making, if using time, 30 minutes or more",O,118,118,3284,3284.0,199445.879999997,1.0,1.3754438524893045
2024,IL,Certified Clinical Nurse Specialist,99213,"Established patient office or other outpatient visit with low level od decision making, if using time, 20 minutes or more",O,29,29,2712,3805.0,199125.950000126,1.4039189186719554,2.693793797050399
2023,IL,Otolaryngology,99214,"Established patient office or other outpatient visit, 30-39 minutes",F,49,49,2054,2597.0,198294.010000159,1.1911419342700702,2.9563225173180583
2023,IN,Certified Clinical Nurse Specialist,99214,"Established patient office or other outpatient visit, 30-39 minutes",O,28,28,1408,2916.0,197704.340000336,2.524829773196514,1.7858499111701376
2023,IL,Radiation Oncology,99215,"Established patient office or other outpatient visit, 40-54 minutes",F,56,56,1450,1742.0,197623.2000009,1.1581286127171198,2.9925742984940134
2024,IL,Radiation Oncology,99214,"Established patient office or other outpatient visit with moderate level of decision making, if using time, 30 minutes or more",O,34,34,1728,2371.0,197191.929999465,1.2517259381656411,2.7218634889754174
2024,IN,Hand Surgery,99203,"New patient office or other outpatient visit with low level of medical decision making, if using time, 30 minutes or more",O,31,31,2879,2879.0,197052.279999941,1.0,2.349813545300792
2023,IL,Neurology,99204,"New patient office or other outpatient visit, 45-59 minutes",F,66,66,1950,1950.0,195320.410001672,1.0,3.0282149599135875
2023,IL,Gastroenterology,99204,"New patient office or other outpatient visit, 45-59 minutes",F,66,66,1933,1933.0,195093.619999949,1.0,2.9481226279804087
2023,IN,Allergy/ Immunology,99204,"New patient office or other outpatient visit, 45-59 minutes",O,43,43,1746,1746.0,194500.809999818,1.0,1.9813920501516642
2024,IL,Gastroenterology,99204,"New patient office or other outpatient visit with moderate level of medical decision making, if using time, 45 minutes or more",F,66,66,1949,1949.0,194352.609999894,1.0,2.952582870265726
2024,IL,Nurse Practitioner,97110,"Therapy procedure using exercise to develop strength, endurance, range of motion, and flexibility, each 15 minutes",O,17,17,568,12078.0,193894.919999608,23.340388613824732,3.1415910542514296
2023,IL,General Practice,99232,"Subsequent hospital care with moderate levelof medical decision making, if using time, at least 35 minutes",F,20,20,880,3020.0,193745.010000061,3.4648767779663574,2.44456321255361
2023,IN,Geriatric Medicine,99214,"Established patient office or other outpatient visit, 30-39 minutes",O,15,15,1684,2576.0,193374.580000077,1.4377514090423378,1.8028158542787736
2023,IN,Endocrinology,99213,"Established patient office or other outpatient visit, 20-29 minutes",O,55,55,2847,3417.0,193363.690000194,1.1387573683642862,1.7619742029339258
2024,IL,Otolaryngology,99214,"Established patient office or other outpatient visit with moderate level of decision making, if using time, 30 minutes or more",F,54,54,2142,2605.0,193360.860000025,1.1815334938439317,3.047196267862326
2024,IL,Internal Medicine,97110,"Therapy procedure using exercise to develop strength, endurance, range of motion, and flexibility, each 15 minutes",O,16,16,583,9960.0,192756.109998726,18.316851232623797,2.745584336338388
2024,IL,Internal Medicine,99204,"New patient office or other outpatient visit with moderate level of medical decision making, if using time, 45 minutes or more",F,65,65,1951,1951.0,192469.560000914,1.0,3.2647297015751198
2023,IL,Radiation Oncology,99214,"Established patient office or other outpatient visit, 30-39 minutes",O,31,31,1631,2259.0,192105.130000126,1.234640345863289,2.619556213009585
2024,IL,Physical Medicine and Rehabilitation,99204,"New patient office or other outpatient visit with moderate level of medical decision making, if using time, 45 minutes or more",F,39,39,1855,1855.0,190645.100001021,1.0,2.849877073262672
2024,IN,Pulmonary Disease,99214,"Established patient office or other outpatient visit with moderate level of decision making, if using time, 30 minutes or more",F,32,32,2129,2822.0,190644.370000135,1.2552076113157256,2.4350192670787063
2024,IN,Cardiology,99215,"Established patient office or other outpatient visit with high level of medical decision making, if using time, 40 minutes or more",F,53,53,1680,1873.0,189148.319998022,1.0977553241515692,2.5599223145698624
2024,IL,Medical Oncology,99232,"Subsequent hospital care with moderate levelof medical decision making, if using time, at least 35 minutes",F,34,34,1426,2981.0,188751.550000148,1.8554272198134862,2.3609029720068744
2023,IL,Hospitalist,99213,"Established patient office or other outpatient visit, 20-29 minutes",O,31,31,1903,3116.0,188520.900000045,1.4437945265074028,1.7812525116705127
2023,IL,Physical Medicine and Rehabilitation,99204,"New patient office or other outpatient visit, 45-59 minutes",F,34,34,1820,1820.0,188026.76999886302,1.0,2.731536621301374
2023,IL,Hematology,99214,"Established patient office or other outpatient visit, 30-39 minutes",F,10,10,1285,2548.0,187864.320000022,1.956206341302345,2.090283373773116
2023,IL,Urology,99204,"New patient office or other outpatient visit, 45-59 minutes",F,40,40,1901,1903.0,186986.520000243,1.0011363636363637,3.098778677128151
2024,IN,Radiation Oncology,99214,"Established patient office or other outpatient visit with moderate level of decision making, if using time, 30 minutes or more",F,54,54,2222,2839.0,185870.569999958,1.2157199776075447,2.6452048377585897
2023,IL,Neurology,99213,"Established patient office or other outpatient visit, 20-29 minutes",F,77,77,3271,3853.0,184560.670000224,1.143101559523805,2.6541684192906407
2023,IL,Thoracic Surgery,99214,"Established patient office or other outpatient visit, 30-39 minutes",O,24,24,1429,1858.0,184492.309999193,1.1586502223608035,2.218842353917979
2023,IL,Family Practice,93000,Routine electrocardiogram (ecg) using at least 12 leads with interpretation and report,O,549,549,16600,17629.0,183242.870000156,1.0495226875234938,5.407321095023783
2024,IL,Anesthesiology,99232,"Subsequent hospital care with moderate levelof medical decision making, if using time, at least 35 minutes",F,48,48,1501,2760.0,181218.040000084,1.6590176906191507,4.21549237486741
2024,IL,Neurology,99213,"Established patient office or other outpatient visit with low level od decision making, if using time, 20 minutes or more",F,83,83,3330,3845.0,181188.759999597,1.1144079037804815,2.7178481343929386
2023,IN,Vascular Surgery,99204,"New patient office or other outpatient visit, 45-59 minutes",O,44,44,1586,1586.0,179141.730000041,1.0,1.936571149528625
2024,IN,Rheumatology,99214,"Established patient office or other outpatient visit with moderate level of decision making, if using time, 30 minutes or more",F,16,16,1492,2770.0,178976.500000092,1.7011820980235628,1.908073017203938
2023,IN,Neurology,99214,"Established patient office or other outpatient visit, 30-39 minutes",F,30,30,1743,2668.0,177834.540000407,1.3866256488561368,2.274097522754632
2024,IL,Plastic and Reconstructive Surgery,99204,"New patient office or other outpatient visit with moderate level of medical decision making, if using time, 45 minutes or more",O,36,36,1440,1442.0,177384.750001173,1.002260348583878,2.7779877295926982
2024,IN,Neurosurgery,99215,"Established patient office or other outpatient visit with high level of medical decision making, if using time, 40 minutes or more",O,19,19,1052,1331.0,176642.519998408,1.2057705793791325,1.9920118491782957
2024,IN,Family Practice,99213,"Established patient office or other outpatient visit with low level od decision making, if using time, 20 minutes or more",F,37,37,2296,4147.0,176368.030000381,1.765042957448728,2.099699800850771
2023,IL,Emergency Medicine,99215,"Established patient office or other outpatient visit, 40-54 minutes",O,39,39,1215,1300.0,176333.640000894,1.0818747443303371,2.354437461793169
2023,IN,Clinical Cardiac Electrophysiology,93000,Routine electrocardiogram (ecg) using at least 12 leads with interpretation and report,O,51,51,12892,17807.0,176198.2300001615,1.289726421361429,4.612686986356062
2023,IN,Interventional Cardiology,93000,Routine electrocardiogram (ecg) using at least 12 leads with interpretation and report,O,96,96,16869,19025.0,176098.2000000295,1.1040557951582668,4.835435199756071
2024,IN,Neurology,99214,"Established patient office or other outpatient visit with moderate level of decision making, if using time, 30 minutes or more",F,39,39,1880,2746.0,175651.869999996,1.2871628757547617,2.0615877672680356
2024,IN,Medical Oncology,99232,"Subsequent hospital care with moderate levelof medical decision making, if using time, at least 35 minutes",F,29,29,1509,3031.0,175306.73000009998,1.8868036256318244,1.8765887776037367
2023,IL,Nurse Practitioner,97110,"Therapy procedure using exercise to develop strength, endurance, range of motion, and flexibility, each 15 minutes",O,19,19,623,10938.0,174999.459999851,18.073754564420707,5.055157396056506
2024,IL,Endocrinology,99215,"Established patient office or other outpatient visit with high level of medical decision making, if using time, 40 minutes or more",F,32,32,1335,1619.0,174722.060000708,1.1767281035383281,3.2390890716865637
2023,IN,Radiation Oncology,99214,"Established patient office or other outpatient visit, 30-39 minutes",F,48,48,1996,2590.0,174450.320000008,1.2202828712071232,2.6119662599105395
2024,IL,Clinical Cardiac Electrophysiology,99215,"Established patient office or other outpatient visit with high level of medical decision making, if using time, 40 minutes or more",F,23,23,1305,1539.0,173681.280000834,1.1273197049930537,2.7013064483701505
2023,IN,Sleep Medicine,99214,"Established patient office or other outpatient visit, 30-39 minutes",O,13,13,1453,2060.0,173447.829999762,1.3068890963668367,1.7347728381629706
2024,IN,Interventional Cardiology,93000,Routine electrocardiogram (ecg) using at least 12 leads with interpretation and report,O,96,96,16923,19073.0,173326.7799998885,1.0947510026940335,4.976580502867209
2024,IN,General Surgery,99214,"Established patient office or other outpatient visit with moderate level of decision making, if using time, 30 minutes or more",F,33,33,1063,2504.0,172783.749999933,1.7678030697693912,2.149400528403767
2024,IL,Radiation Oncology,99215,"Established patient office or other outpatient visit with high level of medical decision making, if using time, 40 minutes or more",O,36,36,1158,1334.0,171905.99999978,1.1372316150230217,2.70031291618624
2024,IN,Sports Medicine,99203,"New patient office or other outpatient visit with low level of medical decision making, if using time, 30 minutes or more",O,44,44,2560,2560.0,171685.88999991099,1.0,2.1473553091284634
2023,IN,Psychiatry,99215,"Established patient office or other outpatient visit, 40-54 minutes",O,24,24,667,1517.0,171533.469999692,1.9990098878089941,1.6923361035161284
2024,IL,Plastic and Reconstructive Surgery,99203,"New patient office or other outpatient visit with low level of medical decision making, if using time, 30 minutes or more",O,55,55,2131,2131.0,171289.019999885,1.0,2.761762770652939
2023,IL,Psychiatry,99213,"Established patient office or other outpatient visit, 20-29 minutes",F,32,32,1222,3582.0,171022.510000252,2.5289684695579266,2.4389360897659667
2024,IN,Vascular Surgery,99204,"New patient office or other outpatient visit with moderate level of medical decision making, if using time, 45 minutes or more",O,31,31,1500,1500.0,170970.900000568,1.0,2.0001379097730174
2023,IN,General Surgery,99214,"Established patient office or other outpatient visit, 30-39 minutes",F,33,33,1155,2448.0,170196.43999993702,1.594885149777341,1.8796151321768886
2023,IN,General Practice,99213,"Established patient office or other outpatient visit, 20-29 minutes",O,16,16,1514,3179.0,170193.429999701,1.927588577800931,1.71368372263525
2023,IN,Advanced Heart Failure and Transplant Cardiology,99214,"Established patient office or other outpatient visit, 30-39 minutes",O,10,10,1317,1991.0,170038.800000118,1.4750070779518063,1.5956223381826984
2024,IN,Allergy/ Immunology,99213,"Established patient office or other outpatient visit with low level od decision making, if using time, 20 minutes or more",O,36,36,2217,2881.0,169921.099999716,1.2756858903329984,1.9993135657460488
2024,IN,Psychiatry,99215,"Established patient office or other outpatient visit with high level of medical decision making, if using time, 40 minutes or more",O,25,25,709,1542.0,169709.310000031,1.9041921618609823,1.7257566284860202
2024,IL,Family Practice,93000,Routine electrocardiogram (ecg) using at least 12 leads with interpretation and report,O,507,507,15582,16606.0,169481.4599997752,1.0528931315060557,5.341690882774864
2024,IL,Neurosurgery,99214,"Established patient office or other outpatient visit with moderate level of decision making, if using time, 30 minutes or more",F,41,41,1931,2312.0,169320.24999998,1.140905987468602,2.7167950518470767
2023,IL,Allergy/ Immunology,99215,"Established patient office or other outpatient visit, 40-54 minutes",O,19,19,859,1296.0,168925.170000777,1.4441426979869256,2.0592538396650264
2023,IN,Neurosurgery,99203,"New patient office or other outpatient visit, 30-44 minutes",O,49,49,2255,2255.0,168685.460000019,1.0,1.9009538161257375
2023,IL,Vascular Surgery,99215,"Established patient office or other outpatient visit, 40-54 minutes",O,19,19,917,1207.0,168497.400001846,1.2032059471798975,2.383250700186737
2023,IN,Pulmonary Disease,99214,"Established patient office or other outpatient visit, 30-39 minutes",F,29,29,1815,2456.0,167809.28999987498,1.2446891195320127,2.3092792387636907
2023,IN,Family Practice,99213,"Established patient office or other outpatient visit, 20-29 minutes",F,37,37,2152,3853.0,167684.039999754,1.7070512530391342,2.2404735346633298
2023,IL,Geriatric Medicine,99232,"Subsequent hospital care with moderate levelof medical decision making, if using time, at least 35 minutes",F,22,22,1035,2668.0,167614.449999682,2.1725983585295414,2.8374598387506946
2023,IN,Neurology,99215,"Established patient office or other outpatient visit, 40-54 minutes",F,30,30,1255,1658.0,166771.65000095998,1.2669282242336608,2.134629503889219
2024,IN,Advanced Heart Failure and Transplant Cardiology,99214,"Established patient office or other outpatient visit with moderate level of decision making, if using time, 30 minutes or more",O,11,11,1342,1984.0,166483.389999917,1.408004608278236,1.676669652314613
2023,IL,Otolaryngology,99204,"New patient office or other outpatient visit, 45-59 minutes",F,47,47,1601,1601.0,165618.349999227,1.0,3.147573015602319
2024,IN,Hospitalist,99214,"Established patient office or other outpatient visit with moderate level of decision making, if using time, 30 minutes or more",O,12,12,1119,2202.0,165426.280000371,1.7048251749436065,1.9111872082559793
2023,IL,Radiation Oncology,99215,"Established patient office or other outpatient visit, 40-54 minutes",O,37,37,1142,1284.0,164688.73000091,1.1067357673059293,2.622741318329949
2024,IL,Gynecological Oncology,99215,"Established patient office or other outpatient visit with high level of medical decision making, if using time, 40 minutes or more",O,12,12,473,1163.0,164438.75999958,2.2544182357276363,2.0170846679139967
2024,IN,Endocrinology,99214,"Established patient office or other outpatient visit with moderate level of decision making, if using time, 30 minutes or more",F,20,20,1831,2429.0,164415.690000343,1.3011445815945129,2.2016366526040856
2024,IL,Neurosurgery,99215,"Established patient office or other outpatient visit with high level of medical decision making, if using time, 40 minutes or more",O,30,30,949,1168.0,164326.78999984,1.1551223143541236,2.2390386708650465
2024,IL,Physician Assistant,99204,"New patient office or other outpatient visit with moderate level of medical decision making, if using time, 45 minutes or more",F,56,56,1911,1911.0,163980.589999892,1.0,4.179982388073111
2024,IN,Family Practice,99232,"Subsequent hospital care with moderate levelof medical decision making, if using time, at least 35 minutes",O,4,4,440,2601.0,163852.170000045,3.1911819247163664,2.07812951149543
2023,IN,Cardiology,99215,"Established patient office or other outpatient visit, 40-54 minutes",F,43,43,1430,1593.0,163113.509999612,1.0943896997500577,2.4596217000423697
2023,IL,Endocrinology,99215,"Established patient office or other outpatient visit, 40-54 minutes",F,25,25,1137,1478.0,162017.080000616,1.2771862292251301,3.0639022665015365
2024,IL,Neurosurgery,99204,"New patient office or other outpatient visit with moderate level of medical decision making, if using time, 45 minutes or more",F,32,32,1633,1633.0,161811.229999657,1.0,3.1528513498404878
2023,IN,Gastroenterology,99203,"New patient office or other outpatient visit, 30-44 minutes",O,78,78,2323,2323.0,161744.12999993,1.0,2.11728718804326
2023,IL,Obstetrics & Gynecology,99204,"New patient office or other outpatient visit, 45-59 minutes",F,14,14,1597,1597.0,160067.009998334,1.0,2.3787042877612916
2024,IL,Sports Medicine,99214,"Established patient office or other outpatient visit with moderate level of decision making, if using time, 30 minutes or more",F,18,18,1800,2177.0,159417.189999854,1.1912625693921337,1.9422747491054837
2024,IN,Endocrinology,99213,"Established patient office or other outpatient visit with low level od decision making, if using time, 20 minutes or more",O,44,44,2233,2694.0,159244.55000003,1.1333533523404205,1.8347691539073843
2023,IL,Neurosurgery,99214,"Established patient office or other outpatient visit, 30-39 minutes",F,31,31,1709,2057.0,159108.84000002602,1.1595633389637519,2.708932601813036
2023,IL,Neurosurgery,99215,"Established patient office or other outpatient visit, 40-54 minutes",O,31,31,921,1146.0,158158.38000067,1.153422975631961,2.2106261741135347
2024,IL,Thoracic Surgery,99204,"New patient office or other outpatient visit with moderate level of medical decision making, if using time, 45 minutes or more",O,26,26,1268,1268.0,158057.66999926,1.0,2.626782404753449
2024,IN,Certified Clinical Nurse Specialist,99214,"Established patient office or other outpatient visit with moderate level of decision making, if using time, 30 minutes or more",O,23,23,1083,2279.0,157224.749999745,2.650818852347624,1.923251143266224
2023,IL,Pulmonary Disease,99213,"Established patient office or other outpatient visit, 20-29 minutes",F,47,47,2763,3200.0,157199.320000017,1.1403793668651518,2.790879538387672
2023,IN,General Surgery,99213,"Established patient office or other outpatient visit, 20-29 minutes",F,50,50,1689,3378.0,156455.099999569,1.7856593720758633,2.3224985900780775
2023,IL,Interventional Radiology,99213,"Established patient office or other outpatient visit, 20-29 minutes",O,15,15,990,2368.0,156006.070000503,1.4585476746664836,2.425164513328661
2024,IL,Otolaryngology,99204,"New patient office or other outpatient visit with moderate level of medical decision making, if using time, 45 minutes or more",F,49,49,1539,1539.0,155883.270000077,1.0,3.141528979045401
2024,IL,Hospitalist,99215,"Established patient office or other outpatient visit with high level of medical decision making, if using time, 40 minutes or more",O,20,20,806,1132.0,154363.47999901001,1.2052099925689377,1.9108508937317825
2023,IN,Medical Oncology,99232,"Subsequent hospital care with moderate levelof medical decision making, if using time, at least 35 minutes",F,17,17,907,2646.0,154193.719999538,2.4433684791402324,1.969249004497622
2023,IN,Clinical Cardiac Electrophysiology,99214,"Established patient office or other outpatient visit, 30-39 minutes",F,18,18,1849,2359.0,153908.019999622,1.1693814643607738,2.4037978582084616
2024,IN,Critical Care (Intensivists),99213,"Established patient office or other outpatient visit with low level od decision making, if using time, 20 minutes or more",O,25,25,2058,2590.0,153904.409999912,1.1587574727839653,1.7162090089815143
2023,IL,Hematology,99215,"Established patient office or other outpatient visit, 40-54 minutes",F,10,10,716,1390.0,153876.54000049,2.0332899217949008,2.1731320287219225
2024,IN,Gastroenterology,99203,"New patient office or other outpatient visit with low level of medical decision making, if using time, 30 minutes or more",O,65,65,2158,2158.0,153628.340000077,1.0,2.140136380862067
2023,IL,Nurse Practitioner,99203,"New patient office or other outpatient visit, 30-44 minutes",F,102,102,2870,2870.0,152653.120000065,1.0,3.924722575094646
2023,IL,Neurology,99203,"New patient office or other outpatient visit, 30-44 minutes",O,49,49,1933,1933.0,152580.910000006,1.0,2.4343667833051326
2024,IL,Sports Medicine,99213,"Established patient office or other outpatient visit with low level od decision making, if using time, 20 minutes or more",F,17,17,1998,2999.0,151985.299999999,1.458509869637621,1.6877303726428559
2024,IL,Emergency Medicine,99215,"Established patient office or other outpatient visit with high level of medical decision making, if using time, 40 minutes or more",O,34,34,1108,1135.0,151877.699998603,1.0132945080886548,2.420636712955886
2023,IL,Pain Management,99203,"New patient office or other outpatient visit, 30-44 minutes",O,33,33,1842,1843.0,151861.479999932,1.000739098300074,2.858262258337895
2023,IN,Interventional Pain Management,99204,"New patient office or other outpatient visit, 45-59 minutes",O,19,19,1349,1349.0,151633.739998819,1.0,2.3175882371750354
2024,IL,Allergy/ Immunology,99215,"Established patient office or other outpatient visit with high level of medical decision making, if using time, 40 minutes or more",O,16,16,748,1186.0,151380.990000397,1.4117121384744453,2.3376420159251494
2023,IN,Hematology-Oncology,99204,"New patient office or other outpatient visit, 45-59 minutes",F,48,48,1630,1631.0,151128.32999983898,1.000285388127854,2.351578527385727
2023,IL,Clinical Cardiac Electrophysiology,99215,"Established patient office or other outpatient visit, 40-54 minutes",F,24,24,1183,1358.0,150915.20999996,1.1110524282717213,2.5146681345896513
2023,IL,Radiation Oncology,99204,"New patient office or other outpatient visit, 45-59 minutes",F,38,38,1404,1404.0,150245.469999314,1.0,3.2400286012131985
2023,IL,Family Practice,99215,"Established patient office or other outpatient visit, 40-54 minutes",F,27,27,968,1361.0,150053.030001824,1.222364483688438,2.613904143928524
2024,IN,Internal Medicine,99213,"Established patient office or other outpatient visit with low level od decision making, if using time, 20 minutes or more",F,49,49,2457,3521.0,149850.269999791,1.2826978760760959,2.276144958431526
2023,IN,Internal Medicine,99285,Emergency department visit with high level of medical decision making,F,14,14,1042,1119.0,149843.76999949,1.0559625359644673,6.273191199069878
2024,IN,Clinical Cardiac Electrophysiology,93000,Routine electrocardiogram (ecg) using at least 12 leads with interpretation and report,O,49,49,11864,15547.0,149825.0600000883,1.239140188967907,4.9337982048624776
2024,IL,Hospice and Palliative Care,99232,"Subsequent hospital care with moderate levelof medical decision making, if using time, at least 35 minutes",F,30,30,1237,2355.0,149650.789999982,1.8059140249288064,2.586651909185668
2023,IL,Infectious Disease,99215,"Established patient office or other outpatient visit, 40-54 minutes",O,24,24,699,1086.0,149604.95000009998,1.428176560839234,2.0400181869505443
2023,IL,Vascular Surgery,99213,"Established patient office or other outpatient visit, 20-29 minutes",F,26,26,2017,2967.0,149585.670000119,1.5603256536897185,2.887433244837138
2024,IL,Vascular Surgery,99213,"Established patient office or other outpatient visit with low level od decision making, if using time, 20 minutes or more",F,28,28,1934,3008.0,149193.270000186,1.8320065905898446,3.008490530116449
2023,IN,Cardiology,99213,"Established patient office or other outpatient visit, 20-29 minutes",F,40,40,2949,3374.0,149124.440000112,1.101490805770734,2.52089564015042
2024,IN,Radiation Oncology,99215,"Established patient office or other outpatient visit with high level of medical decision making, if using time, 40 minutes or more",F,41,41,1172,1461.0,148672.279999676,1.1743104987950839,2.4893047212971458
2024,IN,General Surgery,99213,"Established patient office or other outpatient visit with low level od decision making, if using time, 20 minutes or more",F,57,57,1762,3246.0,148024.84999985,1.6667322730245464,2.379577469891414
2023,IL,Anesthesiology,99232,"Subsequent hospital care with moderate levelof medical decision making, if using time, at least 35 minutes",F,44,44,1331,2225.0,147127.300000105,1.6056475381253057,3.232486598709785
2023,IL,Orthopedic Surgery,99203,"New patient office or other outpatient visit, 30-44 minutes",F,50,50,2384,2385.0,146864.779999748,1.0004651162790699,3.0982247238902456
2024,IL,Nurse Practitioner,99203,"New patient office or other outpatient visit with low level of medical decision making, if using time, 30 minutes or more",F,100,100,2844,2844.0,146191.899999845,1.0,3.924976239310116
2024,IL,Neurosurgery,99203,"New patient office or other outpatient visit with low level of medical decision making, if using time, 30 minutes or more",O,47,47,1736,1736.0,146129.079999954,1.0,2.7782664343170542
2023,IL,Certified Clinical Nurse Specialist,99232,"Subsequent hospital care with moderate levelof medical decision making, if using time, at least 35 minutes",F,29,29,1462,2727.0,145895.609999972,1.7327809336495499,3.2380079719890555
2024,IL,Certified Clinical Nurse Specialist,99232,"Subsequent hospital care with moderate levelof medical decision making, if using time, at least 35 minutes",F,27,27,1530,2770.0,145832.130000313,1.797866081557196,3.455282670496382
2024,IN,Interventional Cardiology,99214,"Established patient office or other outpatient visit with moderate level of decision making, if using time, 30 minutes or more",F,28,28,1731,2212.0,145575.010000286,1.1784787296681416,2.655138796603801
2024,IN,Interventional Pain Management,99204,"New patient office or other outpatient visit with moderate level of medical decision making, if using time, 45 minutes or more",O,19,19,1303,1303.0,145557.38000094,1.0,2.459530944977694
2023,IL,Cardiac Surgery,99214,"Established patient office or other outpatient visit, 30-39 minutes",O,9,9,742,1567.0,145184.449999843,1.508722101076417,2.0848085898156494
2023,IN,Critical Care (Intensivists),99213,"Established patient office or other outpatient visit, 20-29 minutes",O,19,19,1977,2468.0,145041.269999546,1.1638486050022065,1.8253677420388592
2023,IN,Radiation Oncology,99213,"Established patient office or other outpatient visit, 20-29 minutes",O,25,25,2018,2658.0,144983.879999915,1.245383162427307,1.9413108721399868
2023,IL,Physical Medicine and Rehabilitation,99213,"Established patient office or other outpatient visit, 20-29 minutes",F,40,40,1834,2870.0,144560.88999998898,1.4372432756230824,2.5635624170039613
2024,IN,Infectious Disease,99213,"Established patient office or other outpatient visit with low level od decision making, if using time, 20 minutes or more",O,45,45,1615,2329.0,144547.609999995,1.3469558421503993,1.864914409364305
2023,IL,Hospitalist,99215,"Established patient office or other outpatient visit, 40-54 minutes",O,20,20,807,1042.0,144218.69000091,1.153159243226679,1.8205636729184147
2023,IN,Sports Medicine,99203,"New patient office or other outpatient visit, 30-44 minutes",O,38,38,2072,2073.0,144141.21999984302,1.0001766160367362,2.2126677036684392
2024,IN,Clinical Cardiac Electrophysiology,99213,"Established patient office or other outpatient visit with low level od decision making, if using time, 20 minutes or more",O,34,34,2170,2419.0,142078.420000146,1.0708048364798561,1.9578713142019812
2023,IN,Infectious Disease,99213,"Established patient office or other outpatient visit, 20-29 minutes",O,45,45,1639,2312.0,141477.639999966,1.353893027764935,1.8540657919106631
2024,IN,Internal Medicine,99285,Emergency department visit with high level of medical decision making,F,12,12,1054,1129.0,141256.95999853,1.0541913134723135,5.260983424529036
2023,IL,Anesthesiology,99213,"Established patient office or other outpatient visit, 20-29 minutes",F,36,36,1815,2811.0,141092.130000155,1.2931557278604318,3.392751108208222
2024,IL,Medical Oncology,99204,"New patient office or other outpatient visit with moderate level of medical decision making, if using time, 45 minutes or more",O,31,31,1205,1205.0,140857.610000289,1.0,2.4436892247424367
2024,IL,Advanced Heart Failure and Transplant Cardiology,99214,"Established patient office or other outpatient visit with moderate level of decision making, if using time, 30 minutes or more",F,20,20,1257,1958.0,140848.629999832,1.4872324960138672,2.8895242095978544
2023,IL,Physician Assistant,99204,"New patient office or other outpatient visit, 45-59 minutes",F,44,44,1623,1624.0,140625.080000075,1.0020661157024795,3.741698627633814
2023,IL,Neurosurgery,99204,"New patient office or other outpatient visit, 45-59 minutes",F,29,29,1307,1307.0,140381.429999384,1.0,3.141358110100801
2023,IL,Podiatry,99215,"Established patient office or other outpatient visit, 40-54 minutes",O,21,21,601,1061.0,139799.63000008,1.4833296484610952,1.7341771338093626
2024,IL,Pulmonary Disease,99213,"Established patient office or other outpatient visit with low level od decision making, if using time, 20 minutes or more",F,50,50,2552,2927.0,139744.569999881,1.1364486014228,2.794789580843277
2023,IL,Neurosurgery,99232,"Subsequent hospital care with moderate levelof medical decision making, if using time, at least 35 minutes",F,43,43,1421,2183.0,139418.900000033,1.4272412652705622,2.731636488118093
2024,IL,General Practice,99232,"Subsequent hospital care with moderate levelof medical decision making, if using time, at least 35 minutes",F,16,16,509,2228.0,139381.440000145,3.777877431403329,2.292201037725253
2023,IN,Interventional Cardiology,99214,"Established patient office or other outpatient visit, 30-39 minutes",F,22,22,1680,2107.0,139359.260000223,1.2663345762928069,2.174096146719063
2023,IL,Hospice and Palliative Care,99232,"Subsequent hospital care with moderate levelof medical decision making, if using time, at least 35 minutes",F,33,33,1291,2151.0,138856.519999984,1.5740009655306575,2.4520460449611563
2023,IL,Sleep Medicine,99213,"Established patient office or other outpatient visit, 20-29 minutes",O,24,24,1848,2162.0,138637.619999983,1.1816965007185967,2.3197551423941967
2024,IL,Hematology-Oncology,99204,"New patient office or other outpatient visit with moderate level of medical decision making, if using time, 45 minutes or more",F,53,53,1383,1384.0,138009.090000255,1.0002734481815696,3.158077808279251
2024,IL,Cardiac Surgery,99214,"Established patient office or other outpatient visit with moderate level of decision making, if using time, 30 minutes or more",O,9,9,765,1523.0,137346.239999228,1.4323595806060423,1.8832215357458797
2024,IN,Cardiology,99204,"New patient office or other outpatient visit with moderate level of medical decision making, if using time, 45 minutes or more",F,50,50,1585,1585.0,137149.550000001,1.0,2.8242780393848075
2024,IL,Neurology,99203,"New patient office or other outpatient visit with low level of medical decision making, if using time, 30 minutes or more",O,43,43,1821,1821.0,137076.969999841,1.0,2.687286011623404
2024,IN,Osteopathic Manipulative Medicine,99214,"Established patient office or other outpatient visit with moderate level of decision making, if using time, 30 minutes or more",O,14,14,1085,1748.0,137038.85999996,1.5012309404776214,1.739348781762087
2024,IL,Obstetrics & Gynecology,99204,"New patient office or other outpatient visit with moderate level of medical decision making, if using time, 45 minutes or more",F,15,15,1419,1419.0,137018.009999795,1.0,2.557405474351919
2024,IL,Psychiatry,99213,"Established patient office or other outpatient visit with low level od decision making, if using time, 20 minutes or more",F,22,22,1000,2934.0,136918.810000249,2.399054267205548,2.5991703526079366
2024,IL,Sleep Medicine,99215,"Established patient office or other outpatient visit with high level of medical decision making, if using time, 40 minutes or more",O,15,15,687,983.0,136805.31999914598,1.2913506245193085,2.486475102418751
2024,IL,Interventional Radiology,99213,"Established patient office or other outpatient visit with low level od decision making, if using time, 20 minutes or more",O,16,16,1037,2178.0,136381.030000431,1.38455658798084,2.405619244737735
2023,IL,Ophthalmology,99204,"New patient office or other outpatient visit, 45-59 minutes",F,37,37,1460,1460.0,135980.240000655,1.0,3.860726200968149
2024,IL,Family Practice,99215,"Established patient office or other outpatient visit with high level of medical decision making, if using time, 40 minutes or more",F,26,26,761,1230.0,135757.199998222,1.2758261140147498,2.77428570109068
2023,IN,Podiatry,99214,"Established patient office or other outpatient visit, 30-39 minutes",F,20,20,876,1965.0,135459.270000291,2.33719350328093,2.200603757417568
2024,IL,Physical Medicine and Rehabilitation,99213,"Established patient office or other outpatient visit with low level od decision making, if using time, 20 minutes or more",F,36,36,1676,2681.0,135416.149999822,1.513652781433982,2.4804833127422503
2024,IN,Neurosurgery,99203,"New patient office or other outpatient visit with low level of medical decision making, if using time, 30 minutes or more",O,37,37,1790,1790.0,135267.640000136,1.0,1.8855845482445381
2024,IN,General Practice,99213,"Established patient office or other outpatient visit with low level od decision making, if using time, 20 minutes or more",O,18,18,1442,2541.0,135244.739999727,1.6643685296572284,1.8152802214490553
2024,IN,Sleep Medicine,99204,"New patient office or other outpatient visit with moderate level of medical decision making, if using time, 45 minutes or more",O,15,15,1287,1287.0,135043.06999994098,1.0,1.7555598364110987
2023,IL,Certified Clinical Nurse Specialist,99215,"Established patient office or other outpatient visit, 40-54 minutes",O,21,21,1032,1295.0,135032.729999968,1.1925536866860056,2.5931625405997862
2024,IL,Orthopedic Surgery,99203,"New patient office or other outpatient visit with low level of medical decision making, if using time, 30 minutes or more",F,53,53,2299,2299.0,134348.380000039,1.0,3.209639637033084
2023,IL,Sports Medicine,99214,"Established patient office or other outpatient visit, 30-39 minutes",F,14,14,1422,1771.0,134175.82999991,1.215585136940891,1.7033276262773818
2023,IL,Advanced Heart Failure and Transplant Cardiology,99214,"Established patient office or other outpatient visit, 30-39 minutes",F,20,20,1118,1824.0,133769.010000186,1.486939573064555,2.766533813531685
2024,IL,Physical Medicine and Rehabilitation,99215,"Established patient office or other outpatient visit with high level of medical decision making, if using time, 40 minutes or more",F,28,28,878,1208.0,133686.509998762,1.2206952498850143,2.4200180945220198
2024,IN,Certified Clinical Nurse Specialist,99213,"Established patient office or other outpatient visit with low level od decision making, if using time, 20 minutes or more",O,14,14,1549,2654.0,132791.919999971,1.5492076809690631,2.147179542060198
2023,IN,Rheumatology,99214,"Established patient office or other outpatient visit, 30-39 minutes",F,12,12,1127,2077.0,132650.999999905,1.6973585037161163,1.8255132610451892
2024,IL,Thoracic Surgery,99215,"Established patient office or other outpatient visit with high level of medical decision making, if using time, 40 minutes or more",O,18,18,800,945.0,132646.90000129,1.1510553711397669,2.1030382631977704
2023,IL,Obstetrics & Gynecology,99203,"New patient office or other outpatient visit, 30-44 minutes",O,89,89,1721,1722.0,132577.689999977,1.0008025682182986,2.087589686789089
2023,IL,Anesthesiology,99215,"Established patient office or other outpatient visit, 40-54 minutes",O,13,13,431,980.0,132218.19000237,1.9541052585822525,2.6205872964873866
2023,IN,Cardiology,99204,"New patient office or other outpatient visit, 45-59 minutes",F,52,52,1484,1484.0,132198.739999941,1.0,2.6678107952170858
2024,IL,Radiation Oncology,99204,"New patient office or other outpatient visit with moderate level of medical decision making, if using time, 45 minutes or more",F,33,33,1229,1229.0,132100.030000652,1.0,3.081267053854613
2023,IL,Medical Oncology,99204,"New patient office or other outpatient visit, 45-59 minutes",O,26,26,1072,1072.0,131519.119999825,1.0,2.8045161404782277
2023,IL,Obstetrics & Gynecology,99215,"Established patient office or other outpatient visit, 40-54 minutes",F,13,13,549,1146.0,130859.86000166,1.696375659559969,1.9551107115508881
2023,IL,Cardiology,99203,"New patient office or other outpatient visit, 30-44 minutes",O,54,54,1662,1662.0,130738.999999968,1.0,2.2678718868760206
2023,IL,Obstetrics & Gynecology,99213,"Established patient office or other outpatient visit, 20-29 minutes",F,60,60,2217,2783.0,130467.170000181,1.2707881032212143,2.0231969211981156
2023,IL,Vascular Surgery,99232,"Subsequent hospital care with moderate levelof medical decision making, if using time, at least 35 minutes",F,40,40,1001,2011.0,129978.33999987,1.7818542255090957,2.635571707834962
2024,IN,General Practice,99232,"Subsequent hospital care with moderate levelof medical decision making, if using time, at least 35 minutes",F,2,2,454,2392.0,129747.819999653,7.5074416469971155,1.8892741668965538
2023,IN,Hospitalist,99213,"Established patient office or other outpatient visit, 20-29 minutes",O,17,17,1307,2181.0,129722.570000296,1.3358671545827308,1.6941358973732312
2024,IL,Critical Care (Intensivists),99204,"New patient office or other outpatient visit with moderate level of medical decision making, if using time, 45 minutes or more",O,22,22,1052,1052.0,128894.259999784,1.0,2.410666978106882
2023,IL,General Surgery,99203,"New patient office or other outpatient visit, 30-44 minutes",F,63,63,2090,2093.0,128761.999999977,1.0015564306530693,3.0771114206106605
2024,IL,Nurse Practitioner,93000,Routine electrocardiogram (ecg) using at least 12 leads with interpretation and report,O,231,231,12727,14071.0,128667.2399998892,1.0565465750727363,6.4954575418567595
2023,IL,Colorectal Surgery (Proctology),99213,"Established patient office or other outpatient visit, 20-29 minutes",O,30,30,1441,1972.0,128422.98000017801,1.27703930706945,2.6303834840172473
2023,IL,Gastroenterology,99213,"Established patient office or other outpatient visit, 20-29 minutes",F,65,65,2062,2546.0,128162.18999994399,1.161926834057047,2.699779089459426
2023,IL,Plastic and Reconstructive Surgery,99214,"Established patient office or other outpatient visit, 30-39 minutes",O,30,30,1124,1358.0,127610.529999726,1.1742408200485162,2.3347654301630314
2023,IL,Critical Care (Intensivists),99204,"New patient office or other outpatient visit, 45-59 minutes",O,21,21,1059,1059.0,127599.860000479,1.0,2.263493782250722
2023,IL,Anesthesiology,99215,"Established patient office or other outpatient visit, 40-54 minutes",F,20,20,836,1101.0,127536.55999876,1.288265585248888,3.6844351133215527
2024,IL,Neurosurgery,99232,"Subsequent hospital care with moderate levelof medical decision making, if using time, at least 35 minutes",F,41,41,1299,2013.0,126951.439999886,1.407095302834372,2.7642911020163066
2023,IL,Neurosurgery,99203,"New patient office or other outpatient visit, 30-44 minutes",O,47,47,1478,1478.0,126772.139999991,1.0,2.635984448707979
2024,IL,Sleep Medicine,99213,"Established patient office or other outpatient visit with low level od decision making, if using time, 20 minutes or more",O,24,24,1759,2040.0,126543.86999978201,1.1344298522593417,2.283447066324989
2023,IN,Physician Assistant,99213,"Established patient office or other outpatient visit, 20-29 minutes",F,64,64,2630,3227.0,126335.840000273,1.2240015827229123,2.917819114895251
2023,IN,Gastroenterology,99214,"Established patient office or other outpatient visit, 30-39 minutes",F,38,38,1520,1910.0,126037.910000167,1.1914992173615737,2.161774673897409
2024,IL,Anesthesiology,99213,"Established patient office or other outpatient visit with low level od decision making, if using time, 20 minutes or more",F,33,33,1724,2586.0,126011.390000385,1.27032199454434,3.6277835011063186
2023,IL,Certified Clinical Nurse Specialist,99215,"Established patient office or other outpatient visit, 40-54 minutes",F,11,11,701,1308.0,125819.920000519,1.812548403331501,2.5854398880713525
2024,IL,Family Practice,99204,"New patient office or other outpatient visit with moderate level of medical decision making, if using time, 45 minutes or more",F,33,33,1285,1285.0,125122.81000027701,1.0,3.2148529783564537
2024,IL,Anesthesiology,99215,"Established patient office or other outpatient visit with high level of medical decision making, if using time, 40 minutes or more",O,13,13,435,900.0,125083.630001655,1.8001704500226825,2.4695974781281795
2023,IN,Medical Oncology,99215,"Established patient office or other outpatient visit, 40-54 minutes",F,11,11,614,1270.0,125055.279999746,1.9935329950333769,2.04152664454234
2023,IN,Gastroenterology,99215,"Established patient office or other outpatient visit, 40-54 minutes",O,30,30,840,1028.0,124883.76999976,1.1421823610691362,1.8046835442262945
2024,IL,Podiatry,99215,"Established patient office or other outpatient visit with high level of medical decision making, if using time, 40 minutes or more",O,28,28,630,949.0,124584.439998639,1.436598667975099,1.8832606151092135
2023,IL,Hematology-Oncology,99204,"New patient office or other outpatient visit, 45-59 minutes",F,46,46,1260,1260.0,123885.889999863,1.0,2.719002729090394
2023,IN,Colorectal Surgery (Proctology),99213,"Established patient office or other outpatient visit, 20-29 minutes",O,33,33,1631,2024.0,123559.749999943,1.2168802155798697,1.9703518571409413
2023,IN,Certified Clinical Nurse Specialist,99213,"Established patient office or other outpatient visit, 20-29 minutes",O,16,16,1548,2558.0,123045.010000071,1.851182209912901,1.8574816518371968
2024,IL,Anesthesiology,99215,"Established patient office or other outpatient visit with high level of medical decision making, if using time, 40 minutes or more",F,19,19,776,1084.0,122736.06000077,1.371626609609935,3.1996322811529496
2024,IL,Dermatology,99213,"Established patient office or other outpatient visit with low level od decision making, if using time, 20 minutes or more",F,26,26,2047,2507.0,122632.239999678,1.1852534619778181,3.219780048839688
2023,IN,Physical Medicine and Rehabilitation,99215,"Established patient office or other outpatient visit, 40-54 minutes",O,21,21,670,1000.0,122611.94999950001,1.4344849001841098,1.7290356269601241
2023,IN,Vascular Surgery,99203,"New patient office or other outpatient visit, 30-44 minutes",O,40,40,1651,1651.0,122462.369999959,1.0,1.885158215235657
2024,IL,Colorectal Surgery (Proctology),99232,"Subsequent hospital care with moderate levelof medical decision making, if using time, at least 35 minutes",F,24,24,825,1897.0,121715.45999976,2.1196003095380047,3.0372507846412575
2024,IL,Ophthalmology,99204,"New patient office or other outpatient visit with moderate level of medical decision making, if using time, 45 minutes or more",F,31,31,1310,1310.0,121155.090000015,1.0,4.0317483936332685
2023,IL,Sleep Medicine,99215,"Established patient office or other outpatient visit, 40-54 minutes",O,15,15,643,887.0,120793.39999922001,1.280372126154354,2.372161784175081
2024,IN,Hospitalist,99215,"Established patient office or other outpatient visit with high level of medical decision making, if using time, 40 minutes or more",F,11,11,1106,1185.0,120401.979998457,1.0588916402953379,1.6607044543365461
2024,IL,Podiatry,99203,"New patient office or other outpatient visit with low level of medical decision making, if using time, 30 minutes or more",F,33,33,2060,2061.0,120177.040000039,1.0000962000962,3.169385205650462
2024,IN,Podiatry,99214,"Established patient office or other outpatient visit with moderate level of decision making, if using time, 30 minutes or more",F,25,25,830,1779.0,119849.009999981,2.136073697948191,2.3141882606388737
2024,IN,Gastroenterology,99214,"Established patient office or other outpatient visit with moderate level of decision making, if using time, 30 minutes or more",F,40,40,1438,1838.0,119605.239999947,1.1986158205419457,2.228466059350484
2024,IN,Gastroenterology,99215,"Established patient office or other outpatient visit with high level of medical decision making, if using time, 40 minutes or more",O,24,24,762,972.0,119465.9199997,1.209934889646419,1.8135747378270368
2024,IN,Thoracic Surgery,99204,"New patient office or other outpatient visit with moderate level of medical decision making, if using time, 45 minutes or more",O,31,31,1038,1038.0,119294.980000074,1.0,2.1175151029287775
2024,IL,Neuropsychiatry,99215,"Established patient office or other outpatient visit with high level of medical decision making, if using time, 40 minutes or more",O,13,13,626,864.0,119256.05000037,1.299279984503241,2.2524820589876806
2024,IN,Medical Oncology,99213,"Established patient office or other outpatient visit with low level od decision making, if using time, 20 minutes or more",F,22,22,1782,2660.0,118361.129999772,1.4712054322549741,2.1841536770000385
2023,IL,Nurse Practitioner,93000,Routine electrocardiogram (ecg) using at least 12 leads with interpretation and report,O,232,232,11343,12610.0,118072.6900001217,1.047243972355099,6.553138249637969
2024,IL,Neuropsychiatry,99214,"Established patient office or other outpatient visit with moderate level of decision making, if using time, 30 minutes or more",O,16,16,1025,1243.0,117977.640000265,1.177230834167644,2.3641455632818906
2023,IL,Dermatology,99215,"Established patient office or other outpatient visit, 40-54 minutes",O,20,20,676,854.0,117046.72000034,1.2664525457620877,2.060343093439231
2023,IL,Physical Medicine and Rehabilitation,99215,"Established patient office or other outpatient visit, 40-54 minutes",F,27,27,889,1046.0,116960.79999927,1.1698791737017555,2.2681622179968297
2023,IL,Podiatry,99203,"New patient office or other outpatient visit, 30-44 minutes",F,38,38,1892,1893.0,116686.930000186,1.001012145748988,2.85977592806305
2024,IN,Internal Medicine,99204,"New patient office or other outpatient visit with moderate level of medical decision making, if using time, 45 minutes or more",F,40,40,1317,1317.0,116195.570000077,1.0,2.0420763118478304
2023,IL,Thoracic Surgery,99215,"Established patient office or other outpatient visit, 40-54 minutes",O,17,17,685,836.0,116048.45000106,1.1651310045898224,2.2446053487437885
2024,IL,Micrographic Dermatologic Surgery,99213,"Established patient office or other outpatient visit with low level od decision making, if using time, 20 minutes or more",O,7,7,1373,1773.0,115828.04999982001,1.1670491028712389,1.810358924520578
2023,IN,General Surgery,99215,"Established patient office or other outpatient visit, 40-54 minutes",O,42,42,825,915.0,115698.34999916,1.0864087432702225,1.7144368933325833
2024,IL,Gastroenterology,99213,"Established patient office or other outpatient visit with low level od decision making, if using time, 20 minutes or more",F,63,63,1971,2338.0,115667.650000036,1.1315519249413002,2.6931175907485705
2024,IL,Optometry,99214,"Established patient office or other outpatient visit with moderate level of decision making, if using time, 30 minutes or more",F,15,15,1343,1585.0,114854.819999798,1.1648945321811597,3.5110672566101155
2023,IL,Thoracic Surgery,99204,"New patient office or other outpatient visit, 45-59 minutes",O,16,16,900,900.0,114547.3400007,1.0,2.6398363906793385
2024,IN,Colorectal Surgery (Proctology),99213,"Established patient office or other outpatient visit with low level od decision making, if using time, 20 minutes or more",O,33,33,1538,1903.0,114484.56999998,1.2191840763633834,2.0231278352987223
2023,IN,Osteopathic Manipulative Medicine,99214,"Established patient office or other outpatient visit, 30-39 minutes",O,12,12,851,1401.0,114111.339999992,1.5538565606060386,1.5721043307486327
2024,IN,Cardiology,99213,"Established patient office or other outpatient visit with low level od decision making, if using time, 20 minutes or more",F,36,36,2402,2767.0,113661.15999990799,1.0900796434840538,2.5905785007749023
2024,IN,Colorectal Surgery (Proctology),99204,"New patient office or other outpatient visit with moderate level of medical decision making, if using time, 45 minutes or more",O,33,33,1013,1013.0,113656.21000117299,1.0,2.186848074081136
2024,IL,Obstetrics & Gynecology,99203,"New patient office or other outpatient visit with low level of medical decision making, if using time, 30 minutes or more",O,85,85,1477,1477.0,113262.089999958,1.0,2.397836353517484
2024,IL,Plastic and Reconstructive Surgery,99214,"Established patient office or other outpatient visit with moderate level of decision making, if using time, 30 minutes or more",O,29,29,975,1246.0,113073.91000018,1.219967307315496,2.558081842560805
2024,IL,Hospice and Palliative Care,99215,"Established patient office or other outpatient visit with high level of medical decision making, if using time, 40 minutes or more",O,12,12,415,810.0,112930.13000003,1.7773918021314807,2.002463672075423
2023,IL,Pulmonary Disease,99203,"New patient office or other outpatient visit, 30-44 minutes",O,40,40,1402,1402.0,112772.630000019,1.0,2.2810599587130724
2023,IL,Gynecological Oncology,99215,"Established patient office or other outpatient visit, 40-54 minutes",O,10,10,362,787.0,112670.29000164999,2.0156692541026118,2.3725444262344193
2023,IN,Neurosurgery,99215,"Established patient office or other outpatient visit, 40-54 minutes",O,15,15,722,886.0,112074.08000049001,1.166454973721522,2.029925800909952
2024,IN,Critical Care (Intensivists),99215,"Established patient office or other outpatient visit with high level of medical decision making, if using time, 40 minutes or more",O,14,14,631,870.0,111698.22000002999,1.2877619060637815,1.788728213542177
2023,IN,Radiation Oncology,99215,"Established patient office or other outpatient visit, 40-54 minutes",F,32,32,876,1068.0,111273.85999873199,1.1858631777839963,2.407783292501277
2024,IL,General Surgery,99203,"New patient office or other outpatient visit with low level of medical decision making, if using time, 30 minutes or more",F,60,60,1831,1831.0,110176.720000036,1.0,3.1133061864492944
2024,IL,Geriatric Medicine,99232,"Subsequent hospital care with moderate levelof medical decision making, if using time, at least 35 minutes",F,18,18,673,1748.0,110129.470000182,2.161830846590357,2.6837708768041244
2023,IL,Interventional Pain Management,99214,"Established patient office or other outpatient visit, 30-39 minutes",F,5,5,622,1430.0,110109.84000009,1.8686137074062312,2.535713882164408
2024,IL,Pulmonary Disease,99203,"New patient office or other outpatient visit with low level of medical decision making, if using time, 30 minutes or more",O,43,43,1429,1429.0,110014.879999953,1.0,2.297519468251582
2024,IL,Medical Oncology,99213,"Established patient office or other outpatient visit with low level od decision making, if using time, 20 minutes or more",F,20,20,1367,2328.0,109959.820000082,1.704754448317703,3.3367470109815374
2024,IL,Colorectal Surgery (Proctology),99213,"Established patient office or other outpatient visit with low level od decision making, if using time, 20 minutes or more",O,30,30,1252,1694.0,109957.369999777,1.262596566692863,2.6492503965368828
2023,IL,Podiatry,97110,"Therapy procedure using exercise to develop strength, endurance, range of motion, and flexibility, each 15 minutes",O,17,17,626,5292.0,109719.209999671,7.830020822810371,2.8302447957177996
2023,IL,Micrographic Dermatologic Surgery,99213,"Established patient office or other outpatient visit, 20-29 minutes",O,7,7,1322,1677.0,109637.819999665,1.1835300538827813,1.7894459321695109
2023,IN,Internal Medicine,99204,"New patient office or other outpatient visit, 45-59 minutes",F,35,35,1194,1195.0,109255.990000257,1.0004140786749482,2.0523878632416395
2023,IN,Cardiac Surgery,99214,"Established patient office or other outpatient visit, 30-39 minutes",O,9,9,1131,1316.0,108828.869999922,1.1005107106440581,1.5878528335939237
2024,IN,Physical Medicine and Rehabilitation,99215,"Established patient office or other outpatient visit with high level of medical decision making, if using time, 40 minutes or more",O,18,18,579,903.0,108645.98999896,1.4448386576404588,1.7312278958641059
2023,IL,Family Practice,99204,"New patient office or other outpatient visit, 45-59 minutes",F,24,24,1055,1055.0,108402.329998537,1.0,3.0331152795112732
2023,IN,Geriatric Medicine,99215,"Established patient office or other outpatient visit, 40-54 minutes",O,9,9,645,939.0,108240.03000001,1.4067581601691472,1.6956196773111245
2024,IL,Vascular Surgery,99232,"Subsequent hospital care with moderate levelof medical decision making, if using time, at least 35 minutes",F,32,32,892,1680.0,108232.910000169,1.7327013890677698,2.7591943513930244
2023,IN,Emergency Medicine,99232,"Subsequent hospital care with moderate levelof medical decision making, if using time, at least 35 minutes",F,15,15,695,1849.0,107821.770000332,1.9617705964308398,2.603822488023609
2023,IN,Colorectal Surgery (Proctology),99204,"New patient office or other outpatient visit, 45-59 minutes",O,26,26,996,996.0,107712.1000007,1.0,2.1939872785724295
2024,IL,Pain Management,99203,"New patient office or other outpatient visit with low level of medical decision making, if using time, 30 minutes or more",O,25,25,1300,1300.0,107679.989999989,1.0,2.740699893557701
2023,IL,Surgical Oncology,99214,"Established patient office or other outpatient visit, 30-39 minutes",O,21,21,947,1136.0,107321.060000068,1.1789345728654668,2.2694878091338366
2024,IL,Infectious Disease,99215,"Established patient office or other outpatient visit with high level of medical decision making, if using time, 40 minutes or more",F,29,29,680,948.0,107299.44000067,1.3461209267675516,2.7125520395373286
2024,IN,General Surgery,99204,"New patient office or other outpatient visit with moderate level of medical decision making, if using time, 45 minutes or more",F,41,41,1197,1197.0,107197.550000079,1.0,2.3165514357264376
2023,IL,Sports Medicine,99213,"Established patient office or other outpatient visit, 20-29 minutes",F,16,16,1520,2059.0,106743.990000048,1.291853228196624,1.5776523342334363
2024,IN,Hematology-Oncology,99204,"New patient office or other outpatient visit with moderate level of medical decision making, if using time, 45 minutes or more",F,45,45,1165,1165.0,106651.390000155,1.0,2.571660501596156
2024,IN,Critical Care (Intensivists),99204,"New patient office or other outpatient visit with moderate level of medical decision making, if using time, 45 minutes or more",O,28,28,967,967.0,106587.119999356,1.0,1.9143900278612889
2023,IL,Allergy/ Immunology,99203,"New patient office or other outpatient visit, 30-44 minutes",O,44,44,1297,1297.0,106404.430000068,1.0,2.304404661050708
2024,IN,Physical Medicine and Rehabilitation,99203,"New patient office or other outpatient visit with low level of medical decision making, if using time, 30 minutes or more",O,25,25,1376,1376.0,106196.2000001,1.0,2.43141875323737
2024,IN,Physician Assistant,99213,"Established patient office or other outpatient visit with low level od decision making, if using time, 20 minutes or more",F,62,62,2338,2874.0,106006.049999933,1.1732540261982256,2.974079524980831
2023,IN,Sleep Medicine,99204,"New patient office or other outpatient visit, 45-59 minutes",O,12,12,974,974.0,105663.389998445,1.0,1.9294608554273829
2023,IL,Optometry,99214,"Established patient office or other outpatient visit, 30-39 minutes",F,11,11,1131,1470.0,105577.849999606,1.193724124277851,3.256086943568047
2024,IL,Sports Medicine,99204,"New patient office or other outpatient visit with moderate level of medical decision making, if using time, 45 minutes or more",F,15,15,1067,1067.0,105399.540001328,1.0,2.2677206565899
2024,IL,Cardiology,99203,"New patient office or other outpatient visit with low level of medical decision making, if using time, 30 minutes or more",O,51,51,1373,1373.0,105309.750000098,1.0,2.441817301535072
2023,IN,Physician Assistant,99215,"Established patient office or other outpatient visit, 40-54 minutes",F,21,21,889,1200.0,105184.74999968699,1.1593153811236552,2.760566643986004
2023,IL,Infectious Disease,99204,"New patient office or other outpatient visit, 45-59 minutes",O,35,35,822,823.0,104933.63000021799,1.0011428571428571,2.279439576862933
2023,IL,Colorectal Surgery (Proctology),99204,"New patient office or other outpatient visit, 45-59 minutes",O,27,27,875,875.0,104873.24999999,1.0,2.7907946458229866
2023,IL,Colorectal Surgery (Proctology),99232,"Subsequent hospital care with moderate levelof medical decision making, if using time, at least 35 minutes",F,25,25,829,1634.0,104848.72000023299,1.8767561985068613,2.8184189965066957
2023,IL,Otolaryngology,99203,"New patient office or other outpatient visit, 30-44 minutes",F,40,40,1716,1716.0,104649.389999957,1.0,3.2451332173919525
2024,IN,Nurse Practitioner,93000,Routine electrocardiogram (ecg) using at least 12 leads with interpretation and report,O,195,195,12039,13448.0,104266.6300000011,1.0655889133999719,5.108872036607532
2024,IL,Cardiac Surgery,99204,"New patient office or other outpatient visit with moderate level of medical decision making, if using time, 45 minutes or more",O,14,14,841,841.0,103712.66999893,1.0,2.3990561273893856
2024,IN,General Surgery,99215,"Established patient office or other outpatient visit with high level of medical decision making, if using time, 40 minutes or more",O,34,34,714,837.0,103673.539999508,1.136266135605492,1.9317181783533797
2023,IN,Otolaryngology,99215,"Established patient office or other outpatient visit, 40-54 minutes",O,19,19,662,851.0,103616.2900004,1.2116629988194214,1.606153229008539
2024,IN,Cardiac Surgery,99214,"Established patient office or other outpatient visit with moderate level of decision making, if using time, 30 minutes or more",O,7,7,1095,1254.0,103030.489999931,1.1570970678790586,1.5718746524533969
2024,IN,Orthopedic Surgery,99213,"Established patient office or other outpatient visit with low level od decision making, if using time, 20 minutes or more",F,24,24,1660,2348.0,102906.650000019,1.289878634413225,1.7494721645186022
2024,IN,Vascular Surgery,99203,"New patient office or other outpatient visit with low level of medical decision making, if using time, 30 minutes or more",O,35,35,1418,1419.0,102781.109999918,1.0016806722689076,1.9403434525334757
2024,IN,Geriatric Medicine,99215,"Established patient office or other outpatient visit with high level of medical decision making, if using time, 40 minutes or more",O,10,10,599,887.0,101982.42000142101,1.3553978752059739,1.566981105799005
2023,IL,Sports Medicine,99204,"New patient office or other outpatient visit, 45-59 minutes",F,13,13,1002,1002.0,101579.54999933,1.0,2.066005949988072
2024,IL,Obstetrics & Gynecology,99213,"Established patient office or other outpatient visit with low level od decision making, if using time, 20 minutes or more",F,54,54,1809,2146.0,101562.180000058,1.2179436596001727,2.3215575190565843
2024,IL,Otolaryngology,99203,"New patient office or other outpatient visit with low level of medical decision making, if using time, 30 minutes or more",F,39,39,1693,1693.0,101273.629999943,1.0,3.1990726448136173
2024,IN,Neurology,99215,"Established patient office or other outpatient visit with high level of medical decision making, if using time, 40 minutes or more",F,26,26,823,1037.0,101055.020000319,1.261188576986721,1.9558581075193915
2024,IL,Osteopathic Manipulative Medicine,99285,Emergency department visit with high level of medical decision making,F,3,3,728,769.0,100572.09999874,1.0472240033679847,6.932724983936866
2023,IN,Medical Oncology,99213,"Established patient office or other outpatient visit, 20-29 minutes",F,13,13,1387,2266.0,100301.76000009,1.4516792365640199,2.1032269716289287
2024,IL,Urology,99215,"Established patient office or other outpatient visit with high level of medical decision making, if using time, 40 minutes or more",F,24,24,861,919.0,100156.999999958,1.057917784359395,2.9522397149603528
2024,IL,Micrographic Dermatologic Surgery,99214,"Established patient office or other outpatient visit with moderate level of decision making, if using time, 30 minutes or more",O,5,5,770,1012.0,99002.679999497,1.1291528157654815,1.7085211708206764
2023,IN,Physical Medicine and Rehabilitation,99203,"New patient office or other outpatient visit, 30-44 minutes",O,27,27,1311,1311.0,98924.02999998,1.0,2.7079528835669673
2023,IN,Radiation Oncology,99204,"New patient office or other outpatient visit, 45-59 minutes",F,27,27,1033,1033.0,98887.630000174,1.0,2.987525819291343
2024,IN,Radiation Oncology,99213,"Established patient office or other outpatient visit with low level od decision making, if using time, 20 minutes or more",O,23,23,1499,1844.0,98342.649999918,1.1915004281461201,2.0287174015386804
2023,IL,Certified Nurse Midwife,99214,"Established patient office or other outpatient visit, 30-39 minutes",F,2,2,766,1336.0,97868.159999958,1.4623337446866858,2.074079391372973
2023,IN,Vascular Surgery,99215,"Established patient office or other outpatient visit, 40-54 minutes",O,16,16,634,782.0,97781.24000024,1.1328750582147322,1.4285383000330312
2023,IN,Nurse Practitioner,93000,Routine electrocardiogram (ecg) using at least 12 leads with interpretation and report,O,183,183,10990,12322.0,97724.3900000317,1.0671941334408226,5.002298326919754
2024,IN,Colorectal Surgery (Proctology),99214,"Established patient office or other outpatient visit with moderate level of decision making, if using time, 30 minutes or more",O,26,26,884,1108.0,97518.629999756,1.2143241071849198,2.084850264902173
2024,IL,Rheumatology,99204,"New patient office or other outpatient visit with moderate level of medical decision making, if using time, 45 minutes or more",F,31,31,1016,1016.0,97418.370000377,1.0,2.7014479932886335
2024,IL,Radiation Oncology,99204,"New patient office or other outpatient visit with moderate level of medical decision making, if using time, 45 minutes or more",O,17,17,797,797.0,97095.390000633,1.0,2.812465419249614
2024,IN,Sleep Medicine,99213,"Established patient office or other outpatient visit with low level od decision making, if using time, 20 minutes or more",O,14,14,1406,1694.0,97085.769999991,1.1424055563307396,1.6190273099890786
2023,IN,Neurosurgery,99232,"Subsequent hospital care with moderate levelof medical decision making, if using time, at least 35 minutes",F,33,33,975,1643.0,96769.640000092,1.732889964425597,1.9248396966398207
2023,IL,Pediatric Medicine,99213,"Established patient office or other outpatient visit, 20-29 minutes",O,25,25,1227,1617.0,96763.909999942,1.442963558170257,2.040442589148634
2024,IN,Geriatric Medicine,99232,"Subsequent hospital care with moderate levelof medical decision making, if using time, at least 35 minutes",F,8,8,660,1674.0,96646.140000081,2.100583246739368,2.421980655546457
2024,IN,Medical Oncology,99204,"New patient office or other outpatient visit with moderate level of medical decision making, if using time, 45 minutes or more",O,19,19,959,960.0,96641.380000558,1.0005159958720329,2.1954874787479164
2024,IL,Critical Care (Intensivists),99214,"Established patient office or other outpatient visit with moderate level of decision making, if using time, 30 minutes or more",F,10,10,722,1353.0,96388.249999756,1.4443287393494437,2.738520498950943
2023,IL,Rheumatology,99204,"New patient office or other outpatient visit, 45-59 minutes",F,28,28,964,964.0,96220.840000013,1.0,2.5263632639617115
2024,IL,Hospice and Palliative Care,99214,"Established patient office or other outpatient visit with moderate level of decision making, if using time, 30 minutes or more",O,11,11,530,1105.0,96081.94000045401,2.112223840298969,1.9820900152125782
2024,IL,Vascular Surgery,99214,"Established patient office or other outpatient visit with moderate level of decision making, if using time, 30 minutes or more",F,22,22,981,1322.0,95609.059999729,1.2400931275013436,3.0994788677542076
2024,IL,Certified Clinical Nurse Specialist,99215,"Established patient office or other outpatient visit with high level of medical decision making, if using time, 40 minutes or more",F,13,13,512,1006.0,95408.87000004601,1.4279502404502404,3.4457416727550263
2023,IL,Plastic and Reconstructive Surgery,99215,"Established patient office or other outpatient visit, 40-54 minutes",O,6,6,457,802.0,95360.86000116,1.4921355145493076,1.9347371290372015
2024,IN,Physician Assistant,99204,"New patient office or other outpatient visit with moderate level of medical decision making, if using time, 45 minutes or more",F,21,21,1251,1251.0,95329.199999933,1.0,2.83182116022012
2023,IL,Radiation Oncology,99204,"New patient office or other outpatient visit, 45-59 minutes",O,15,15,773,773.0,95287.790000437,1.0,2.707454464518099
2023,IL,Hematology,99232,"Subsequent hospital care with moderate levelof medical decision making, if using time, at least 35 minutes",F,11,11,401,1441.0,95270.259999828,3.0802604925180614,2.3772316419484194
2023,IL,Osteopathic Manipulative Medicine,99214,"Established patient office or other outpatient visit, 30-39 minutes",O,7,7,507,1105.0,95237.83999997399,1.9389966312019744,2.203331382776868
2023,IN,Psychiatry,99214,"Established patient office or other outpatient visit, 30-39 minutes",F,10,10,521,1495.0,95013.99999989901,2.8024548684157007,1.6890232080830452
2023,IN,Thoracic Surgery,99204,"New patient office or other outpatient visit, 45-59 minutes",O,26,26,820,820.0,94903.77999993,1.0,2.020377795485335
2023,IN,Pain Management,99214,"Established patient office or other outpatient visit, 30-39 minutes",F,11,11,625,1371.0,94832.140000152,1.9505548394387937,2.444133269045072
2024,IL,Colorectal Surgery (Proctology),99204,"New patient office or other outpatient visit with moderate level of medical decision making, if using time, 45 minutes or more",O,25,25,809,809.0,94537.61000008299,1.0,2.7860248183794165
2023,IN,Hospitalist,99215,"Established patient office or other outpatient visit, 40-54 minutes",F,14,14,853,895.0,94397.289999518,1.0472374371115791,1.8019157729209347
2024,IL,Hospitalist,99204,"New patient office or other outpatient visit with moderate level of medical decision making, if using time, 45 minutes or more",O,27,27,761,761.0,94335.04000074,1.0,2.048401309362253
2024,IL,Allergy/ Immunology,99203,"New patient office or other outpatient visit with low level of medical decision making, if using time, 30 minutes or more",O,42,42,1189,1189.0,94173.180000063,1.0,2.4290758877187697
2024,IN,Emergency Medicine,99232,"Subsequent hospital care with moderate levelof medical decision making, if using time, at least 35 minutes",F,8,8,564,1645.0,93967.049999925,2.781369965830975,1.9734269876883659
2023,IL,Colorectal Surgery (Proctology),99214,"Established patient office or other outpatient visit, 30-39 minutes",O,23,23,790,991.0,93859.759999247,1.199297636053419,2.436497284505858
2023,IN,Sleep Medicine,99213,"Established patient office or other outpatient visit, 20-29 minutes",O,10,10,1358,1614.0,93762.420000027,1.1443689396050822,1.7202655547702328
2023,IN,Plastic and Reconstructive Surgery,99213,"Established patient office or other outpatient visit, 20-29 minutes",O,19,19,1065,1613.0,93642.419999921,1.4042517498058513,1.8160035245672344
2024,IN,Interventional Pain Management,99215,"Established patient office or other outpatient visit with high level of medical decision making, if using time, 40 minutes or more",O,4,4,219,740.0,93362.8400024,2.4603198653198652,2.008438213104894
2023,IN,Physician Assistant,99204,"New patient office or other outpatient visit, 45-59 minutes",F,20,20,1171,1171.0,93149.099999992,1.0,2.851099037038507
2023,IL,Dermatology,99213,"Established patient office or other outpatient visit, 20-29 minutes",F,30,30,1606,1879.0,92548.520000346,1.12716109210915,2.9749029726572926
2023,IN,Plastic and Reconstructive Surgery,99203,"New patient office or other outpatient visit, 30-44 minutes",O,21,21,1286,1286.0,92514.02000000399,1.0,1.922886923760514
2023,IL,Pain Management,99204,"New patient office or other outpatient visit, 45-59 minutes",F,14,14,898,898.0,92463.14999977499,1.0,3.5452701993083418
2024,IL,Surgical Oncology,99214,"Established patient office or other outpatient visit with moderate level of decision making, if using time, 30 minutes or more",O,17,17,815,972.0,92252.289999548,1.1244343159696912,2.2686935004660542
2023,IN,Colorectal Surgery (Proctology),99214,"Established patient office or other outpatient visit, 30-39 minutes",O,27,27,864,1049.0,92151.359999988,1.1541586119378662,2.0071402175197552
2023,IN,Geriatric Medicine,99232,"Subsequent hospital care with moderate levelof medical decision making, if using time, at least 35 minutes",F,6,6,622,1572.0,91874.289999848,2.2580909143648618,1.86138810183063
2024,IN,Hospice and Palliative Care,99214,"Established patient office or other outpatient visit with moderate level of decision making, if using time, 30 minutes or more",O,8,8,546,1143.0,91788.38999975,1.7638739711371896,1.6923843577390145
2024,IN,Physician Assistant,99215,"Established patient office or other outpatient visit with high level of medical decision making, if using time, 40 minutes or more",F,23,23,796,1070.0,91693.579999801,1.1679275926398602,2.566700092039017
2023,IN,Pediatric Medicine,99214,"Established patient office or other outpatient visit, 30-39 minutes",O,6,6,795,1212.0,91453.739999929,1.4707873315533433,2.10205668708752
2024,IL,Infectious Disease,99204,"New patient office or other outpatient visit with moderate level of medical decision making, if using time, 45 minutes or more",O,34,34,737,738.0,91331.949999739,1.0012254901960784,2.2461998860798165
2023,IN,Physical Medicine and Rehabilitation,99214,"Established patient office or other outpatient visit, 30-39 minutes",F,15,15,785,1351.0,91304.76999988,1.5338540651010433,2.4918179171900596
2023,IL,Infectious Disease,99215,"Established patient office or other outpatient visit, 40-54 minutes",F,27,27,629,816.0,91212.55000049,1.2659983183763484,2.5785866449888766
2024,IN,Physical Medicine and Rehabilitation,99214,"Established patient office or other outpatient visit with moderate level of decision making, if using time, 30 minutes or more",F,12,12,747,1379.0,91076.30000002599,1.5758910412020197,2.551001815127971
2023,IL,Pain Management,99215,"Established patient office or other outpatient visit, 40-54 minutes",O,12,12,419,698.0,90971.27000007001,1.3575590068600498,2.402356076068731
2023,IN,Cardiology,99203,"New patient office or other outpatient visit, 30-44 minutes",O,51,51,1272,1272.0,90913.410000039,1.0,1.9395579231863895
2024,IN,Radiation Oncology,99204,"New patient office or other outpatient visit with moderate level of medical decision making, if using time, 45 minutes or more",F,25,25,959,959.0,90892.889999279,1.0,3.0521546264456805
2024,IL,Interventional Cardiology,99204,"New patient office or other outpatient visit with moderate level of medical decision making, if using time, 45 minutes or more",F,25,25,895,895.0,89894.099999416,1.0,2.859718030309523
2024,IL,Pediatric Medicine,99213,"Established patient office or other outpatient visit with low level od decision making, if using time, 20 minutes or more",O,29,29,1202,1547.0,89271.980000042,1.3078729925331516,2.1512589694347524
2023,IN,Medical Oncology,99204,"New patient office or other outpatient visit, 45-59 minutes",O,19,19,820,820.0,88950.830001245,1.0,2.089587757811201
2024,IN,Neurosurgery,99232,"Subsequent hospital care with moderate levelof medical decision making, if using time, at least 35 minutes",F,38,38,924,1520.0,88639.819999949,1.6232031853957254,1.9500458826882994
2023,IL,Gynecological Oncology,99215,"Established patient office or other outpatient visit, 40-54 minutes",F,12,12,338,789.0,88409.39999985001,2.330395333259205,3.839485258147213
2024,IL,Infectious Disease,99232,"Subsequent hospital care with moderate levelof medical decision making, if using time, at least 35 minutes",O,6,6,474,1388.0,88259.13999982201,2.09562896080418,2.3744285922960042
2024,IL,Hospitalist,99214,"Established patient office or other outpatient visit with moderate level of decision making, if using time, 30 minutes or more",F,30,30,762,1138.0,87823.929999932,1.2659331503998013,2.709048562711578
2024,IL,Hematopoietic Cell Transplantation and Cellular Therapy,99215,"Established patient office or other outpatient visit with high level of medical decision making, if using time, 40 minutes or more",F,3,3,274,775.0,87274.03999835,2.937047212047212,3.480525628948031
2023,IN,General Surgery,99204,"New patient office or other outpatient visit, 45-59 minutes",F,28,28,968,968.0,87164.349999992,1.0,2.088982919692803
2024,IL,Colorectal Surgery (Proctology),99214,"Established patient office or other outpatient visit with moderate level of decision making, if using time, 30 minutes or more",O,22,22,745,927.0,86838.37000017801,1.1896426008826966,2.587835233410867
2023,IN,Orthopedic Surgery,97110,"Therapy procedure using exercise to develop strength, endurance, range of motion, and flexibility, each 15 minutes",O,15,15,522,4947.0,86513.539999974,10.647200264880373,3.6940204393337814
2024,IN,Hospitalist,99204,"New patient office or other outpatient visit with moderate level of medical decision making, if using time, 45 minutes or more",F,21,21,963,963.0,86172.629999901,1.0,2.2281940671533094
2024,IN,Infectious Disease,99215,"Established patient office or other outpatient visit with high level of medical decision making, if using time, 40 minutes or more",O,12,12,415,690.0,85683.51999992,1.5294940751475348,1.9393771005246376
2023,IN,Infectious Disease,99214,"Established patient office or other outpatient visit, 30-39 minutes",F,21,21,716,1255.0,85405.22,1.6951720834435668,1.866740857099641
2023,IL,Clinical Cardiac Electrophysiology,99204,"New patient office or other outpatient visit, 45-59 minutes",F,21,21,836,836.0,85280.880000693,1.0,2.75721143827964
2023,IL,Urology,99215,"Established patient office or other outpatient visit, 40-54 minutes",F,21,21,719,763.0,85101.749998856,1.0577613771156718,3.1912410008746073
2024,IL,Dermatology,99204,"New patient office or other outpatient visit with moderate level of medical decision making, if using time, 45 minutes or more",F,22,22,868,868.0,84763.100000041,1.0,3.5197402131975313
2024,IN,Urology,99214,"Established patient office or other outpatient visit with moderate level of decision making, if using time, 30 minutes or more",F,18,18,1009,1268.0,84627.000000186,1.1255812031879706,2.0606970018232715
2023,IN,Thoracic Surgery,99214,"Established patient office or other outpatient visit, 30-39 minutes",O,23,23,784,950.0,84389.250000004,1.1440242524745512,1.7377075660858095
2024,IL,Optometry,99213,"Established patient office or other outpatient visit with low level od decision making, if using time, 20 minutes or more",F,16,16,1237,1670.0,84222.060000002,1.3463120216259081,3.6485252505335612
2023,IL,Dermatology,99204,"New patient office or other outpatient visit, 45-59 minutes",F,19,19,823,823.0,84218.119999841,1.0,3.58501664849325
2023,IL,Hematopoietic Cell Transplantation and Cellular Therapy,99215,"Established patient office or other outpatient visit, 40-54 minutes",F,3,3,266,730.0,84058.87999954,2.817283950617284,3.360103917570027
2023,IL,Cardiac Surgery,99204,"New patient office or other outpatient visit, 45-59 minutes",O,14,14,685,685.0,83949.36999962,1.0,2.3258882350660346
2024,IL,Interventional Cardiology,99203,"New patient office or other outpatient visit with low level of medical decision making, if using time, 30 minutes or more",O,33,33,1037,1037.0,83941.709999915,1.0,2.593044966799061
2024,IL,Thoracic Surgery,99213,"Established patient office or other outpatient visit with low level od decision making, if using time, 20 minutes or more",O,20,20,1025,1298.0,83895.969999711,1.1887629247797158,2.241534724871222
2023,IL,Physician Assistant,99203,"New patient office or other outpatient visit, 30-44 minutes",F,45,45,1650,1650.0,83786.800000005,1.0,3.860209877104951
2024,IN,Infectious Disease,99214,"Established patient office or other outpatient visit with moderate level of decision making, if using time, 30 minutes or more",F,19,19,703,1257.0,83730.209999957,1.6941619814058255,1.9026719294111278
2024,IL,Podiatry,97110,"Therapy procedure using exercise to develop strength, endurance, range of motion, and flexibility, each 15 minutes",O,10,10,527,4185.0,83509.030000279,8.437909343509313,2.6230925119484008
2023,IL,Cardiac Surgery,99232,"Subsequent hospital care with moderate levelof medical decision making, if using time, at least 35 minutes",F,17,17,652,1314.0,83352.719999881,1.6484044042938828,2.4413617222696073
2023,IL,Vascular Surgery,99214,"Established patient office or other outpatient visit, 30-39 minutes",F,19,19,823,1127.0,83306.889999961,1.3086292825056818,2.8761638595963377
2024,IN,Pain Management,99214,"Established patient office or other outpatient visit with moderate level of decision making, if using time, 30 minutes or more",F,11,11,622,1226.0,83183.819999906,1.766892752444803,2.4491914290683163
2023,IN,Internal Medicine,93000,Routine electrocardiogram (ecg) using at least 12 leads with interpretation and report,O,170,170,8403,9034.0,82491.7300000916,1.0569061730416756,4.972628024178161
2024,IL,Neurosurgery,99213,"Established patient office or other outpatient visit with low level od decision making, if using time, 20 minutes or more",F,31,31,1390,1683.0,82435.419999944,1.1556959366435136,3.017011637688475
2024,IL,Hand Surgery,99214,"Established patient office or other outpatient visit with moderate level of decision making, if using time, 30 minutes or more",F,6,6,822,1108.0,82317.150000096,1.2901904604110486,3.3598733377470182
2024,IL,Family Practice,97110,"Therapy procedure using exercise to develop strength, endurance, range of motion, and flexibility, each 15 minutes",O,10,10,370,4660.0,82242.299999633,15.758412894472675,3.2865532837034217
2024,IN,Obstetrics & Gynecology,99215,"Established patient office or other outpatient visit with high level of medical decision making, if using time, 40 minutes or more",O,13,13,521,676.0,81788.53999998,1.2195735717887795,1.8515937355945695
2024,IL,Anesthesiology,99203,"New patient office or other outpatient visit with low level of medical decision making, if using time, 30 minutes or more",O,23,23,1024,1024.0,81406.809999997,1.0,3.430718796477448
2023,IL,Surgical Oncology,99213,"Established patient office or other outpatient visit, 20-29 minutes",O,17,17,997,1240.0,81290.390000112,1.2015616894071446,2.1073184825576114
2023,IN,Nephrology,99214,"Established patient office or other outpatient visit, 30-39 minutes",F,18,18,794,1193.0,81151.269999992,1.3882451092960586,2.4551801746869373
2023,IN,Clinical Cardiac Electrophysiology,99215,"Established patient office or other outpatient visit, 40-54 minutes",F,9,9,670,826.0,81105.039999684,1.0956355535302904,2.3839893403885193
2024,IL,Interventional Radiology,99214,"Established patient office or other outpatient visit with moderate level of decision making, if using time, 30 minutes or more",O,16,16,649,855.0,80900.130000126,1.2029871244163945,2.3963229413789473
2024,IN,Psychiatry,99214,"Established patient office or other outpatient visit with moderate level of decision making, if using time, 30 minutes or more",F,9,9,468,1320.0,80765.930000018,3.0621386402624973,1.936108340591973
2024,IL,Cardiac Surgery,99213,"Established patient office or other outpatient visit with low level od decision making, if using time, 20 minutes or more",O,7,7,830,1204.0,80740.77000001,1.3884009194299793,1.9711209978067916
2024,IN,Hospitalist,99214,"Established patient office or other outpatient visit with moderate level of decision making, if using time, 30 minutes or more",F,30,30,1077,1173.0,80597.140000046,1.056517179677328,2.021434108897975
2023,IL,Interventional Pain Management,99232,"Subsequent hospital care with moderate levelof medical decision making, if using time, at least 35 minutes",F,4,4,322,1213.0,80572.879999536,2.434095884957954,3.346154929798025
2023,IN,Hematology,99215,"Established patient office or other outpatient visit, 40-54 minutes",F,4,4,345,775.0,80467.99999940999,2.164838144415412,2.373223855675199
2023,IL,Psychiatry,99204,"New patient office or other outpatient visit, 45-59 minutes",O,16,16,668,668.0,80413.07999983,1.0,2.1715840371019053
2023,IN,Pulmonary Disease,99213,"Established patient office or other outpatient visit, 20-29 minutes",F,28,28,1484,1766.0,80373.950000034,1.1864747189921605,2.4332747349510115
2024,IN,Pediatric Medicine,99214,"Established patient office or other outpatient visit with moderate level of decision making, if using time, 30 minutes or more",O,7,7,667,1054.0,80198.020000258,1.4883550695655607,1.7518235634192394
2023,IL,Cardiac Surgery,99213,"Established patient office or other outpatient visit, 20-29 minutes",O,9,9,888,1210.0,80193.44000001,1.3305202664867968,1.914559738238391
2023,IN,Ophthalmology,99215,"Established patient office or other outpatient visit, 40-54 minutes",O,11,11,594,695.0,80016.680001362,1.2733697096722238,1.371000475525148
2023,IL,General Practice,99215,"Established patient office or other outpatient visit, 40-54 minutes",O,17,17,440,657.0,79628.62999909,1.335141815499934,1.4598875847920765
2023,IL,Interventional Pain Management,99203,"New patient office or other outpatient visit, 30-44 minutes",O,14,14,899,899.0,79576.02999997,1.0,3.2757992369773925
2023,IL,Optometry,99215,"Established patient office or other outpatient visit, 40-54 minutes",O,17,17,623,658.0,79223.860000238,1.0404552083580216,1.5393367020634492
2024,IL,Clinical Cardiac Electrophysiology,99204,"New patient office or other outpatient visit with moderate level of medical decision making, if using time, 45 minutes or more",F,19,19,776,776.0,78881.97999995,1.0,2.950577575162106
2024,IN,Pulmonary Disease,99213,"Established patient office or other outpatient visit with low level od decision making, if using time, 20 minutes or more",F,25,25,1471,1786.0,78601.750000101,1.1981571680916312,2.4432024974278956
2024,IN,Hospice and Palliative Care,99285,Emergency department visit with high level of medical decision making,F,3,3,614,643.0,78554.50000108,1.0462915880872539,4.3444404178364335
2024,IL,Surgical Oncology,99213,"Established patient office or other outpatient visit with low level od decision making, if using time, 20 minutes or more",O,15,15,974,1192.0,78323.160000106,1.17156463345298,2.1446669288558398
2023,IL,Neurosurgery,99213,"Established patient office or other outpatient visit, 20-29 minutes",F,28,28,1273,1577.0,78302.190000008,1.1843961463871366,2.99787627394353
2023,IL,Sleep Medicine,99214,"Established patient office or other outpatient visit, 30-39 minutes",F,8,8,931,1046.0,78288.709999859,1.1408386919593816,1.896748776615381
2024,IN,Thoracic Surgery,99214,"Established patient office or other outpatient visit with moderate level of decision making, if using time, 30 minutes or more",O,24,24,776,894.0,78278.5899999,1.1262643355316317,1.8824989489377872
2024,IL,Hematology,99232,"Subsequent hospital care with moderate levelof medical decision making, if using time, at least 35 minutes",F,12,12,384,1208.0,78236.909999967,2.694178652881524,2.5919122394475664
2023,IN,Critical Care (Intensivists),99204,"New patient office or other outpatient visit, 45-59 minutes",O,16,16,724,724.0,78180.679999516,1.0,1.9380759111886539
2024,IL,Orthopedic Surgery,99215,"Established patient office or other outpatient visit with high level of medical decision making, if using time, 40 minutes or more",F,13,13,633,704.0,78169.849999221,1.1081026764101976,2.6582697015510344
2023,IN,Orthopedic Surgery,99213,"Established patient office or other outpatient visit, 20-29 minutes",F,17,17,1313,1759.0,78160.159999876,1.250772155671822,1.6626616467783748
2023,IN,Infectious Disease,99215,"Established patient office or other outpatient visit, 40-54 minutes",O,15,15,434,616.0,78061.2500003,1.2657697930194378,1.8183694469579768
2023,IL,Interventional Cardiology,99204,"New patient office or other outpatient visit, 45-59 minutes",F,26,26,799,799.0,78048.100000377,1.0,2.7884002906271426
2023,IN,Hospice and Palliative Care,99285,Emergency department visit with high level of medical decision making,F,3,3,574,592.0,77809.61000043,1.0283112472520912,4.2599880660365015
2024,IL,Plastic and Reconstructive Surgery,99215,"Established patient office or other outpatient visit with high level of medical decision making, if using time, 40 minutes or more",O,8,8,436,663.0,77797.85000163001,1.3331117361418252,2.0462323274347747
2023,IL,Nephrology,99204,"New patient office or other outpatient visit, 45-59 minutes",F,25,25,781,781.0,77794.650000428,1.0,3.1479407346657338
2023,IL,Family Practice,97110,"Therapy procedure using exercise to develop strength, endurance, range of motion, and flexibility, each 15 minutes",O,11,11,525,4169.0,77567.819999789,11.110312373183264,3.2396989195068113
2023,IN,Emergency Medicine,99203,"New patient office or other outpatient visit, 30-44 minutes",O,29,29,1212,1212.0,77445.979999998,1.0,2.021969266439082
2023,IN,Obstetrics & Gynecology,99203,"New patient office or other outpatient visit, 30-44 minutes",O,53,53,1082,1082.0,77388.240000008,1.0,1.9573311281432597
2023,IL,Rheumatology,99213,"Established patient office or other outpatient visit, 20-29 minutes",F,23,23,1274,1641.0,77118.14999984,1.2390160971894484,2.183062428261718
2023,IL,Gynecological Oncology,99213,"Established patient office or other outpatient visit, 20-29 minutes",O,19,19,870,1210.0,76628.519999955,1.290318849200219,2.487376402984342
2023,IL,General Surgery,99215,"Established patient office or other outpatient visit, 40-54 minutes",F,25,25,594,691.0,76622.799999808,1.1654483660204722,2.4700455304312174
2023,IL,Undefined Physician type,99214,"Established patient office or other outpatient visit, 30-39 minutes",O,3,3,429,820.0,76570.169998634,2.391945239407567,1.818752138705233
2023,IL,Pediatric Medicine,99232,"Subsequent hospital care with moderate levelof medical decision making, if using time, at least 35 minutes",F,13,13,460,1190.0,75763.360000047,2.5960123081660997,3.049001910126425
2023,IN,Hospice and Palliative Care,99232,"Subsequent hospital care with moderate levelof medical decision making, if using time, at least 35 minutes",F,24,24,770,1287.0,75704.280000021,1.6833671796261636,1.989239993077976
2024,IL,Hand Surgery,99204,"New patient office or other outpatient visit with moderate level of medical decision making, if using time, 45 minutes or more",F,5,5,756,756.0,75455.90999928399,1.0,3.5420893723226015
2024,IN,Emergency Medicine,99204,"New patient office or other outpatient visit with moderate level of medical decision making, if using time, 45 minutes or more",O,20,20,743,743.0,75426.289999311,1.0,2.192396694693948
2024,IL,Nephrology,99204,"New patient office or other outpatient visit with moderate level of medical decision making, if using time, 45 minutes or more",F,25,25,754,754.0,74856.060000344,1.0,3.396366148181093
2023,IL,Orthopedic Surgery,99215,"Established patient office or other outpatient visit, 40-54 minutes",F,13,13,581,648.0,74812.06000047001,1.1008544035771006,2.4635616990245
2023,IN,Hospitalist,99204,"New patient office or other outpatient visit, 45-59 minutes",F,20,20,803,803.0,74775.860000094,1.0,1.8175260534176498
2024,IN,Plastic and Reconstructive Surgery,99203,"New patient office or other outpatient visit with low level of medical decision making, if using time, 30 minutes or more",O,19,19,1018,1018.0,74580.589999947,1.0,2.0732560341859676
2023,IL,Infectious Disease,99213,"Established patient office or other outpatient visit, 20-29 minutes",F,38,38,938,1467.0,74403.369999879,1.4587316156240036,3.024749560387639
2023,IL,Interventional Cardiology,99203,"New patient office or other outpatient visit, 30-44 minutes",O,32,32,901,901.0,74227.32000001101,1.0,2.5021323845977395
2024,IL,Psychiatry,99204,"New patient office or other outpatient visit with moderate level of medical decision making, if using time, 45 minutes or more",O,11,11,617,617.0,74000.58999898,1.0,2.7356979688967895
2023,IN,Gynecological Oncology,99215,"Established patient office or other outpatient visit, 40-54 minutes",O,8,8,294,604.0,73669.53000058001,1.5697340147998042,1.7527492900892312
2023,IL,Interventional Pain Management,99213,"Established patient office or other outpatient visit, 20-29 minutes",F,4,4,637,1441.0,73554.429999843,2.034670336264571,2.821805661072687
2024,IL,Infectious Disease,99213,"Established patient office or other outpatient visit with low level od decision making, if using time, 20 minutes or more",F,32,32,857,1478.0,73348.36999997399,1.6985038404738368,3.273734259954955
2023,IN,Gynecological Oncology,99214,"Established patient office or other outpatient visit, 30-39 minutes",O,11,11,567,877.0,73252.0000001,1.4208364484796616,1.6254122800118813
2024,IL,Pediatric Medicine,99215,"Established patient office or other outpatient visit with high level of medical decision making, if using time, 40 minutes or more",O,11,11,487,583.0,73004.0299996,1.219200538624934,2.119306215651242
2024,IN,Hospice and Palliative Care,99215,"Established patient office or other outpatient visit with high level of medical decision making, if using time, 40 minutes or more",F,10,10,354,726.0,72969.500000045,1.9238497814584772,1.5234726625943815
2023,IL,Osteopathic Manipulative Medicine,99285,Emergency department visit with high level of medical decision making,F,4,4,465,504.0,71852.86999918,1.0604575163398693,7.0924817501980275
2023,IN,Cardiology,99232,"Subsequent hospital care with moderate levelof medical decision making, if using time, at least 35 minutes",O,1,1,113,1226.0,71411.869999512,10.849557522123893,1.9439626429369572
2024,IL,Gynecological Oncology,99214,"Established patient office or other outpatient visit with moderate level of decision making, if using time, 30 minutes or more",F,16,16,473,959.0,71382.940000079,1.9004465488010918,3.5434603872458617
2024,IN,Neurology,99204,"New patient office or other outpatient visit with moderate level of medical decision making, if using time, 45 minutes or more",F,25,25,789,789.0,71174.409999957,1.0,2.238471788202561
2024,IL,Allergy/ Immunology,99214,"Established patient office or other outpatient visit with moderate level of decision making, if using time, 30 minutes or more",F,19,19,713,972.0,71105.280000004,1.3318704444227631,2.5272894669509713
2023,IN,Colorectal Surgery (Proctology),99203,"New patient office or other outpatient visit, 30-44 minutes",O,26,26,962,962.0,70529.75999987,1.0,2.1946406185472807
2024,IL,General Surgery,99215,"Established patient office or other outpatient visit with high level of medical decision making, if using time, 40 minutes or more",F,27,27,542,640.0,70247.860000407,1.142093952502715,2.602978614323845
2023,IL,Critical Care (Intensivists),99214,"Established patient office or other outpatient visit, 30-39 minutes",F,8,8,522,961.0,69711.890000132,1.4745620159879491,2.6621985206608736
2024,IN,Orthopedic Surgery,99214,"Established patient office or other outpatient visit with moderate level of decision making, if using time, 30 minutes or more",F,18,18,868,1062.0,69580.729999976,1.2348532437987347,1.6759399547470888
2024,IL,Critical Care (Intensivists),99213,"Established patient office or other outpatient visit with low level od decision making, if using time, 20 minutes or more",O,19,19,912,1110.0,69567.889999935,1.1368944811883004,2.36537910032383
2024,IL,Sleep Medicine,99214,"Established patient office or other outpatient visit with moderate level of decision making, if using time, 30 minutes or more",F,10,10,835,964.0,69462.660000109,1.1586692736440591,1.8890619160051227
2024,IL,Physician Assistant,99203,"New patient office or other outpatient visit with low level of medical decision making, if using time, 30 minutes or more",F,45,45,1402,1402.0,69345.630000097,1.0,4.0819679650554965
2023,IN,Hospitalist,99204,"New patient office or other outpatient visit, 45-59 minutes",O,8,8,627,627.0,69081.230001536,1.0,2.159481700132053
2024,IN,Dermatology,99215,"Established patient office or other outpatient visit with high level of medical decision making, if using time, 40 minutes or more",O,2,2,422,556.0,69072.93999976,1.1630170316301705,2.287235024679579
2023,IN,Critical Care (Intensivists),99215,"Established patient office or other outpatient visit, 40-54 minutes",O,10,10,437,547.0,69037.120000165,1.1768611909079763,1.9128433731222885
2023,IL,Critical Care (Intensivists),99213,"Established patient office or other outpatient visit, 20-29 minutes",O,21,21,914,1102.0,69010.960000105,1.132986190533661,2.226410052157785
2024,IN,Ophthalmology,99215,"Established patient office or other outpatient visit with high level of medical decision making, if using time, 40 minutes or more",O,10,10,526,601.0,68892.71999892,1.245452361633067,1.4504368200108568
2024,IL,Certified Clinical Nurse Specialist,99214,"Established patient office or other outpatient visit with moderate level of decision making, if using time, 30 minutes or more",F,14,14,677,1134.0,68890.110000213,1.3859053381876347,3.740474206462604
2024,IN,Hospice and Palliative Care,99232,"Subsequent hospital care with moderate levelof medical decision making, if using time, at least 35 minutes",F,22,22,681,1195.0,68864.539999819,1.7247931763095559,1.9375684781032332
2024,IL,Certified Nurse Midwife,99214,"Established patient office or other outpatient visit with moderate level of decision making, if using time, 30 minutes or more",F,1,1,644,895.0,68819.360000175,1.389751552795031,1.5402154461400794
2024,IL,Neurosurgery,99215,"Established patient office or other outpatient visit with high level of medical decision making, if using time, 40 minutes or more",F,11,11,535,598.0,68414.34000011,1.1050056052276551,2.6017667450662816
2023,IN,Plastic and Reconstructive Surgery,99204,"New patient office or other outpatient visit, 45-59 minutes",O,22,22,597,598.0,68339.78000017,1.0022727272727272,2.155674125200987
2024,IN,Internal Medicine,93000,Routine electrocardiogram (ecg) using at least 12 leads with interpretation and report,O,130,130,7029,7524.0,68143.0399999164,1.0513723808254754,4.985532336155396
2024,IL,Gynecological Oncology,99213,"Established patient office or other outpatient visit with low level od decision making, if using time, 20 minutes or more",O,20,20,825,1113.0,68029.749999893,1.2539268373423904,2.293092115228207
2023,IL,Medical Oncology,99204,"New patient office or other outpatient visit, 45-59 minutes",F,23,23,675,676.0,68020.919999747,1.0019762845849802,2.370718890016677
2023,IL,Hospitalist,99204,"New patient office or other outpatient visit, 45-59 minutes",O,23,23,580,580.0,68009.700000011,1.0,1.9827500093281207
2023,IL,Neuropsychiatry,99214,"Established patient office or other outpatient visit, 30-39 minutes",O,12,12,620,733.0,67989.549999874,1.1865719670292525,2.3288565223343114
2023,IL,Certified Clinical Nurse Specialist,99214,"Established patient office or other outpatient visit, 30-39 minutes",F,16,16,779,1055.0,67957.750000152,1.3112703211575896,3.2191842551986323
2024,IL,Hematology,99215,"Established patient office or other outpatient visit with high level of medical decision making, if using time, 40 minutes or more",F,5,5,329,622.0,67758.37999898,1.885482852166371,2.849245064197185
2024,IL,Sports Medicine,99215,"Established patient office or other outpatient visit with high level of medical decision making, if using time, 40 minutes or more",O,8,8,446,517.0,67747.72999971,1.165393845386236,1.9037499355583938
2024,IN,Clinical Cardiac Electrophysiology,99215,"Established patient office or other outpatient visit with high level of medical decision making, if using time, 40 minutes or more",F,13,13,591,683.0,67690.680000008,1.1118469892598961,2.3525945995917485
2023,IN,Thoracic Surgery,99215,"Established patient office or other outpatient visit, 40-54 minutes",O,16,16,445,532.0,67559.01000031,1.1189885956330858,2.159876640134534
2024,IN,Nephrology,99214,"Established patient office or other outpatient visit with moderate level of decision making, if using time, 30 minutes or more",F,17,17,692,1011.0,67375.850000092,1.4184957513562415,2.236931337421142
2023,IN,Obstetrics & Gynecology,99215,"Established patient office or other outpatient visit, 40-54 minutes",O,12,12,441,564.0,67358.27000096,1.212022731242864,1.7751867590240007
2024,IN,Otolaryngology,99215,"Established patient office or other outpatient visit with high level of medical decision making, if using time, 40 minutes or more",O,14,14,426,560.0,67189.22999915,1.1934243821693489,1.649544323746057
2023,IN,Advanced Heart Failure and Transplant Cardiology,99215,"Established patient office or other outpatient visit, 40-54 minutes",O,7,7,427,556.0,67048.82999861,1.3221134688424174,1.5876244798776713
2024,IN,Plastic and Reconstructive Surgery,99204,"New patient office or other outpatient visit with moderate level of medical decision making, if using time, 45 minutes or more",O,24,24,592,592.0,66973.399999848,1.0,2.12279703092733
2024,IL,Pain Management,99204,"New patient office or other outpatient visit with moderate level of medical decision making, if using time, 45 minutes or more",F,13,13,669,669.0,66921.420000862,1.0,4.824130355779415
2024,IL,Hematology,99213,"Established patient office or other outpatient visit with low level od decision making, if using time, 20 minutes or more",O,8,8,900,1218.0,66834.869999991,1.2575597718889533,1.817445144321713
2023,IL,Neuropsychiatry,99215,"Established patient office or other outpatient visit, 40-54 minutes",O,7,7,432,498.0,66792.559998335,1.1109492564048071,2.2325527418439237
2023,IL,Hand Surgery,99214,"Established patient office or other outpatient visit, 30-39 minutes",F,9,9,670,867.0,66787.500000267,1.1802289059751745,3.3913014240071733
2023,IN,Micrographic Dermatologic Surgery,99203,"New patient office or other outpatient visit, 30-44 minutes",O,4,4,898,898.0,66435.659999985,1.0,1.6621322620474839
2023,IL,Clinical Cardiac Electrophysiology,99213,"Established patient office or other outpatient visit, 20-29 minutes",F,12,12,1125,1369.0,66426.720000094,1.1852501750633144,2.7095515909548555
2024,IN,Nephrology,99215,"Established patient office or other outpatient visit with high level of medical decision making, if using time, 40 minutes or more",F,6,6,432,651.0,66151.5100015,1.4260990731576613,2.011707141528139
2023,IN,Radiation Oncology,99214,"Established patient office or other outpatient visit, 30-39 minutes",O,19,19,599,797.0,66102.969999864,1.22524057840618,2.130453933788935
2023,IN,Urology,99213,"Established patient office or other outpatient visit, 20-29 minutes",F,16,16,1216,1485.0,66071.860000046,1.2127977594565493,2.7077327488893985
2023,IL,Thoracic Surgery,99213,"Established patient office or other outpatient visit, 20-29 minutes",O,15,15,809,998.0,65907.949999964,1.1779649207571297,2.1648835493085783
2023,IN,Internal Medicine,99203,"New patient office or other outpatient visit, 30-44 minutes",O,41,41,1035,1035.0,65892.150000032,1.0,1.8473708993812223
2023,IL,Hand Surgery,99204,"New patient office or other outpatient visit, 45-59 minutes",F,7,7,641,641.0,65789.51999986,1.0,3.580282810720498
2024,IL,Cardiac Surgery,99232,"Subsequent hospital care with moderate levelof medical decision making, if using time, at least 35 minutes",F,13,13,510,1052.0,65680.58000021901,1.7970190577488092,2.4851290627168057
2023,IN,Pain Management,99213,"Established patient office or other outpatient visit, 20-29 minutes",F,11,11,709,1430.0,65607.840000082,1.8361282553492464,2.4557301351584657
2024,IL,Otolaryngology,99215,"Established patient office or other outpatient visit with high level of medical decision making, if using time, 40 minutes or more",F,15,15,459,575.0,65565.91999964,1.1812443676807252,2.927403470275931
2024,IN,Colorectal Surgery (Proctology),99203,"New patient office or other outpatient visit with low level of medical decision making, if using time, 30 minutes or more",O,28,28,923,923.0,65441.000000007,1.0,2.21137889707498
2024,IN,Vascular Surgery,99215,"Established patient office or other outpatient visit with high level of medical decision making, if using time, 40 minutes or more",O,13,13,453,548.0,65389.38999953,1.0742186270192065,1.4390298243045296
2023,IL,Allergy/ Immunology,99214,"Established patient office or other outpatient visit, 30-39 minutes",F,13,13,597,865.0,65369.820000058,1.443409734210244,2.1991660923615446
2023,IL,Colorectal Surgery (Proctology),99203,"New patient office or other outpatient visit, 30-44 minutes",O,22,22,824,824.0,65160.009999960996,1.0,2.581815262812206
2024,IL,Vascular Surgery,99204,"New patient office or other outpatient visit with moderate level of medical decision making, if using time, 45 minutes or more",F,16,16,649,649.0,64723.850000027,1.0,3.3593440473062963
2023,IL,Sports Medicine,99215,"Established patient office or other outpatient visit, 40-54 minutes",O,10,10,412,478.0,64654.290000349996,1.1221042733078133,2.0295207236993957
2023,IL,Colorectal Surgery (Proctology),99214,"Established patient office or other outpatient visit, 30-39 minutes",F,16,16,656,836.0,64449.810000076,1.2083832585753502,2.3944898606503964
2024,IL,Clinical Cardiac Electrophysiology,99213,"Established patient office or other outpatient visit with low level od decision making, if using time, 20 minutes or more",F,14,14,1159,1372.0,64215.860000329,1.1445238436318148,2.604750795448974
2024,IL,Endocrinology,99204,"New patient office or other outpatient visit with moderate level of medical decision making, if using time, 45 minutes or more",F,21,21,656,656.0,64100.440000005,1.0,3.664502085959745
2024,IN,Obstetrics & Gynecology,99203,"New patient office or other outpatient visit with low level of medical decision making, if using time, 30 minutes or more",O,50,50,903,903.0,63995.470000038,1.0,2.145014838040024
2024,IL,Surgical Oncology,99215,"Established patient office or other outpatient visit with high level of medical decision making, if using time, 40 minutes or more",O,15,15,362,446.0,63781.20999956,1.2225054742424417,1.9984377249570866
2024,IL,Pain Management,99215,"Established patient office or other outpatient visit with high level of medical decision making, if using time, 40 minutes or more",O,9,9,357,474.0,63612.849999879996,1.3382751888634241,2.440890875853393
2024,IL,Optometry,99215,"Established patient office or other outpatient visit with high level of medical decision making, if using time, 40 minutes or more",O,15,15,489,510.0,63610.80000007,1.0477842819183303,1.2962748497590795
2023,IL,Interventional Radiology,99214,"Established patient office or other outpatient visit, 30-39 minutes",O,15,15,530,664.0,63516.639999842,1.2010728629755012,2.32499605150515
2023,IL,Gynecological Oncology,99214,"Established patient office or other outpatient visit, 30-39 minutes",F,15,15,515,840.0,63399.740000017,1.5865468783711643,3.2869867741417953
2024,IN,Radiation Oncology,99214,"Established patient office or other outpatient visit with moderate level of decision making, if using time, 30 minutes or more",O,16,16,566,771.0,63212.130000157995,1.2563512295163595,2.2640722145310006
2024,IN,Family Practice,99215,"Established patient office or other outpatient visit with high level of medical decision making, if using time, 40 minutes or more",F,15,15,493,683.0,62690.759999551,1.5606952831198355,1.792134671964024
2023,IN,Internal Medicine,99232,"Subsequent hospital care with moderate levelof medical decision making, if using time, at least 35 minutes",O,2,2,224,1054.0,62672.479999537,3.1111921254101347,1.8846744425733137
2023,IL,Hospice and Palliative Care,99215,"Established patient office or other outpatient visit, 40-54 minutes",O,10,10,247,452.0,62613.57999987,1.7735451433902312,2.104357953152873
2023,IL,Optometry,99213,"Established patient office or other outpatient visit, 20-29 minutes",F,10,10,860,1271.0,62607.530000057,1.499048270787291,3.415516124712007
2024,IL,Interventional Pain Management,99203,"New patient office or other outpatient visit with low level of medical decision making, if using time, 30 minutes or more",O,16,16,745,745.0,62508.980000045005,1.0,3.5032181182942477
2023,IN,Dermatology,99215,"Established patient office or other outpatient visit, 40-54 minutes",O,3,3,408,523.0,62445.409998195,1.2437147279666965,1.9559645844008315
2023,IL,Surgical Oncology,99215,"Established patient office or other outpatient visit, 40-54 minutes",O,12,12,350,448.0,62292.990000950005,1.2262512677703847,2.444812649698647
2023,IN,Hematology,99214,"Established patient office or other outpatient visit, 30-39 minutes",O,2,2,290,728.0,62178.179999650005,1.7906137184115523,2.7128191227335203
2024,IN,Micrographic Dermatologic Surgery,99203,"New patient office or other outpatient visit with low level of medical decision making, if using time, 30 minutes or more",O,4,4,799,799.0,61837.360000025,1.0,1.8974569373955232
2023,IN,Emergency Medicine,99204,"New patient office or other outpatient visit, 45-59 minutes",O,20,20,605,605.0,61688.949999427,1.0,2.1161025585380258
2023,IL,Interventional Cardiology,99213,"Established patient office or other outpatient visit, 20-29 minutes",F,19,19,1183,1358.0,61639.209999854,1.100433974635009,3.4956940192821726
2023,IN,Anesthesiology,99213,"Established patient office or other outpatient visit, 20-29 minutes",F,11,11,658,1319.0,61190.260000209,1.7580513591115263,2.3648286295270284
2023,IL,Surgical Oncology,99213,"Established patient office or other outpatient visit, 20-29 minutes",F,15,15,1053,1227.0,61110.630000117,1.1471346829228921,3.2057837885880844
2023,IN,Dermatology,99213,"Established patient office or other outpatient visit, 20-29 minutes",F,13,13,1053,1461.0,60869.870000201,1.255371292702762,2.6293283479707457
2024,IL,Geriatric Medicine,99215,"Established patient office or other outpatient visit with high level of medical decision making, if using time, 40 minutes or more",F,6,6,423,556.0,60775.10999994,1.2844445747566013,2.376774844093219
2023,IN,Podiatry,99215,"Established patient office or other outpatient visit, 40-54 minutes",O,3,3,156,505.0,60543.45999938,2.339486789101405,1.4915228656167276
2024,IL,Hospitalist,99204,"New patient office or other outpatient visit with moderate level of medical decision making, if using time, 45 minutes or more",F,22,22,542,542.0,60515.86000004,1.0,2.9241856450539285
2024,IN,Emergency Medicine,99203,"New patient office or other outpatient visit with low level of medical decision making, if using time, 30 minutes or more",O,23,23,939,939.0,60388.100000038,1.0,2.185461111193966
2024,IN,Radiation Oncology,99215,"Established patient office or other outpatient visit with high level of medical decision making, if using time, 40 minutes or more",O,10,10,447,512.0,60376.409999358,1.1353297191347895,2.0543566405178253
2024,IN,Gynecological Oncology,99215,"Established patient office or other outpatient visit with high level of medical decision making, if using time, 40 minutes or more",O,5,5,256,491.0,60230.33000043,1.8010924757655022,1.9695244808756314
2023,IN,Hospitalist,99214,"Established patient office or other outpatient visit, 30-39 minutes",F,23,23,792,862.0,60127.439999958995,1.0737122810901336,2.038649520700574
2023,IN,Radiation Oncology,99215,"Established patient office or other outpatient visit, 40-54 minutes",O,11,11,428,494.0,60008.25000002,1.1217732650626457,1.866226906380895
2024,IN,Hematology,99214,"Established patient office or other outpatient visit with moderate level of decision making, if using time, 30 minutes or more",O,3,3,297,691.0,59656.28000023199,1.7731990231990231,3.72524531152115
2024,IN,Advanced Heart Failure and Transplant Cardiology,99215,"Established patient office or other outpatient visit with high level of medical decision making, if using time, 40 minutes or more",O,6,6,370,489.0,59617.57000046,1.3755931102340802,1.6901374969706051
2023,IL,Vascular Surgery,99203,"New patient office or other outpatient visit, 30-44 minutes",F,20,20,935,935.0,59112.359999957,1.0,2.9470017435392877
2023,IL,Pediatric Medicine,99215,"Established patient office or other outpatient visit, 40-54 minutes",O,10,10,404,463.0,58729.109998529995,1.1791380202511035,2.5674443488523493
2024,IL,Interventional Pain Management,99204,"New patient office or other outpatient visit with moderate level of medical decision making, if using time, 45 minutes or more",F,7,7,579,579.0,58156.989999659,1.0,3.1827707853206215
2023,IN,Radiation Oncology,99204,"New patient office or other outpatient visit, 45-59 minutes",O,9,9,508,508.0,58106.689999940005,1.0,2.2417907630297975
2024,IL,Hematology-Oncology,99203,"New patient office or other outpatient visit with low level of medical decision making, if using time, 30 minutes or more",O,30,30,754,754.0,58092.840000044,1.0,2.8073870399692997
2023,IN,Hospitalist,99285,Emergency department visit with high level of medical decision making,F,12,12,437,446.0,58012.53000034,1.0161057543682022,1.9521480970903298
2024,IN,Hematopoietic Cell Transplantation and Cellular Therapy,99215,"Established patient office or other outpatient visit with high level of medical decision making, if using time, 40 minutes or more",F,2,2,187,566.0,57983.48999997,2.8024966261808366,2.5508945730845
2024,IN,Micrographic Dermatologic Surgery,99214,"Established patient office or other outpatient visit with moderate level of decision making, if using time, 30 minutes or more",O,4,4,547,674.0,57915.309999847996,1.2382083843196472,1.7287519962043576
2024,IN,Podiatry,99215,"Established patient office or other outpatient visit with high level of medical decision making, if using time, 40 minutes or more",O,4,4,166,522.0,57719.650000120004,1.9266326893445536,1.5802936437822868
2024,IL,Pain Management,99213,"Established patient office or other outpatient visit with low level od decision making, if using time, 20 minutes or more",F,9,9,770,1184.0,57676.830000192,1.3757801860660066,3.7899220357747154
2023,IN,Podiatry,99232,"Subsequent hospital care with moderate levelof medical decision making, if using time, at least 35 minutes",F,23,23,538,990.0,57638.060000036,1.92827819906103,1.9391898962849
2024,IN,Medical Oncology,99204,"New patient office or other outpatient visit with moderate level of medical decision making, if using time, 45 minutes or more",F,15,15,712,712.0,57620.829999960995,1.0,2.011619515056628
2024,IN,Hospitalist,99204,"New patient office or other outpatient visit with moderate level of medical decision making, if using time, 45 minutes or more",O,4,4,510,510.0,57523.949999954006,1.0,2.095420459017783
2024,IL,Gynecological Oncology,99215,"Established patient office or other outpatient visit with high level of medical decision making, if using time, 40 minutes or more",F,12,12,234,527.0,57451.680000005996,2.114115441089125,3.672612534988166
2023,IN,Pulmonary Disease,99203,"New patient office or other outpatient visit, 30-44 minutes",O,29,29,790,790.0,57435.020000032004,1.0,1.9433149613914211
2024,IN,Gynecological Oncology,99214,"Established patient office or other outpatient visit with moderate level of decision making, if using time, 30 minutes or more",F,8,8,413,880.0,57379.329999983,2.269783014126661,1.751610340045818
2023,IN,Osteopathic Manipulative Medicine,99213,"Established patient office or other outpatient visit, 20-29 minutes",O,13,13,727,1010.0,57376.609999918,1.415567908484519,1.5506298547570825
2024,IN,Pulmonary Disease,99215,"Established patient office or other outpatient visit with high level of medical decision making, if using time, 40 minutes or more",F,12,12,387,556.0,57201.149999788,1.3094680575665878,2.630905063896544
2024,IL,Sports Medicine,99203,"New patient office or other outpatient visit with low level of medical decision making, if using time, 30 minutes or more",F,15,15,947,947.0,57179.350000141996,1.0,1.8234965610315483
2024,IL,Interventional Pain Management,99213,"Established patient office or other outpatient visit with low level od decision making, if using time, 20 minutes or more",F,4,4,572,1251.0,57110.960000336,1.984563454574083,4.595213051481463
2023,IN,Hospice and Palliative Care,99215,"Established patient office or other outpatient visit, 40-54 minutes",O,7,7,227,483.0,57036.789999450004,2.011789105886257,1.6660131997410876
2023,IL,Sports Medicine,99203,"New patient office or other outpatient visit, 30-44 minutes",F,12,12,912,912.0,56837.359999853004,1.0,1.5556158749030722
2024,IL,Rheumatology,99213,"Established patient office or other outpatient visit with low level od decision making, if using time, 20 minutes or more",F,18,18,944,1240.0,56748.979999926,1.2319359456943055,2.354491912920813
2023,IN,Anesthesiology,99203,"New patient office or other outpatient visit, 30-44 minutes",O,18,18,760,761.0,56690.93,1.0009920634920635,2.3395593355619204
2024,IN,Plastic and Reconstructive Surgery,99213,"Established patient office or other outpatient visit with low level od decision making, if using time, 20 minutes or more",O,21,21,780,1047.0,56659.610000017,1.343005315569825,1.9318708601238062
2023,IL,Colorectal Surgery (Proctology),99213,"Established patient office or other outpatient visit, 20-29 minutes",F,25,25,891,1136.0,56623.289999933,1.284978737248767,2.8174634677482255
2023,IL,Micrographic Dermatologic Surgery,99214,"Established patient office or other outpatient visit, 30-39 minutes",O,6,6,449,593.0,56367.250000101005,1.1548906201875544,1.7553194924160207
2024,IL,Surgical Oncology,99213,"Established patient office or other outpatient visit with low level od decision making, if using time, 20 minutes or more",F,17,17,986,1183.0,56359.309999985,1.214574329014233,2.8424839412844993
2023,IN,Endocrinology,99214,"Established patient office or other outpatient visit, 30-39 minutes",F,11,11,600,844.0,56133.949999823,1.2981662877772178,2.4049673624187045
2023,IL,Anesthesiology,99203,"New patient office or other outpatient visit, 30-44 minutes",O,19,19,670,671.0,55905.709999858,1.0015037593984963,3.1422975128104533
2024,IN,Diagnostic Radiology,99213,"Established patient office or other outpatient visit with low level od decision making, if using time, 20 minutes or more",O,11,11,542,855.0,55842.549999973,1.275189950387417,2.4158652244981664
2023,IL,Osteopathic Manipulative Medicine,99213,"Established patient office or other outpatient visit, 20-29 minutes",O,8,8,456,913.0,55798.940000022,2.095397751340709,1.9470833196038906
2023,IL,Hand Surgery,99213,"Established patient office or other outpatient visit, 20-29 minutes",F,8,8,799,1075.0,55670.870000072,1.3869395677104488,3.2358562670089697
2024,IN,Anesthesiology,99213,"Established patient office or other outpatient visit with low level od decision making, if using time, 20 minutes or more",F,10,10,536,1217.0,55657.80999997,1.8350357630862206,2.3646240225835458
2023,IL,Nephrology,99213,"Established patient office or other outpatient visit, 20-29 minutes",F,21,21,887,1172.0,55653.189999967,1.3871485008859668,2.9830177770938073
2023,IL,Orthopedic Surgery,99232,"Subsequent hospital care with moderate levelof medical decision making, if using time, at least 35 minutes",F,33,33,735,888.0,55633.129999945,1.2498999090072862,2.8416967576253347
2023,IN,Neurology,99204,"New patient office or other outpatient visit, 45-59 minutes",F,23,23,595,595.0,55365.549999964,1.0,2.287348744747571
2024,IN,Addiction Medicine,99204,"New patient office or other outpatient visit with moderate level of medical decision making, if using time, 45 minutes or more",O,1,1,415,415.0,55247.859998349995,1.0,2.1398060316907985
2024,IN,Infectious Disease,99204,"New patient office or other outpatient visit with moderate level of medical decision making, if using time, 45 minutes or more",O,20,20,474,474.0,55186.34999982,1.0,1.9869977410987965
2023,IL,Plastic and Reconstructive Surgery,99214,"Established patient office or other outpatient visit, 30-39 minutes",F,7,7,168,697.0,54926.779999994,2.5742278901268913,2.9411669526913724
2023,IL,Hematology-Oncology,99203,"New patient office or other outpatient visit, 30-44 minutes",O,29,29,712,712.0,54896.890000011,1.0,2.963530550332354
2023,IL,Hospice and Palliative Care,99214,"Established patient office or other outpatient visit, 30-39 minutes",O,10,10,285,553.0,54847.199999943,1.7627244833059883,2.2582417181768384
2023,IN,Pulmonary Disease,99204,"New patient office or other outpatient visit, 45-59 minutes",F,19,19,587,587.0,54601.610000051,1.0,2.7034158551381444
2023,IL,General Practice,99285,Emergency department visit with high level of medical decision making,F,4,4,364,377.0,54324.4200002,1.0354815435460596,6.980224495622952
2023,IL,Endocrinology,99203,"New patient office or other outpatient visit, 30-44 minutes",O,29,29,703,703.0,54279.649999991,1.0,2.434400875741839
2024,IN,Thoracic Surgery,99215,"Established patient office or other outpatient visit with high level of medical decision making, if using time, 40 minutes or more",O,14,14,356,427.0,54088.63000043,1.1336207376356822,2.2394955265303107
2023,IN,Anesthesiology,99214,"Established patient office or other outpatient visit, 30-39 minutes",F,9,9,510,785.0,54062.460000039006,1.4863509775023989,2.4130710058135456
2024,IN,Cardiology,99203,"New patient office or other outpatient visit with low level of medical decision making, if using time, 30 minutes or more",O,40,40,817,817.0,53967.429999948,1.0,2.0794824286222484
2023,IN,Emergency Medicine,99213,"Established patient office or other outpatient visit, 20-29 minutes",F,29,29,1051,1166.0,53899.079999891,1.112046205713933,3.9348734939967334
2023,IL,Hematology,99213,"Established patient office or other outpatient visit, 20-29 minutes",F,7,7,781,1122.0,53845.189999745,1.333845294118476,1.910128886752161
2023,IN,Infectious Disease,99213,"Established patient office or other outpatient visit, 20-29 minutes",F,15,15,588,1182.0,53845.120000008,1.8937251297343483,2.302635575662238
2023,IL,Hand Surgery,97110,"Therapy procedure using exercise to develop strength, endurance, range of motion, and flexibility, each 15 minutes",O,7,7,292,2741.0,53839.089999971,7.00473323832457,2.7333078830320696
2024,IL,Hand Surgery,97110,"Therapy procedure using exercise to develop strength, endurance, range of motion, and flexibility, each 15 minutes",O,6,6,344,2940.0,53837.31999918,8.10721101937646,2.9135168936248483
2023,IL,Pain Management,99232,"Subsequent hospital care with moderate levelof medical decision making, if using time, at least 35 minutes",F,9,9,416,834.0,53679.320000027,1.7444562259318048,3.078298326320459
2024,IN,Urology,99213,"Established patient office or other outpatient visit with low level od decision making, if using time, 20 minutes or more",F,18,18,1065,1260.0,53308.759999885,1.1640814316787602,2.332416192835253
2023,IL,Vascular Surgery,99204,"New patient office or other outpatient visit, 45-59 minutes",F,17,17,514,515.0,53127.58000005,1.0049019607843137,3.0030654922786524
2024,IN,Hematology,99215,"Established patient office or other outpatient visit with high level of medical decision making, if using time, 40 minutes or more",F,5,5,277,511.0,52852.07000089,1.7914091248187358,2.229298407704225
2023,IN,Geriatric Medicine,99213,"Established patient office or other outpatient visit, 20-29 minutes",O,8,8,678,1031.0,52829.230000152005,1.3023583821829985,1.896893748745474
2023,IL,Addiction Medicine,99214,"Established patient office or other outpatient visit, 30-39 minutes",O,3,3,306,660.0,52810.59000011,1.8193765465628582,1.9574475418616066
2024,IN,Dermatology,99213,"Established patient office or other outpatient visit with low level od decision making, if using time, 20 minutes or more",F,12,12,955,1278.0,52741.909999661,1.1897913120234405,2.1044275436399458
2024,IN,Osteopathic Manipulative Medicine,99213,"Established patient office or other outpatient visit with low level od decision making, if using time, 20 minutes or more",O,13,13,809,971.0,52740.0899998,1.1834264576949862,1.6966721244391219
2024,IN,Orthopedic Surgery,97110,"Therapy procedure using exercise to develop strength, endurance, range of motion, and flexibility, each 15 minutes",O,12,12,362,3032.0,52663.65000011,8.412078490927586,3.409823072237504
2023,IN,Infectious Disease,99204,"New patient office or other outpatient visit, 45-59 minutes",O,20,20,460,460.0,52555.289999474,1.0,1.9166969781094063
2024,IN,General Practice,99215,"Established patient office or other outpatient visit with high level of medical decision making, if using time, 40 minutes or more",O,3,3,183,463.0,52366.06000049,2.5107556717148207,1.4915439860356
2023,IL,Neurosurgery,99215,"Established patient office or other outpatient visit, 40-54 minutes",F,9,9,414,441.0,52312.80999957,1.0490322544574333,2.6010570837834126
2023,IL,Geriatric Medicine,99204,"New patient office or other outpatient visit, 45-59 minutes",O,15,15,466,467.0,52249.250000665,1.0044444444444445,2.3534244069337875
2024,IN,Pain Management,99213,"Established patient office or other outpatient visit with low level od decision making, if using time, 20 minutes or more",F,10,10,594,1171.0,52188.950000157,1.802791972722768,2.3726963299227157
2024,IL,Undefined Physician type,99232,"Subsequent hospital care with moderate levelof medical decision making, if using time, at least 35 minutes",F,2,2,359,845.0,51861.609999788,2.107983954451346,3.09512455207945
2023,IN,Neurology,99203,"New patient office or other outpatient visit, 30-44 minutes",O,19,19,718,718.0,51844.499999902,1.0,1.9130863548535195
2023,IN,Nephrology,99215,"Established patient office or other outpatient visit, 40-54 minutes",F,10,10,346,518.0,51725.19000024,1.3344921401155727,2.45689071565669
2023,IL,Sleep Medicine,99232,"Subsequent hospital care with moderate levelof medical decision making, if using time, at least 35 minutes",F,7,7,401,785.0,51346.939999960996,2.0206519063661923,2.265361457004937
2023,IN,Micrographic Dermatologic Surgery,99214,"Established patient office or other outpatient visit, 30-39 minutes",O,4,4,513,631.0,51299.550000131,1.1838761753710207,1.4863929276933001
2023,IN,General Surgery,99285,Emergency department visit with high level of medical decision making,F,3,3,367,380.0,51074.84000014,1.0129353233830847,5.4924900620892565
2024,IL,Plastic and Reconstructive Surgery,99214,"Established patient office or other outpatient visit with moderate level of decision making, if using time, 30 minutes or more",F,6,6,139,680.0,50947.950000042,2.7105617783052693,4.2706357127657375
2024,IL,Neurosurgery,99203,"New patient office or other outpatient visit with low level of medical decision making, if using time, 30 minutes or more",F,24,24,813,813.0,50841.520000074,1.0,3.192876048422352
2023,IL,Oral Surgery (Dentist only),99213,"Established patient office or other outpatient visit, 20-29 minutes",O,8,8,596,832.0,50798.060000004996,1.4197589334911298,1.7249409431567886
2024,IN,Emergency Medicine,99215,"Established patient office or other outpatient visit with high level of medical decision making, if using time, 40 minutes or more",O,11,11,325,402.0,50489.4599992,1.107684171163795,1.7744231477774426
2024,IN,Neurology,99203,"New patient office or other outpatient visit with low level of medical decision making, if using time, 30 minutes or more",O,25,25,741,742.0,50378.079999977,1.0005479452054795,2.172566766022106
2023,IN,Sleep Medicine,99232,"Subsequent hospital care with moderate levelof medical decision making, if using time, at least 35 minutes",F,2,2,206,843.0,50298.539999679,3.7158653160222572,1.4676188049531391
2024,IL,Colorectal Surgery (Proctology),99213,"Established patient office or other outpatient visit with low level od decision making, if using time, 20 minutes or more",F,24,24,775,1020.0,50220.870000123,1.317901985622993,2.953110788461352
2023,IL,General Surgery,99285,Emergency department visit with high level of medical decision making,F,7,7,346,369.0,50182.27999925,1.044722126138591,5.684904550622818
2023,IN,Interventional Pain Management,99203,"New patient office or other outpatient visit, 30-44 minutes",O,11,11,685,685.0,50045.019999968,1.0,2.7615369913891192
2023,IL,Gastroenterology,99203,"New patient office or other outpatient visit, 30-44 minutes",F,26,26,795,796.0,50042.900000057,1.0003126954346466,2.9172529009686348
2024,IN,Anesthesiology,99214,"Established patient office or other outpatient visit with moderate level of decision making, if using time, 30 minutes or more",F,7,7,365,738.0,50035.870000122,1.874717382599156,2.4733054996104378
2023,IN,Emergency Medicine,99214,"Established patient office or other outpatient visit, 30-39 minutes",F,9,9,599,705.0,49799.819999815,1.2443547524472647,3.171720812695113
2023,IN,Diagnostic Radiology,99213,"Established patient office or other outpatient visit, 20-29 minutes",O,11,11,442,769.0,49594.47999986901,1.2894623542937749,2.2751483247832587
2023,IN,Emergency Medicine,99215,"Established patient office or other outpatient visit, 40-54 minutes",O,12,12,360,424.0,49525.340000589,1.0770883252086259,1.8884858960745392
2024,IN,Geriatric Medicine,99213,"Established patient office or other outpatient visit with low level od decision making, if using time, 20 minutes or more",O,8,8,644,957.0,49409.700000077995,1.2640190950180286,1.8886777534452814
2024,IL,Addiction Medicine,99214,"Established patient office or other outpatient visit with moderate level of decision making, if using time, 30 minutes or more",O,2,2,270,617.0,49251.880000273995,1.8058823529411765,2.125686064004978
2023,IL,Hospitalist,99215,"Established patient office or other outpatient visit, 40-54 minutes",F,17,17,405,418.0,49214.319999420004,1.0282096061068324,1.8828406573110659
2024,IN,Internal Medicine,99203,"New patient office or other outpatient visit with low level of medical decision making, if using time, 30 minutes or more",O,35,35,744,744.0,48760.389999982,1.0,1.8866645584368407
2023,IN,Orthopedic Surgery,99214,"Established patient office or other outpatient visit, 30-39 minutes",F,14,14,642,723.0,48154.66999994,1.1499524146998155,1.6045043120936537
2023,IN,Hematopoietic Cell Transplantation and Cellular Therapy,99215,"Established patient office or other outpatient visit, 40-54 minutes",F,3,3,174,474.0,48100.02000004,2.627296204805749,2.351309444330791
2024,IN,Physical Medicine and Rehabilitation,99204,"New patient office or other outpatient visit with moderate level of medical decision making, if using time, 45 minutes or more",F,10,10,523,523.0,48086.939999953,1.0,2.9903005591241105
2023,IN,Addiction Medicine,99204,"New patient office or other outpatient visit, 45-59 minutes",O,1,1,393,393.0,47969.61000162,1.0,2.2870331029075515
2024,IL,Pediatric Medicine,99204,"New patient office or other outpatient visit with moderate level of medical decision making, if using time, 45 minutes or more",O,13,13,404,404.0,47242.87000006,1.0,2.636626981665238
2023,IL,Pain Management,99213,"Established patient office or other outpatient visit, 20-29 minutes",F,12,12,608,961.0,47231.489999896,1.2923207217547388,2.937692494715629
2024,IL,General Surgery,99285,Emergency department visit with high level of medical decision making,F,5,5,354,372.0,47180.60999905,1.02875,5.318285819630826
2024,IL,Nephrology,99213,"Established patient office or other outpatient visit with low level od decision making, if using time, 20 minutes or more",F,23,23,749,986.0,47118.839999991,1.3176226585978532,3.1797584546777076
2023,IN,Physical Medicine and Rehabilitation,99204,"New patient office or other outpatient visit, 45-59 minutes",F,9,9,508,508.0,47056.610000014,1.0,2.7294958549456334
2023,IN,Physical Medicine and Rehabilitation,99213,"Established patient office or other outpatient visit, 20-29 minutes",F,12,12,638,1029.0,46861.500000010004,1.6628525737300033,2.3177439055059454
2023,IL,Otolaryngology,99215,"Established patient office or other outpatient visit, 40-54 minutes",F,13,13,345,411.0,46787.850000244,1.1441493546791086,3.2161434214944276
2024,IL,Podiatry,99204,"New patient office or other outpatient visit with moderate level of medical decision making, if using time, 45 minutes or more",F,22,22,466,466.0,46659.209999716004,1.0,2.7288756214891783
2024,IN,Podiatry,99232,"Subsequent hospital care with moderate levelof medical decision making, if using time, at least 35 minutes",F,19,19,395,814.0,46612.530000057,1.9791580266528137,1.8210910002667684
2023,IN,Anesthesiology,99215,"Established patient office or other outpatient visit, 40-54 minutes",O,8,8,200,373.0,46575.180000730004,2.247505377159287,1.9821746335125456
2024,IN,Pain Management,99215,"Established patient office or other outpatient visit with high level of medical decision making, if using time, 40 minutes or more",O,7,7,157,372.0,46317.58000082,1.8509509651551947,2.9015547638293886
2024,IN,Hospitalist,99285,Emergency department visit with high level of medical decision making,F,15,15,385,385.0,46310.04,1.0,2.698510326970493
2024,IL,Interventional Radiology,99204,"New patient office or other outpatient visit with moderate level of medical decision making, if using time, 45 minutes or more",O,9,9,375,375.0,45882.19000029,1.0,2.274267274192825
2024,IN,Physical Medicine and Rehabilitation,99213,"Established patient office or other outpatient visit with low level od decision making, if using time, 20 minutes or more",F,13,13,672,1027.0,45819.709999936,1.5974200265288216,2.569231889222467
2024,IN,Family Practice,99204,"New patient office or other outpatient visit with moderate level of medical decision making, if using time, 45 minutes or more",F,14,14,512,512.0,45707.759999971,1.0,2.1018993342495684
2024,IL,Vascular Surgery,99203,"New patient office or other outpatient visit with low level of medical decision making, if using time, 30 minutes or more",F,17,17,747,747.0,45678.719999965,1.0,3.127777099630849
2024,IL,Pediatric Medicine,99232,"Subsequent hospital care with moderate levelof medical decision making, if using time, at least 35 minutes",F,8,8,275,747.0,45668.11000007,2.7626371463416883,3.038064780968201
2024,IN,Infectious Disease,99213,"Established patient office or other outpatient visit with low level od decision making, if using time, 20 minutes or more",F,16,16,549,1047.0,45395.869999946,1.7668988031967279,2.193328046154715
2024,IL,Gastroenterology,99203,"New patient office or other outpatient visit with low level of medical decision making, if using time, 30 minutes or more",F,32,32,776,777.0,45325.359999941,1.0002893518518519,2.7826914296227123
2023,IL,Interventional Radiology,99203,"New patient office or other outpatient visit, 30-44 minutes",O,13,13,536,536.0,45112.830000024005,1.0,2.6670852541909165
2024,IL,Neuropsychiatry,99213,"Established patient office or other outpatient visit with low level od decision making, if using time, 20 minutes or more",O,8,8,370,730.0,44881.860000197,1.4365310911559512,2.1475707424438575
2024,IL,Oral Surgery (Dentist only),99213,"Established patient office or other outpatient visit with low level od decision making, if using time, 20 minutes or more",O,5,5,564,739.0,44838.379999975,1.4515053161049365,1.8608119427859937
2024,IL,Dentist,99213,"Established patient office or other outpatient visit with low level od decision making, if using time, 20 minutes or more",O,5,5,635,696.0,44800.330000217,1.2343506604906502,2.2157518115797474
2024,IL,Colorectal Surgery (Proctology),99203,"New patient office or other outpatient visit with low level of medical decision making, if using time, 30 minutes or more",O,23,23,577,577.0,44747.659999929,1.0,3.1000747146577443
2023,IL,Emergency Medicine,99214,"Established patient office or other outpatient visit, 30-39 minutes",F,7,7,278,605.0,44296.630000062,2.0632685580492156,2.8449913184398183
2024,IL,Hematology,99214,"Established patient office or other outpatient visit with moderate level of decision making, if using time, 30 minutes or more",F,6,6,363,637.0,44195.47000002,1.9787458860514031,2.619593825209109
2024,IN,Pulmonary Disease,99204,"New patient office or other outpatient visit with moderate level of medical decision making, if using time, 45 minutes or more",F,17,17,497,497.0,44065.25999996,1.0,2.8434520741856715
2023,IN,Nurse Practitioner,99203,"New patient office or other outpatient visit, 30-44 minutes",F,39,39,959,959.0,43883.670000061,1.0,3.0524031285567808
2024,IL,Interventional Radiology,99203,"New patient office or other outpatient visit with low level of medical decision making, if using time, 30 minutes or more",O,12,12,509,510.0,43820.529999969,1.0006361323155215,2.588583134387112
2024,IL,Colorectal Surgery (Proctology),99214,"Established patient office or other outpatient visit with moderate level of decision making, if using time, 30 minutes or more",F,15,15,486,578.0,43802.850000029,1.258234215766185,2.6480669377009693
2024,IN,Clinical Cardiac Electrophysiology,99204,"New patient office or other outpatient visit with moderate level of medical decision making, if using time, 45 minutes or more",F,12,12,472,472.0,43774.690000045,1.0,2.6081340233693466
2024,IN,Gynecological Oncology,99214,"Established patient office or other outpatient visit with moderate level of decision making, if using time, 30 minutes or more",O,7,7,351,511.0,43659.630000007,1.4001094985274924,1.775580883057066
2023,IL,Physical Medicine and Rehabilitation,97110,"Therapy procedure using exercise to develop strength, endurance, range of motion, and flexibility, each 15 minutes",O,10,10,307,2239.0,43515.059999801,7.589128178707094,2.843647588377368
2023,IL,Interventional Pain Management,99204,"New patient office or other outpatient visit, 45-59 minutes",F,4,4,415,415.0,43514.459999872,1.0,2.9239083231576584
2023,IL,Colorectal Surgery (Proctology),99204,"New patient office or other outpatient visit, 45-59 minutes",F,15,15,421,421.0,43492.569999761,1.0,2.8229195995947625
2023,IN,Plastic and Reconstructive Surgery,99214,"Established patient office or other outpatient visit, 30-39 minutes",O,8,8,425,509.0,43421.019999933,1.2308019539337474,3.688326226457705
2023,IN,Urology,99214,"Established patient office or other outpatient visit, 30-39 minutes",F,16,16,549,644.0,43347.450000068,1.1025751159648378,2.349383866482721
2023,IL,Physical Medicine and Rehabilitation,99203,"New patient office or other outpatient visit, 30-44 minutes",F,16,16,690,691.0,43346.309999954,1.0021551724137931,2.9625309204432484
2023,IL,Hospitalist,99214,"Established patient office or other outpatient visit, 30-39 minutes",F,25,25,444,542.0,42976.76999993,1.2024618950985468,2.620649182640219
2024,IL,Osteopathic Manipulative Medicine,99214,"Established patient office or other outpatient visit with moderate level of decision making, if using time, 30 minutes or more",O,4,4,203,488.0,42939.259999955,1.9678680396643784,2.4716688680978387
2024,IL,Endocrinology,99213,"Established patient office or other outpatient visit with low level od decision making, if using time, 20 minutes or more",F,17,17,695,932.0,42500.599999977996,1.1561717240873755,3.3595189925342486
2023,IL,Neurosurgery,99203,"New patient office or other outpatient visit, 30-44 minutes",F,21,21,668,668.0,42391.489999887,1.0,3.294831143913024
2023,IN,Hospice and Palliative Care,99215,"Established patient office or other outpatient visit, 40-54 minutes",F,5,5,201,413.0,42343.530000612,1.960239607136159,1.558670117633265
2024,IL,Osteopathic Manipulative Medicine,99213,"Established patient office or other outpatient visit with low level od decision making, if using time, 20 minutes or more",O,6,6,315,682.0,42318.729999782,2.4449113924377994,2.017527676590724
2023,IL,Nephrology,99203,"New patient office or other outpatient visit, 30-44 minutes",O,24,24,525,526.0,42207.360000031,1.0007309941520468,2.2451985371155376
2023,IL,Dentist,99213,"Established patient office or other outpatient visit, 20-29 minutes",O,5,5,540,645.0,42007.120000009,1.1632518360578064,2.1389239685883235
2024,IN,Radiation Oncology,99204,"New patient office or other outpatient visit with moderate level of medical decision making, if using time, 45 minutes or more",O,10,10,358,358.0,41395.199999391,1.0,2.39951766532169
2024,IN,General Surgery,99285,Emergency department visit with high level of medical decision making,F,3,3,319,342.0,41382.339999995995,1.0261660978384528,5.808671972997227
2023,IN,Geriatric Medicine,99214,"Established patient office or other outpatient visit, 30-39 minutes",F,7,7,322,634.0,41347.449999979995,1.8250256901419692,1.9854535628835346
2024,IL,Obstetrics & Gynecology,99215,"Established patient office or other outpatient visit with high level of medical decision making, if using time, 40 minutes or more",F,10,10,292,369.0,41298.579999899004,1.3511643960499806,2.0715303569736014
2023,IN,Family Practice,99215,"Established patient office or other outpatient visit, 40-54 minutes",F,12,12,340,473.0,41249.989999919,1.6164071063207892,1.8017780005944728
2024,IN,Pulmonary Disease,99203,"New patient office or other outpatient visit with low level of medical decision making, if using time, 30 minutes or more",O,25,25,571,571.0,41153.969999939996,1.0,1.9087579940386479
2023,IL,Gynecological Oncology,99204,"New patient office or other outpatient visit, 45-59 minutes",O,10,10,322,322.0,40996.11999998,1.0,3.20623996138377
2023,IL,Clinical Cardiac Electrophysiology,99203,"New patient office or other outpatient visit, 30-44 minutes",O,11,11,503,503.0,40962.890000083,1.0,2.3576629411810184
2023,IN,Hospice and Palliative Care,99214,"Established patient office or other outpatient visit, 30-39 minutes",O,8,8,336,515.0,40955.370000134004,1.5207621565745018,1.6489879628032242
2024,IL,Nephrology,99203,"New patient office or other outpatient visit with low level of medical decision making, if using time, 30 minutes or more",O,28,28,507,507.0,40747.970000009,1.0,2.285928771045697
2023,IL,Pediatric Medicine,99204,"New patient office or other outpatient visit, 45-59 minutes",O,11,11,324,324.0,40585.269999697,1.0,2.4867628284459373
2023,IN,Surgical Oncology,99214,"Established patient office or other outpatient visit, 30-39 minutes",O,7,7,391,487.0,40429.729999974996,1.2213469016010983,1.6438727400341584
2023,IL,Colorectal Surgery (Proctology),99215,"Established patient office or other outpatient visit, 40-54 minutes",F,10,10,283,349.0,40367.60000021,1.1180839529215298,2.6567598203333374
2023,IN,Cardiac Surgery,99215,"Established patient office or other outpatient visit, 40-54 minutes",O,6,6,288,321.0,39980.03999993,1.0732261180334202,1.5144802363067047
2024,IN,Nuclear Medicine,99232,"Subsequent hospital care with moderate levelof medical decision making, if using time, at least 35 minutes",F,1,1,210,637.0,39960.64000019,3.033333333333333,1.7016464386573262
2024,IL,Advanced Heart Failure and Transplant Cardiology,99213,"Established patient office or other outpatient visit with low level od decision making, if using time, 20 minutes or more",O,8,8,392,534.0,39909.080000171,1.121145961702531,2.528506733982833
2024,IL,Emergency Medicine,99214,"Established patient office or other outpatient visit with moderate level of decision making, if using time, 30 minutes or more",F,6,6,208,542.0,39881.789999919,2.2163503163503164,2.521252698731115
2023,IN,Hematopoietic Cell Transplantation and Cellular Therapy,99214,"Established patient office or other outpatient visit, 30-39 minutes",F,3,3,358,586.0,39880.129999787,1.513068836936749,2.5783590667455614
2023,IL,Urology,99203,"New patient office or other outpatient visit, 30-44 minutes",F,20,20,655,655.0,39833.600000087,1.0,2.792081396634969
2024,IN,Obstetrics & Gynecology,99213,"Established patient office or other outpatient visit with low level od decision making, if using time, 20 minutes or more",F,20,20,492,893.0,39820.629999835,1.5361565041836613,1.9825575739758812
2023,IN,Pulmonary Disease,99215,"Established patient office or other outpatient visit, 40-54 minutes",F,10,10,277,379.0,39598.7900004,1.305704144806973,2.1030463347214217
2024,IN,Orthopedic Surgery,99203,"New patient office or other outpatient visit with low level of medical decision making, if using time, 30 minutes or more",F,14,14,761,762.0,39586.980000094,1.0031055900621118,2.062511824626799
2024,IL,Interventional Cardiology,99213,"Established patient office or other outpatient visit with low level od decision making, if using time, 20 minutes or more",F,14,14,889,954.0,39573.060000081,1.0695332778359001,3.119135517730896
2024,IN,Sleep Medicine,99232,"Subsequent hospital care with moderate levelof medical decision making, if using time, at least 35 minutes",F,2,2,198,699.0,39508.669999792,3.036594202898551,1.523747838875813
2023,IL,Physician Assistant,93000,Routine electrocardiogram (ecg) using at least 12 leads with interpretation and report,O,101,101,3874,4314.0,39408.3099999843,1.0397368620683278,6.5980899972132745
2023,IL,Endocrinology,99204,"New patient office or other outpatient visit, 45-59 minutes",F,16,16,407,407.0,39307.71000016,1.0,3.41297871796734
2024,IL,Family Practice,99203,"New patient office or other outpatient visit with low level of medical decision making, if using time, 30 minutes or more",F,23,23,630,630.0,39274.640000079,1.0,3.311533240286239
2024,IN,Diagnostic Radiology,99214,"Established patient office or other outpatient visit with moderate level of decision making, if using time, 30 minutes or more",O,10,10,387,436.0,39194.439999932,1.1295291003293495,2.3985390927613706
2023,IN,Allergy/ Immunology,99203,"New patient office or other outpatient visit, 30-44 minutes",O,19,19,530,530.0,39147.880000028,1.0,2.0365056654708256
2024,IL,Hospitalist,99285,Emergency department visit with high level of medical decision making,F,3,3,285,300.0,39079.65999982,1.0382329491918532,3.6995927379601263
2024,IL,Anesthesiology,97110,"Therapy procedure using exercise to develop strength, endurance, range of motion, and flexibility, each 15 minutes",O,3,3,78,2261.0,39056.88999957401,24.45845552297165,2.828227860330923
2023,IL,Neuropsychiatry,99213,"Established patient office or other outpatient visit, 20-29 minutes",O,5,5,267,610.0,39047.810000149,1.6816160729524785,2.0718147821969906
2024,IN,Interventional Cardiology,99215,"Established patient office or other outpatient visit with high level of medical decision making, if using time, 40 minutes or more",F,17,17,350,385.0,39003.159999997,1.109971061874176,2.5047891072443056
2023,IL,Podiatry,99204,"New patient office or other outpatient visit, 45-59 minutes",F,18,18,386,386.0,38966.919999928,1.0,2.716331207422138
2023,IL,Rheumatology,97110,"Therapy procedure using exercise to develop strength, endurance, range of motion, and flexibility, each 15 minutes",O,3,3,202,2084.0,38673.580000156995,9.406269543464665,3.6270046003568184
2023,IL,Psychiatry,99215,"Established patient office or other outpatient visit, 40-54 minutes",F,6,6,187,336.0,38641.26000007,1.6811927322763236,2.4913860915412602
2024,IL,Thoracic Surgery,99203,"New patient office or other outpatient visit with low level of medical decision making, if using time, 30 minutes or more",O,15,15,458,458.0,38603.260000036,1.0,2.624093982131427
2023,IL,Emergency Medicine,99213,"Established patient office or other outpatient visit, 20-29 minutes",F,7,7,393,751.0,38535.190000221,1.4605446504620656,2.7185484119127987
2024,IN,Orthopedic Surgery,99204,"New patient office or other outpatient visit with moderate level of medical decision making, if using time, 45 minutes or more",F,12,12,448,448.0,38464.619999953,1.0,1.6783405266794962
2023,IL,Hospitalist,99204,"New patient office or other outpatient visit, 45-59 minutes",F,16,16,347,347.0,38431.09000027,1.0,2.9856950102223663
2024,IL,General Practice,99215,"Established patient office or other outpatient visit with high level of medical decision making, if using time, 40 minutes or more",O,9,9,241,327.0,38382.59000044,1.3447595148899965,1.4704806669546946
2024,IL,Endocrinology,99203,"New patient office or other outpatient visit with low level of medical decision making, if using time, 30 minutes or more",O,22,22,518,518.0,38379.750000011,1.0,2.277002056042439
2024,IL,Sleep Medicine,99232,"Subsequent hospital care with moderate levelof medical decision making, if using time, at least 35 minutes",F,7,7,340,600.0,38365.260000123,1.6565044621305964,2.227887370891563
2023,IL,Anesthesiology,97110,"Therapy procedure using exercise to develop strength, endurance, range of motion, and flexibility, each 15 minutes",O,2,2,69,2149.0,38313.34999928,31.39873949579832,1.8841374921166425
2024,IN,Dermatology,99214,"Established patient office or other outpatient visit with moderate level of decision making, if using time, 30 minutes or more",F,11,11,460,592.0,38244.959999917,1.2626128954005336,1.9712737333308843
2023,IN,Interventional Pain Management,99215,"Established patient office or other outpatient visit, 40-54 minutes",O,5,5,223,355.0,38109.960000586005,1.4778298204527711,1.832739976128191
2023,IN,Ophthalmology,99214,"Established patient office or other outpatient visit, 30-39 minutes",F,8,8,497,616.0,38093.230000100004,1.182560648446111,2.767159494218303
2024,IL,Ophthalmology,99203,"New patient office or other outpatient visit with low level of medical decision making, if using time, 30 minutes or more",F,20,20,662,662.0,38002.479999946,1.0,4.122633591022906
2024,IL,Optometry,99232,"Subsequent hospital care with moderate levelof medical decision making, if using time, at least 35 minutes",F,1,1,294,598.0,37986.999999858,2.0340136054421767,2.516900990132575
2023,IL,Hospitalist,99285,Emergency department visit with high level of medical decision making,F,8,8,262,271.0,37904.82999951,1.0110294117647058,2.0565271891006844
2024,IL,Hospitalist,99215,"Established patient office or other outpatient visit with high level of medical decision making, if using time, 40 minutes or more",F,15,15,288,320.0,37867.80000036,1.0626273330153648,2.2237781439751094
2024,IL,Colorectal Surgery (Proctology),99204,"New patient office or other outpatient visit with moderate level of medical decision making, if using time, 45 minutes or more",F,14,14,367,367.0,37817.920000141,1.0,2.791657160376676
2023,IN,Interventional Radiology,99204,"New patient office or other outpatient visit, 45-59 minutes",O,7,7,322,322.0,37636.450000296,1.0,3.0663795273739156
2024,IL,Urology,99203,"New patient office or other outpatient visit with low level of medical decision making, if using time, 30 minutes or more",F,23,23,655,655.0,37590.750000023,1.0,2.83519777281359
2024,IL,Thoracic Surgery,99232,"Subsequent hospital care with moderate levelof medical decision making, if using time, at least 35 minutes",F,8,8,259,621.0,37536.700000077,2.0243333713070557,2.9299051266007963
2023,IN,Otolaryngology,99214,"Established patient office or other outpatient visit, 30-39 minutes",F,9,9,377,546.0,37425.110000098,1.366691039250127,2.0487755159406387
2024,IL,Clinical Cardiac Electrophysiology,99203,"New patient office or other outpatient visit with low level of medical decision making, if using time, 30 minutes or more",O,12,12,475,475.0,37389.390000013,1.0,2.601767064395352
2024,IN,Hospice and Palliative Care,99215,"Established patient office or other outpatient visit with high level of medical decision making, if using time, 40 minutes or more",O,8,8,178,308.0,37015.80000027,1.7346202102635926,1.6763588654637187
2024,IN,Thoracic Surgery,99213,"Established patient office or other outpatient visit with low level od decision making, if using time, 20 minutes or more",O,18,18,493,604.0,36837.559999971,1.147540826333396,1.8624880062542013
2024,IN,Emergency Medicine,99213,"Established patient office or other outpatient visit with low level od decision making, if using time, 20 minutes or more",F,24,24,767,860.0,36813.050000028,1.0784815896258133,3.9299365944321187
2023,IN,Orthopedic Surgery,99203,"New patient office or other outpatient visit, 30-44 minutes",F,11,11,706,706.0,36683.229999921,1.0,2.0709438172219112
2024,IN,Pathology,99204,"New patient office or other outpatient visit with moderate level of medical decision making, if using time, 45 minutes or more",O,5,5,310,310.0,36633.41000058,1.0,2.9905411811954057
2024,IN,Osteopathic Manipulative Medicine,99204,"New patient office or other outpatient visit with moderate level of medical decision making, if using time, 45 minutes or more",O,5,5,362,362.0,36623.140000463,1.0,1.518249172547532
2023,IL,Thoracic Surgery,99203,"New patient office or other outpatient visit, 30-44 minutes",O,11,11,425,425.0,36612.749999906,1.0,2.774210146603364
2024,IL,Physical Medicine and Rehabilitation,99203,"New patient office or other outpatient visit with low level of medical decision making, if using time, 30 minutes or more",F,13,13,612,612.0,36611.299999959,1.0,2.922019560122024
2023,IN,Family Practice,99204,"New patient office or other outpatient visit, 45-59 minutes",F,12,12,395,395.0,36509.970000061,1.0,2.065198334486045
2024,IN,Gynecological Oncology,99213,"Established patient office or other outpatient visit with low level od decision making, if using time, 20 minutes or more",O,9,9,521,685.0,36473.420000101,1.2987251608397534,1.6778065174845185
2024,IL,Hand Surgery,99213,"Established patient office or other outpatient visit with low level od decision making, if using time, 20 minutes or more",F,8,8,559,707.0,36453.120000117,1.2594524025669553,3.5635843269776366
2024,IL,Surgical Oncology,99204,"New patient office or other outpatient visit with moderate level of medical decision making, if using time, 45 minutes or more",O,8,8,276,276.0,36395.57000025,1.0,2.2689562797053595
2023,IN,Gynecological Oncology,99213,"Established patient office or other outpatient visit, 20-29 minutes",O,7,7,499,678.0,36352.280000121005,1.3012664616631786,1.5362390692109795
2024,IL,Interventional Pain Management,99232,"Subsequent hospital care with moderate levelof medical decision making, if using time, at least 35 minutes",F,4,4,266,580.0,36336.840000008,2.1116093366093365,2.6580607428775718
2023,IN,Hematology-Oncology,99203,"New patient office or other outpatient visit, 30-44 minutes",O,17,17,508,508.0,36265.540000003,1.0,2.1588403632013513
2024,IL,Physical Medicine and Rehabilitation,97110,"Therapy procedure using exercise to develop strength, endurance, range of motion, and flexibility, each 15 minutes",O,6,6,179,1909.0,36244.379999756995,12.19326989435685,2.6199758552408974
2024,IN,Obstetrics & Gynecology,99214,"Established patient office or other outpatient visit with moderate level of decision making, if using time, 30 minutes or more",F,12,12,374,553.0,36214.000000058,1.3304635330148442,2.0528405246284938
2023,IL,Diagnostic Radiology,99204,"New patient office or other outpatient visit, 45-59 minutes",O,9,9,310,310.0,36189.710000340005,1.0,2.208784888821914
2024,IL,Adult Congenital Heart Disease,99215,"Established patient office or other outpatient visit with high level of medical decision making, if using time, 40 minutes or more",F,2,2,212,330.0,36181.75000144,1.3790418147960049,2.1528916049845277
2023,IN,Thoracic Surgery,99213,"Established patient office or other outpatient visit, 20-29 minutes",O,17,17,470,576.0,36171.619999978,1.152393397589956,1.7493097679028482
2024,IN,Hospitalist,99213,"Established patient office or other outpatient visit with low level od decision making, if using time, 20 minutes or more",O,11,11,473,682.0,36137.260000037,1.2549109914272725,1.7802856249209051
2023,IN,Interventional Cardiology,99204,"New patient office or other outpatient visit, 45-59 minutes",F,10,10,391,391.0,35518.729999946,1.0,2.278861255506601
2024,IN,Physician Assistant,93000,Routine electrocardiogram (ecg) using at least 12 leads with interpretation and report,O,42,42,3887,4411.0,35470.399999957,1.077448357603463,4.56835247571273
2024,IN,Hospitalist,99232,"Subsequent hospital care with moderate levelof medical decision making, if using time, at least 35 minutes",O,1,1,111,611.0,35401.34,5.504504504504505,1.9801980198019802
2023,IL,Family Practice,99203,"New patient office or other outpatient visit, 30-44 minutes",F,17,17,559,559.0,35372.870000099,1.0,2.999499424616293
2024,IN,Ophthalmology,99214,"Established patient office or other outpatient visit with moderate level of decision making, if using time, 30 minutes or more",F,11,11,449,578.0,35321.890000085,1.2423022774956887,2.6412456443507355
2024,IN,Allergy/ Immunology,99203,"New patient office or other outpatient visit with low level of medical decision making, if using time, 30 minutes or more",O,20,20,503,503.0,35159.04999999,1.0,2.2451095295251093
2024,IN,Anesthesiology,99203,"New patient office or other outpatient visit with low level of medical decision making, if using time, 30 minutes or more",O,11,11,457,457.0,35028.510000072,1.0,2.313090419906824
2023,IN,Hand Surgery,97110,"Therapy procedure using exercise to develop strength, endurance, range of motion, and flexibility, each 15 minutes",O,5,5,369,2014.0,34901.149999904,6.187913667404946,4.6228211737242555
2024,IN,Urology,99204,"New patient office or other outpatient visit with moderate level of medical decision making, if using time, 45 minutes or more",F,13,13,390,391.0,34897.689999995,1.0012210012210012,2.305248905190193
2024,IN,Podiatry,99203,"New patient office or other outpatient visit with low level of medical decision making, if using time, 30 minutes or more",F,17,17,652,652.0,34649.659999902,1.0,2.398931285061785
2024,IL,Geriatric Medicine,99214,"Established patient office or other outpatient visit with moderate level of decision making, if using time, 30 minutes or more",F,7,7,386,489.0,34517.090000083,1.3132698674112693,2.782933326998838
2024,IN,Colorectal Surgery (Proctology),99232,"Subsequent hospital care with moderate levelof medical decision making, if using time, at least 35 minutes",F,15,15,282,597.0,34423.839999932,2.149438580339509,2.1411844073513704
2024,IN,Interventional Pain Management,99203,"New patient office or other outpatient visit with low level of medical decision making, if using time, 30 minutes or more",O,9,9,479,479.0,34266.569999981,1.0,2.2588164048142167
2024,IL,Dermatology,99232,"Subsequent hospital care with moderate levelof medical decision making, if using time, at least 35 minutes",F,7,7,249,524.0,34087.279999976,1.893731231231231,2.5600806058160157
2024,IL,Physician Assistant,93000,Routine electrocardiogram (ecg) using at least 12 leads with interpretation and report,O,86,86,3463,3873.0,34048.7700000495,1.042698246249082,6.882502940390022
2023,IN,Diagnostic Radiology,99214,"Established patient office or other outpatient visit, 30-39 minutes",F,3,3,209,472.0,34029.849999988,1.7216299455105426,2.453393753162488
2024,IN,Interventional Cardiology,99204,"New patient office or other outpatient visit with moderate level of medical decision making, if using time, 45 minutes or more",F,13,13,389,389.0,33994.510000062,1.0,2.663388357075946
2024,IL,Pain Management,99215,"Established patient office or other outpatient visit with high level of medical decision making, if using time, 40 minutes or more",F,3,3,257,281.0,33893.15000051,1.139013532763533,3.236607133565492
2023,IL,Sleep Medicine,99215,"Established patient office or other outpatient visit, 40-54 minutes",F,6,6,265,303.0,33816.470000713,1.1551047432412125,1.82067064604131
2024,IN,Preventive Medicine,99214,"Established patient office or other outpatient visit with moderate level of decision making, if using time, 30 minutes or more",O,1,1,199,401.0,33665.629999926,2.0150753768844223,2.6590011862858387
2023,IL,Interventional Radiology,99232,"Subsequent hospital care with moderate levelof medical decision making, if using time, at least 35 minutes",F,8,8,350,533.0,33647.079999981,1.3694393226960089,2.406824425960043
2023,IN,Pain Management,99203,"New patient office or other outpatient visit, 30-44 minutes",O,15,15,446,446.0,33633.630000057,1.0,2.9355349182907355
2023,IN,Otolaryngology,99213,"Established patient office or other outpatient visit, 20-29 minutes",F,9,9,494,744.0,33515.119999884,1.4063047325725562,2.1780041626753937
2023,IN,Family Practice,93000,Routine electrocardiogram (ecg) using at least 12 leads with interpretation and report,O,153,153,3563,3764.0,33500.3299999947,1.0436624852005998,5.034332815272838
2024,IL,Surgical Oncology,99214,"Established patient office or other outpatient visit with moderate level of decision making, if using time, 30 minutes or more",F,13,13,384,447.0,33468.350000022,1.140423314204488,3.540802464050329
2023,IL,Geriatric Medicine,99215,"Established patient office or other outpatient visit, 40-54 minutes",F,2,2,196,293.0,33391.75999947,1.2994505494505493,2.7870986369086204
2023,IN,Cardiac Surgery,99204,"New patient office or other outpatient visit, 45-59 minutes",O,8,8,298,298.0,33382.570000696,1.0,2.00497378518132
2023,IL,Thoracic Surgery,99232,"Subsequent hospital care with moderate levelof medical decision making, if using time, at least 35 minutes",F,11,11,286,511.0,33335.79,2.0355377220678403,2.54800170539953
2023,IL,Surgical Oncology,99214,"Established patient office or other outpatient visit, 30-39 minutes",F,14,14,348,425.0,33267.799999956,1.2659085061753275,3.1688070817195637
2024,IL,Independent Diagnostic Testing Facility (IDTF),93000,Routine electrocardiogram (ecg) using at least 12 leads with interpretation and report,O,12,12,2882,3110.0,33127.0399995643,1.0461301398694631,4.989130688927282
2024,IL,Ophthalmology,99215,"Established patient office or other outpatient visit with high level of medical decision making, if using time, 40 minutes or more",F,3,3,226,336.0,32974.180000105,1.2711244178310046,3.8237572515528733
2024,IN,Rheumatology,99213,"Established patient office or other outpatient visit with low level od decision making, if using time, 20 minutes or more",F,12,12,600,748.0,32960.449999963,1.2089307675066088,2.0609263133624762
2024,IL,Geriatric Medicine,99204,"New patient office or other outpatient visit with moderate level of medical decision making, if using time, 45 minutes or more",O,12,12,302,302.0,32946.900000057,1.0,2.1954737787353764
2024,IL,Interventional Radiology,99232,"Subsequent hospital care with moderate levelof medical decision making, if using time, at least 35 minutes",F,11,11,371,539.0,32733.199999911998,1.3577824006656958,2.5712648948344285
2024,IN,Nurse Practitioner,99203,"New patient office or other outpatient visit with low level of medical decision making, if using time, 30 minutes or more",F,38,38,752,752.0,32724.029999918,1.0,3.1958790663341277
2023,IL,Diagnostic Radiology,99214,"Established patient office or other outpatient visit, 30-39 minutes",O,14,14,281,328.0,32645.329999948,1.1371072923492278,1.864507262686026
2023,IL,Surgical Oncology,99204,"New patient office or other outpatient visit, 45-59 minutes",O,9,9,248,248.0,32541.239999690002,1.0,2.209963543368533
2023,IN,Vascular Surgery,99232,"Subsequent hospital care with moderate levelof medical decision making, if using time, at least 35 minutes",F,8,8,302,551.0,32539.889999939,1.6701548092711886,2.272596144078927
2023,IN,Hematology,99213,"Established patient office or other outpatient visit, 20-29 minutes",F,4,4,516,771.0,32470.959999902,1.4977389536815908,2.5274708446926604
2024,IL,General Practice,99285,Emergency department visit with high level of medical decision making,F,3,3,217,234.0,32431.61999994,1.0604955696698815,7.978366591874299
2024,IL,Dermatology,99203,"New patient office or other outpatient visit with low level of medical decision making, if using time, 30 minutes or more",F,16,16,569,569.0,32291.139999881,1.0,3.5455939743738276
2023,IN,Pathology,99214,"Established patient office or other outpatient visit, 30-39 minutes",O,2,2,51,364.0,32227.080000177,6.589285714285714,2.1625635660561984
2023,IL,Undefined Physician type,99213,"Established patient office or other outpatient visit, 20-29 minutes",O,2,2,397,516.0,32168.530000004997,1.2401362619483425,1.756507908085706
2023,IL,Interventional Pain Management,99215,"Established patient office or other outpatient visit, 40-54 minutes",O,4,4,187,220.0,32041.18999962,1.1581868621614184,2.3092596364103466
2023,IN,Hospitalist,99215,"Established patient office or other outpatient visit, 40-54 minutes",O,8,8,214,260.0,31931.830000364,1.2155863133541704,1.798852583446377
2024,IL,Orthopedic Surgery,99232,"Subsequent hospital care with moderate levelof medical decision making, if using time, at least 35 minutes",F,23,23,393,509.0,31785.020000017,1.253317521731844,3.324129045495337
2023,IN,Podiatry,99203,"New patient office or other outpatient visit, 30-44 minutes",F,16,16,586,586.0,31773.909999957,1.0,2.106925972536071
2024,IN,Cardiac Surgery,99215,"Established patient office or other outpatient visit with high level of medical decision making, if using time, 40 minutes or more",O,6,6,245,265.0,31682.61999999,1.0608805977450044,1.504573654100411
2023,IL,Optometry,99232,"Subsequent hospital care with moderate levelof medical decision making, if using time, at least 35 minutes",F,1,1,261,487.0,31647.329999831003,1.8659003831417624,2.4571478203611465
2024,IN,Rheumatology,99204,"New patient office or other outpatient visit with moderate level of medical decision making, if using time, 45 minutes or more",F,12,12,365,365.0,31541.810000004,1.0,2.352145097480862
2024,IL,Surgical Oncology,99215,"Established patient office or other outpatient visit with high level of medical decision making, if using time, 40 minutes or more",F,12,12,235,275.0,31516.390000167,1.1367694805194806,3.943187841999016
2023,IL,Gynecological Oncology,99213,"Established patient office or other outpatient visit, 20-29 minutes",F,10,10,485,669.0,31460.280000051,1.2732893744390528,2.76797871687356
2024,IN,Diagnostic Radiology,99204,"New patient office or other outpatient visit with moderate level of medical decision making, if using time, 45 minutes or more",O,8,8,280,280.0,31427.680000366,1.0,2.99365035803762
2023,IL,Ophthalmology,99215,"Established patient office or other outpatient visit, 40-54 minutes",F,5,5,186,305.0,31301.97000103,1.4989628003712512,4.2059967974247545
2023,IL,Neuropsychiatry,99232,"Subsequent hospital care with moderate levelof medical decision making, if using time, at least 35 minutes",F,5,5,192,469.0,31102.500000096,2.2602416440831075,2.534598780317288
2023,IN,Dermatology,99214,"Established patient office or other outpatient visit, 30-39 minutes",F,11,11,398,518.0,31002.950000011,1.2890557426870726,2.2170527698609805
2024,IN,Osteopathic Manipulative Medicine,99232,"Subsequent hospital care with moderate levelof medical decision making, if using time, at least 35 minutes",F,2,2,212,537.0,31001.990000207003,2.3615091804746977,2.4774635575809834
2023,IN,Hematology,99232,"Subsequent hospital care with moderate levelof medical decision making, if using time, at least 35 minutes",F,3,3,169,530.0,30966.820000084,3.3454587290298288,2.2220789333104505
2024,IL,Internal Medicine,99203,"New patient office or other outpatient visit with low level of medical decision making, if using time, 30 minutes or more",F,18,18,530,531.0,30924.460000077,1.0010288065843622,3.119242748521882
2024,IN,General Surgery,99203,"New patient office or other outpatient visit with low level of medical decision making, if using time, 30 minutes or more",F,25,25,578,578.0,30880.839999947,1.0,2.3862120975505734
2023,IN,Gynecological Oncology,99204,"New patient office or other outpatient visit, 45-59 minutes",O,8,8,273,273.0,30869.579999973,1.0,1.7573422232986184
2024,IN,Pain Management,99215,"Established patient office or other outpatient visit with high level of medical decision making, if using time, 40 minutes or more",F,4,4,176,324.0,30850.970000270998,1.6217261904761904,2.073649193218251
2024,IN,Otolaryngology,99214,"Established patient office or other outpatient visit with moderate level of decision making, if using time, 30 minutes or more",F,7,7,345,446.0,30827.700000060002,1.2597573866639387,2.219435901093456
2024,IL,Internal Medicine,99232,"Subsequent hospital care with moderate levelof medical decision making, if using time, at least 35 minutes",O,10,10,225,519.0,30752.659999961,2.4042298030827576,2.3366510523006823
2023,IL,Internal Medicine,99203,"New patient office or other outpatient visit, 30-44 minutes",F,19,19,504,504.0,30705.620000019,1.0,2.7840778299400784
2024,IN,Cardiac Surgery,99204,"New patient office or other outpatient visit with moderate level of medical decision making, if using time, 45 minutes or more",O,7,7,283,283.0,30567.130000014,1.0,2.0431634699638908
2023,IN,Gynecological Oncology,99214,"Established patient office or other outpatient visit, 30-39 minutes",F,7,7,266,425.0,30488.270000121,1.6486363995871645,1.5847499148134563
2023,IL,Pulmonary Disease,99203,"New patient office or other outpatient visit, 30-44 minutes",F,11,11,522,522.0,30474.749999959,1.0,2.8906936927431848
2024,IL,Psychiatry,99232,"Subsequent hospital care with moderate levelof medical decision making, if using time, at least 35 minutes",O,8,8,166,516.0,30317.599999928,2.790021399774689,2.2997393027379935
2024,IN,Allergy/ Immunology,99232,"Subsequent hospital care with moderate levelof medical decision making, if using time, at least 35 minutes",F,3,3,188,524.0,30277.029999945004,2.2534455667789,3.053730757680109
2023,IL,Rheumatology,99203,"New patient office or other outpatient visit, 30-44 minutes",O,16,16,391,391.0,30254.799999977,1.0,2.2355708802473804
2023,IN,Psychiatry,99213,"Established patient office or other outpatient visit, 20-29 minutes",F,10,10,323,746.0,30194.850000035,2.5578258103258102,1.726863532116226
2023,IN,General Practice,99204,"New patient office or other outpatient visit, 45-59 minutes",O,4,4,279,279.0,29962.220000005,1.0,2.02374294626228
2024,IN,Gynecological Oncology,99204,"New patient office or other outpatient visit with moderate level of medical decision making, if using time, 45 minutes or more",O,9,9,278,278.0,29940.700000003002,1.0,1.9054657924340224
2023,IN,General Surgery,99203,"New patient office or other outpatient visit, 30-44 minutes",F,23,23,549,549.0,29905.340000033,1.0,2.162902226033862
2024,IN,Anesthesiology,99215,"Established patient office or other outpatient visit with high level of medical decision making, if using time, 40 minutes or more",O,6,6,151,233.0,29833.31999973,1.9065565660393247,2.19417503961378
2024,IL,Hematology,99204,"New patient office or other outpatient visit with moderate level of medical decision making, if using time, 45 minutes or more",O,5,5,247,247.0,29745.800000400002,1.0,2.2952370192125864
2023,IL,Endocrinology,99213,"Established patient office or other outpatient visit, 20-29 minutes",F,19,19,542,619.0,29735.500000001,1.1405332924585643,3.365545070056545
2023,IL,Colorectal Surgery (Proctology),99203,"New patient office or other outpatient visit, 30-44 minutes",F,14,14,463,463.0,29709.420000003,1.0,3.1098379397412255
2023,IL,Independent Diagnostic Testing Facility (IDTF),93000,Routine electrocardiogram (ecg) using at least 12 leads with interpretation and report,O,10,10,2512,2742.0,29624.8299996903,1.0510893413884674,4.869839768263162
2023,IN,Pain Management,99232,"Subsequent hospital care with moderate levelof medical decision making, if using time, at least 35 minutes",F,2,2,271,453.0,29579.110000020002,1.5277856939298946,1.8751800289027516
2023,IL,Hand Surgery,99203,"New patient office or other outpatient visit, 30-44 minutes",F,8,8,473,473.0,29568.069999978,1.0,3.41773450086732
2023,IN,Pathology,99204,"New patient office or other outpatient visit, 45-59 minutes",O,2,2,245,245.0,29525.36000093,1.0,3.0756567824942787
2023,IL,Surgical Oncology,99215,"Established patient office or other outpatient visit, 40-54 minutes",F,9,9,206,258.0,29375.840000264,1.2061000587961372,2.8318055104182016
2024,IN,Geriatric Medicine,99214,"Established patient office or other outpatient visit with moderate level of decision making, if using time, 30 minutes or more",F,5,5,204,470.0,29356.980000133,1.981943051126796,2.0488140093692317
2023,IL,Sleep Medicine,99204,"New patient office or other outpatient visit, 45-59 minutes",F,6,6,283,283.0,29331.380000135,1.0,2.1301830876475325
2023,IN,Obstetrics & Gynecology,99213,"Established patient office or other outpatient visit, 20-29 minutes",F,13,13,404,665.0,29307.649999960002,1.449672982269777,1.6044360907100699
2024,IL,Allergy/ Immunology,99204,"New patient office or other outpatient visit with moderate level of medical decision making, if using time, 45 minutes or more",F,12,12,287,287.0,29287.409999756,1.0,2.8011999063465134
2023,IL,Hospitalist,99213,"Established patient office or other outpatient visit, 20-29 minutes",F,7,7,360,607.0,29201.729999877,1.391143178921053,2.311969218141975
2023,IL,Plastic and Reconstructive Surgery,99213,"Established patient office or other outpatient visit, 20-29 minutes",F,16,16,357,602.0,28695.77000002,1.714856076429219,3.6505369243416017
2024,IL,Pain Management,99232,"Subsequent hospital care with moderate levelof medical decision making, if using time, at least 35 minutes",F,5,5,236,427.0,28693.760000123,1.6739618427336473,2.907199353673414
2023,IN,Colorectal Surgery (Proctology),99232,"Subsequent hospital care with moderate levelof medical decision making, if using time, at least 35 minutes",F,11,11,209,480.0,28563.300000012998,2.1668223599757153,2.0942211980396457
2024,IN,Hematology,99232,"Subsequent hospital care with moderate levelof medical decision making, if using time, at least 35 minutes",F,3,3,168,493.0,28555.199999987002,3.063072355055477,2.275462300577631
2024,IL,Surgical Oncology,99232,"Subsequent hospital care with moderate levelof medical decision making, if using time, at least 35 minutes",F,6,6,155,445.0,28540.200000045,2.8174812957071023,2.713992567460003
2024,IL,Rheumatology,97110,"Therapy procedure using exercise to develop strength, endurance, range of motion, and flexibility, each 15 minutes",O,2,2,147,1517.0,28507.580000020997,8.484716599190284,3.52313334349995
2023,IL,Optometry,99204,"New patient office or other outpatient visit, 45-59 minutes",F,8,8,283,283.0,28446.400000403002,1.0,3.6067097090260285
2023,IN,Pediatric Medicine,99285,Emergency department visit with high level of medical decision making,F,2,2,192,210.0,28357.550000200004,1.07421875,2.7661907955888694
2024,IL,Psychiatry,99215,"Established patient office or other outpatient visit with high level of medical decision making, if using time, 40 minutes or more",F,5,5,204,269.0,28349.870000098002,1.2490442985547026,2.700349278634456
2024,IN,Vascular Surgery,99232,"Subsequent hospital care with moderate levelof medical decision making, if using time, at least 35 minutes",F,8,8,283,489.0,28213.690000013,1.6038178563889671,2.3172896658442577
2024,IL,Sleep Medicine,99204,"New patient office or other outpatient visit with moderate level of medical decision making, if using time, 45 minutes or more",F,8,8,281,281.0,28086.12999984,1.0,2.358996201869059
2024,IN,Emergency Medicine,99214,"Established patient office or other outpatient visit with moderate level of decision making, if using time, 30 minutes or more",F,5,5,407,419.0,28057.520000172,1.0187857142857142,3.3874231574987226
2024,IN,Surgical Oncology,99214,"Established patient office or other outpatient visit with moderate level of decision making, if using time, 30 minutes or more",O,5,5,265,335.0,28020.219999928002,1.2133997962008185,1.5857592106411043
2023,IN,Diagnostic Radiology,99214,"Established patient office or other outpatient visit, 30-39 minutes",O,8,8,278,318.0,27928.550000012998,1.1194882767539076,2.0240305086920873
2023,IN,Physician Assistant,93000,Routine electrocardiogram (ecg) using at least 12 leads with interpretation and report,O,33,33,3062,3439.0,27695.8700000341,1.0741127085384607,4.717149955695334
2023,IL,Interventional Radiology,99204,"New patient office or other outpatient visit, 45-59 minutes",O,8,8,217,217.0,27633.71000013,1.0,2.5493880998968477
2024,IN,Plastic and Reconstructive Surgery,99214,"Established patient office or other outpatient visit with moderate level of decision making, if using time, 30 minutes or more",O,8,8,311,347.0,27591.410000023,1.163217199894269,3.905883332491033
2023,IN,Nephrology,99203,"New patient office or other outpatient visit, 30-44 minutes",O,16,16,379,379.0,27462.39000005,1.0,1.9902214390979165
2023,IL,Adult Congenital Heart Disease,99215,"Established patient office or other outpatient visit, 40-54 minutes",F,2,2,186,238.0,27225.91999932,1.2058531746031744,2.1011097595628563
2023,IL,Hospice and Palliative Care,99215,"Established patient office or other outpatient visit, 40-54 minutes",F,4,4,143,236.0,27220.969999830002,1.6805184631271588,2.020718903388497
2024,IN,Hematology,99213,"Established patient office or other outpatient visit with low level od decision making, if using time, 20 minutes or more",F,4,4,461,618.0,27152.809999981004,1.2721534102914847,2.5631066305585994
2024,IL,Gynecological Oncology,99213,"Established patient office or other outpatient visit with low level od decision making, if using time, 20 minutes or more",F,12,12,452,592.0,26895.359999873002,1.2513949068360832,3.576580984175377
2024,IL,Critical Care (Intensivists),99204,"New patient office or other outpatient visit with moderate level of medical decision making, if using time, 45 minutes or more",F,5,5,269,269.0,26848.31999964,1.0,2.0030331794537206
2024,IL,Interventional Pain Management,99215,"Established patient office or other outpatient visit with high level of medical decision making, if using time, 40 minutes or more",O,4,4,155,195.0,26832.63999994,1.1647869674185465,2.188288876004953
2024,IL,Diagnostic Radiology,99213,"Established patient office or other outpatient visit with low level od decision making, if using time, 20 minutes or more",O,14,14,353,404.0,26809.589999998,1.1833052665510648,2.2371327959500094
2023,IN,Gastroenterology,99213,"Established patient office or other outpatient visit, 20-29 minutes",F,18,18,519,609.0,26803.380000035002,1.1072348438671407,1.9345060723393546
2023,IN,Interventional Radiology,99213,"Established patient office or other outpatient visit, 20-29 minutes",O,11,11,366,432.0,26797.060000034,1.1560049057768746,2.473407437145671
2024,IL,Gynecological Oncology,99204,"New patient office or other outpatient visit with moderate level of medical decision making, if using time, 45 minutes or more",O,8,8,214,214.0,26778.33000011,1.0,2.447057541212821
2024,IN,Hand Surgery,97110,"Therapy procedure using exercise to develop strength, endurance, range of motion, and flexibility, each 15 minutes",O,5,5,409,1676.0,26679.969999819,4.711455026455026,4.829759003168112
2023,IL,Allergy/ Immunology,99204,"New patient office or other outpatient visit, 45-59 minutes",F,11,11,261,261.0,26652.829999964,1.0,2.839049369160693
2024,IL,Undefined Physician type,99213,"Established patient office or other outpatient visit with low level od decision making, if using time, 20 minutes or more",O,1,1,287,393.0,26528.389999983003,1.3693379790940767,1.7326811489530334
2023,IN,Geriatric Medicine,99215,"Established patient office or other outpatient visit, 40-54 minutes",F,2,2,137,271.0,26281.339999995,1.7214137214137213,1.8704551413758335
2024,IL,Sleep Medicine,99203,"New patient office or other outpatient visit with low level of medical decision making, if using time, 30 minutes or more",O,8,8,337,337.0,26233.369999946,1.0,2.1826908576592654
2024,IN,Orthopedic Surgery,99232,"Subsequent hospital care with moderate levelof medical decision making, if using time, at least 35 minutes",F,17,17,380,450.0,26098.100000015,1.2886372135865036,2.88441242798673
2024,IL,Sleep Medicine,99215,"Established patient office or other outpatient visit with high level of medical decision making, if using time, 40 minutes or more",F,6,6,206,229.0,26095.979999799998,1.1133913950006433,1.948379915351685
2023,IL,Adult Congenital Heart Disease,99214,"Established patient office or other outpatient visit, 30-39 minutes",F,3,3,258,339.0,25995.189999961,1.2101763907734056,2.1420789328707626
2023,IL,Certified Clinical Nurse Specialist,99213,"Established patient office or other outpatient visit, 20-29 minutes",F,8,8,360,600.0,25957.970000138997,1.4115365853724469,3.1134333289045544
2024,IL,Gynecological Oncology,99232,"Subsequent hospital care with moderate levelof medical decision making, if using time, at least 35 minutes",F,10,10,183,402.0,25831.040000019,2.2266299876593996,2.7964928780460547
2024,IN,Pain Management,99204,"New patient office or other outpatient visit with moderate level of medical decision making, if using time, 45 minutes or more",F,9,9,274,274.0,25772.879999956,1.0,2.8155876818961176
2023,IN,Obstetrics & Gynecology,99214,"Established patient office or other outpatient visit, 30-39 minutes",F,12,12,305,397.0,25647.399999966,1.288164851799839,1.5468762802594072
2024,IL,Certified Clinical Nurse Specialist,99204,"New patient office or other outpatient visit with moderate level of medical decision making, if using time, 45 minutes or more",O,5,5,257,257.0,25544.630000206,1.0,3.2793898412694396
2023,IL,Ophthalmology,99203,"New patient office or other outpatient visit, 30-44 minutes",F,14,14,442,442.0,25429.510000036,1.0,3.573767616266579
2024,IN,Pediatric Medicine,99285,Emergency department visit with high level of medical decision making,F,2,2,194,208.0,25391.5499997,1.0570689017626034,2.847458735276951
2024,IL,Neuropsychiatry,99232,"Subsequent hospital care with moderate levelof medical decision making, if using time, at least 35 minutes",F,7,7,232,395.0,25275.809999998,1.704470737848793,2.5125917859689944
2024,IL,Emergency Medicine,99213,"Established patient office or other outpatient visit with low level od decision making, if using time, 20 minutes or more",F,6,6,293,510.0,25250.519999959,1.4292755991285402,3.2983903455733916
2024,IN,Clinical Cardiac Electrophysiology,99213,"Established patient office or other outpatient visit with low level od decision making, if using time, 20 minutes or more",F,11,11,531,573.0,25245.930000068,1.085976085165733,2.6385084283117526
2023,IL,Rheumatology,99232,"Subsequent hospital care with moderate levelof medical decision making, if using time, at least 35 minutes",F,11,11,182,389.0,25232.920000026,1.9654090299745135,2.254059691555798
2024,IL,Rheumatology,99203,"New patient office or other outpatient visit with low level of medical decision making, if using time, 30 minutes or more",O,15,15,344,344.0,25144.75999996,1.0,2.779286451895317
2023,IN,Advanced Heart Failure and Transplant Cardiology,99204,"New patient office or other outpatient visit, 45-59 minutes",O,7,7,210,210.0,25051.58000033,1.0,1.9326486829825844
2023,IN,Geriatric Medicine,99204,"New patient office or other outpatient visit, 45-59 minutes",O,8,8,296,296.0,24992.979999949,1.0,2.322207455918784
2023,IN,Osteopathic Manipulative Medicine,99204,"New patient office or other outpatient visit, 45-59 minutes",O,4,4,243,243.0,24971.690000404,1.0,1.6757080138773868
2023,IN,Anesthesiology,99215,"Established patient office or other outpatient visit, 40-54 minutes",F,2,2,127,240.0,24967.84999932,1.60752688172043,2.2145875412830507
2023,IL,Maxillofacial Surgery,99203,"New patient office or other outpatient visit, 30-44 minutes",O,11,11,306,307.0,24962.999999979,1.0016233766233766,1.9530288748934388
2023,IN,Allergy/ Immunology,99215,"Established patient office or other outpatient visit, 40-54 minutes",O,10,10,165,200.0,24842.26000012,1.184187675070028,1.691730819987623
2023,IL,Cardiac Surgery,99203,"New patient office or other outpatient visit, 30-44 minutes",O,11,11,293,293.0,24797.839999947,1.0,2.4091258993129094
2023,IL,Dermatology,99203,"New patient office or other outpatient visit, 30-44 minutes",F,16,16,402,402.0,24791.860000044002,1.0,3.6906279306305043
2024,IL,Plastic and Reconstructive Surgery,99213,"Established patient office or other outpatient visit with low level od decision making, if using time, 20 minutes or more",F,13,13,343,514.0,24779.099999993,1.5870631600318705,3.6890394933866855
2023,IL,Thoracic Surgery,99213,"Established patient office or other outpatient visit, 20-29 minutes",F,13,13,395,479.0,24655.409999980002,1.2398836199520196,3.000203315975509
2023,IL,Advanced Heart Failure and Transplant Cardiology,99213,"Established patient office or other outpatient visit, 20-29 minutes",O,2,2,260,343.0,24549.53,1.1751054852320675,1.6590102061491736
2023,IN,Pain Management,99215,"Established patient office or other outpatient visit, 40-54 minutes",O,4,4,137,187.0,24530.710000379997,1.2778956765518914,2.397964522558537
2024,IN,Anesthesiology,99204,"New patient office or other outpatient visit with moderate level of medical decision making, if using time, 45 minutes or more",F,8,8,258,258.0,24461.839999953,1.0,2.4865000249595326
2024,IN,Advanced Heart Failure and Transplant Cardiology,99204,"New patient office or other outpatient visit with moderate level of medical decision making, if using time, 45 minutes or more",O,8,8,225,225.0,24451.540000187,1.0,1.8993627256617243
2023,IL,Portable X-Ray Supplier,93000,Routine electrocardiogram (ecg) using at least 12 leads with interpretation and report,O,6,6,1791,2074.0,24356.829999957,1.097298977039434,3.603846813575736
2024,IN,Gastroenterology,99215,"Established patient office or other outpatient visit with high level of medical decision making, if using time, 40 minutes or more",F,9,9,168,245.0,24356.100000149,1.369230051137946,1.904386257683048
2024,IN,Pain Management,99203,"New patient office or other outpatient visit with low level of medical decision making, if using time, 30 minutes or more",O,14,14,333,333.0,24296.010000025,1.0,3.010621813826659
2023,IN,Physician Assistant,99203,"New patient office or other outpatient visit, 30-44 minutes",F,23,23,522,522.0,24248.469999967,1.0,3.193841743538463
2023,IL,Surgical Oncology,99232,"Subsequent hospital care with moderate levelof medical decision making, if using time, at least 35 minutes",F,5,5,169,378.0,24232.440000066003,2.189367732079597,2.3452670850989525
2024,IN,Family Practice,93000,Routine electrocardiogram (ecg) using at least 12 leads with interpretation and report,O,115,115,2584,2736.0,24153.1399999676,1.0452977214411843,4.926431282048373
2023,IN,Pain Management,99204,"New patient office or other outpatient visit, 45-59 minutes",F,6,6,267,267.0,23883.620000008,1.0,2.5776136057391645
2023,IL,General Practice,99204,"New patient office or other outpatient visit, 45-59 minutes",O,9,9,212,212.0,23733.160000248,1.0,1.8526382796017953
2024,IN,Hospitalist,99215,"Established patient office or other outpatient visit with high level of medical decision making, if using time, 40 minutes or more",O,4,4,168,196.0,23571.67999966,1.1572916666666666,1.8918592639180032
2024,IL,Diagnostic Radiology,99203,"New patient office or other outpatient visit with low level of medical decision making, if using time, 30 minutes or more",O,10,10,287,287.0,23549.82000001,1.0,2.407854065351487
2024,IN,Podiatry,99204,"New patient office or other outpatient visit with moderate level of medical decision making, if using time, 45 minutes or more",F,13,13,258,258.0,23483.199999995002,1.0,2.2040337249970277
2023,IN,Interventional Radiology,99203,"New patient office or other outpatient visit, 30-44 minutes",O,4,4,299,299.0,23475.709999909,1.0,3.1695393426088248
2023,IL,Cardiology,99203,"New patient office or other outpatient visit, 30-44 minutes",F,16,16,404,404.0,23468.779999989,1.0,2.427827519329229
2023,IN,Medical Oncology,99204,"New patient office or other outpatient visit, 45-59 minutes",F,8,8,248,248.0,23418.589999982,1.0,2.1633568330513113
2024,IL,Colorectal Surgery (Proctology),99203,"New patient office or other outpatient visit with low level of medical decision making, if using time, 30 minutes or more",F,15,15,377,377.0,23390.209999976,1.0,3.2999822492151965
2023,IL,Infectious Disease,99204,"New patient office or other outpatient visit, 45-59 minutes",F,14,14,230,230.0,23284.920000025,1.0,3.1084522845953724
2023,IN,Interventional Cardiology,99213,"Established patient office or other outpatient visit, 20-29 minutes",F,6,6,488,556.0,23177.319999867002,1.0673798315651517,2.3254859904804945
2023,IN,Allergy/ Immunology,99232,"Subsequent hospital care with moderate levelof medical decision making, if using time, at least 35 minutes",F,3,3,145,394.0,23167.24000014,2.4493793991296196,2.940910759391439
2023,IN,Orthopedic Surgery,99232,"Subsequent hospital care with moderate levelof medical decision making, if using time, at least 35 minutes",F,13,13,359,386.0,23151.770000004,1.0986380158793951,2.7749561562517404
2024,IL,Portable X-Ray Supplier,93000,Routine electrocardiogram (ecg) using at least 12 leads with interpretation and report,O,6,6,1747,2018.0,23092.160000086602,1.0901506020048302,3.6962903766852886
2024,IN,General Practice,99204,"New patient office or other outpatient visit with moderate level of medical decision making, if using time, 45 minutes or more",O,6,6,205,205.0,23038.79999996,1.0,1.8846685564302863
2023,IL,Interventional Radiology,99215,"Established patient office or other outpatient visit, 40-54 minutes",O,6,6,124,165.0,22988.54999995,1.279307498057498,2.4354853171618176
2024,IL,Diagnostic Radiology,99204,"New patient office or other outpatient visit with moderate level of medical decision making, if using time, 45 minutes or more",O,6,6,207,207.0,22975.919999546,1.0,2.7427219027389502
2023,IL,Geriatric Medicine,99214,"Established patient office or other outpatient visit, 30-39 minutes",F,5,5,209,303.0,22958.199999999,1.4308158508158508,2.8016475793861657
2023,IL,Thoracic Surgery,99214,"Established patient office or other outpatient visit, 30-39 minutes",F,6,6,240,298.0,22902.679999968,1.164001819436602,2.615574833193829
2024,IL,Hospice and Palliative Care,99215,"Established patient office or other outpatient visit with high level of medical decision making, if using time, 40 minutes or more",F,4,4,116,199.0,22865.71000037,1.7339424141749724,3.0721121997121985
2024,IL,Dentist,99203,"New patient office or other outpatient visit with low level of medical decision making, if using time, 30 minutes or more",O,4,4,268,268.0,22861.579999956,1.0,2.1665368768543827
2024,IN,Interventional Radiology,99213,"Established patient office or other outpatient visit with low level od decision making, if using time, 20 minutes or more",O,8,8,310,373.0,22848.710000054,1.1587993192760222,2.1126560806501757
2024,IL,Certified Nurse Midwife,99213,"Established patient office or other outpatient visit with low level od decision making, if using time, 20 minutes or more",F,1,1,369,507.0,22768.340000094,1.3739837398373984,1.1862523282269055
2024,IN,Interventional Cardiology,99213,"Established patient office or other outpatient visit with low level od decision making, if using time, 20 minutes or more",F,8,8,489,568.0,22750.440000095,1.1534717365967366,2.250790602598676
2023,IL,Thoracic Surgery,99204,"New patient office or other outpatient visit, 45-59 minutes",F,9,9,218,218.0,22742.039999958,1.0,3.0461776963173004
2023,IL,Hand Surgery,99215,"Established patient office or other outpatient visit, 40-54 minutes",O,5,5,171,181.0,22738.289999919998,1.0519624802983123,1.9359294713157813
2023,IN,Diagnostic Radiology,99204,"New patient office or other outpatient visit, 45-59 minutes",O,5,5,204,204.0,22726.32000007,1.0,2.614570225721688
2023,IL,Gynecological Oncology,99232,"Subsequent hospital care with moderate levelof medical decision making, if using time, at least 35 minutes",F,9,9,152,348.0,22664.609999959997,2.19712058911974,2.737742826082276
2024,IN,Hematology-Oncology,99203,"New patient office or other outpatient visit with low level of medical decision making, if using time, 30 minutes or more",O,12,12,316,316.0,22651.500000006,1.0,2.1420572489575354
2023,IL,Cardiac Surgery,99204,"New patient office or other outpatient visit, 45-59 minutes",F,9,9,208,208.0,22606.919999994,1.0,3.1496256203024156
2023,IN,Rheumatology,99204,"New patient office or other outpatient visit, 45-59 minutes",F,8,8,258,259.0,22539.740000008,1.0089285714285714,2.119802468468672
2024,IL,Thoracic Surgery,99204,"New patient office or other outpatient visit with moderate level of medical decision making, if using time, 45 minutes or more",F,8,8,217,217.0,22530.159999718,1.0,3.2022250102110283
2023,IN,Interventional Cardiology,99215,"Established patient office or other outpatient visit, 40-54 minutes",F,11,11,199,223.0,22456.880000055,1.0959343686616414,2.3508797355333977
2023,IL,Diagnostic Radiology,99213,"Established patient office or other outpatient visit, 20-29 minutes",O,9,9,304,346.0,22367.870000022,1.177829918527593,1.8993088816790145
2023,IN,Certified Clinical Nurse Specialist,99232,"Subsequent hospital care with moderate levelof medical decision making, if using time, at least 35 minutes",F,5,5,192,446.0,22282.649999975998,2.0405673019654555,2.355195012986517
2023,IN,General Surgery,99215,"Established patient office or other outpatient visit, 40-54 minutes",F,5,5,201,220.0,22260.610000668,1.0984126984126985,2.1180846415006758
2024,IN,Psychiatry,99213,"Established patient office or other outpatient visit with low level od decision making, if using time, 20 minutes or more",F,9,9,269,574.0,22059.019999999,2.142817112225007,2.1451304083231597
2024,IL,Family Practice,99232,"Subsequent hospital care with moderate levelof medical decision making, if using time, at least 35 minutes",O,1,1,152,345.0,22009.18000011,2.2697368421052633,2.273435641937984
2023,IN,Rheumatology,99213,"Established patient office or other outpatient visit, 20-29 minutes",F,8,8,382,511.0,21964.069999964,1.2808046737213403,2.1490123737873144
2023,IL,Dermatology,99232,"Subsequent hospital care with moderate levelof medical decision making, if using time, at least 35 minutes",F,5,5,176,331.0,21857.140000017,1.968402249613894,2.671364373665839
2024,IL,Infectious Disease,99204,"New patient office or other outpatient visit with moderate level of medical decision making, if using time, 45 minutes or more",F,11,11,221,221.0,21838.530000036,1.0,3.22342062612973
2024,IN,Diagnostic Radiology,99214,"Established patient office or other outpatient visit with moderate level of decision making, if using time, 30 minutes or more",F,2,2,111,314.0,21833.43999991,2.0959090909090907,2.805101230328619
2024,IL,Advanced Heart Failure and Transplant Cardiology,99204,"New patient office or other outpatient visit with moderate level of medical decision making, if using time, 45 minutes or more",F,5,5,222,222.0,21818.159999942,1.0,2.575613959166786
2024,IN,Nuclear Medicine,99214,"Established patient office or other outpatient visit with moderate level of decision making, if using time, 30 minutes or more",O,1,1,104,245.0,21807.32999998,2.355769230769231,1.189918953217749
2024,IL,Pediatric Medicine,99214,"Established patient office or other outpatient visit with moderate level of decision making, if using time, 30 minutes or more",F,9,9,190,295.0,21770.139999957,1.44318397651731,5.388796544777645
2023,IL,Cardiac Surgery,99215,"Established patient office or other outpatient visit, 40-54 minutes",O,4,4,135,150.0,21741.93000005,1.1173992673992674,2.2998687374592364
2024,IN,General Surgery,99215,"Established patient office or other outpatient visit with high level of medical decision making, if using time, 40 minutes or more",F,7,7,187,215.0,21728.489999493002,1.1823593073593075,2.3903312766001856
2023,IN,Orthopedic Surgery,99204,"New patient office or other outpatient visit, 45-59 minutes",F,10,10,253,253.0,21703.020000009,1.0,2.068398061846316
2024,IL,Certified Clinical Nurse Specialist,99213,"Established patient office or other outpatient visit with low level od decision making, if using time, 20 minutes or more",F,8,8,346,535.0,21652.740000012003,1.2969906753874145,3.784934462894588
2024,IN,Allergy/ Immunology,99215,"Established patient office or other outpatient visit with high level of medical decision making, if using time, 40 minutes or more",O,9,9,146,174.0,21522.56000006,1.1932713256242669,1.7609141188955546
2023,IN,Clinical Cardiac Electrophysiology,99204,"New patient office or other outpatient visit, 45-59 minutes",F,8,8,229,229.0,21478.559999972,1.0,2.4462384757506905
2024,IN,Neurology,99213,"Established patient office or other outpatient visit with low level od decision making, if using time, 20 minutes or more",F,18,18,421,485.0,21236.469999972,1.1186665371345403,2.2445338339399616
2024,IL,Certified Registered Nurse Anesthetist (CRNA),99213,"Established patient office or other outpatient visit with low level od decision making, if using time, 20 minutes or more",F,4,4,255,446.0,21155.20000005,1.5833780280682936,2.673529122621726
2023,IN,Internal Medicine,99203,"New patient office or other outpatient visit, 30-44 minutes",F,8,8,385,385.0,21131.039999942,1.0,2.86577190873775
2024,IL,Pediatric Medicine,99203,"New patient office or other outpatient visit with low level of medical decision making, if using time, 30 minutes or more",O,6,6,300,301.0,21125.210000024003,1.0014492753623188,2.066423705105285
2023,IN,Gastroenterology,99204,"New patient office or other outpatient visit, 45-59 minutes",F,13,13,235,235.0,21122.619999984,1.0,2.463747788574958
2024,IN,Nephrology,99203,"New patient office or other outpatient visit with low level of medical decision making, if using time, 30 minutes or more",O,15,15,306,306.0,21070.960000025,1.0,1.9806474173163662
2024,IN,Gastroenterology,99213,"Established patient office or other outpatient visit with low level od decision making, if using time, 20 minutes or more",F,14,14,384,477.0,20967.349999922,1.1304010943161886,2.2185456693054957
2023,IN,Undersea and Hyperbaric Medicine,99213,"Established patient office or other outpatient visit, 20-29 minutes",F,1,1,54,453.0,20903.969999967,8.38888888888889,2.831354247810617
2023,IN,Anesthesiology,99204,"New patient office or other outpatient visit, 45-59 minutes",F,5,5,229,229.0,20853.999999996,1.0,2.9070598270694945
2023,IN,Preventive Medicine,99214,"Established patient office or other outpatient visit, 30-39 minutes",O,1,1,151,249.0,20823.630000105,1.6490066225165563,2.535977252516337
2023,IN,Pediatric Medicine,99213,"Established patient office or other outpatient visit, 20-29 minutes",O,4,4,327,387.0,20742.800000037,1.1387463111601042,1.8571871881537554
2023,IL,Diagnostic Radiology,99203,"New patient office or other outpatient visit, 30-44 minutes",O,11,11,246,246.0,20735.399999982,1.0,2.124598022609695
2024,IL,Maxillofacial Surgery,99203,"New patient office or other outpatient visit with low level of medical decision making, if using time, 30 minutes or more",O,12,12,272,273.0,20682.859999965,1.0018518518518518,2.2950605243038136
2024,IL,Peripheral Vascular Disease,99213,"Established patient office or other outpatient visit with low level od decision making, if using time, 20 minutes or more",O,2,2,227,311.0,20364.180000033,1.3710215804999224,2.302846154057801
2023,IL,General Practice,99203,"New patient office or other outpatient visit, 30-44 minutes",O,7,7,242,242.0,20345.570000016,1.0,2.17970717176668
2023,IN,Surgical Oncology,99232,"Subsequent hospital care with moderate levelof medical decision making, if using time, at least 35 minutes",F,3,3,165,337.0,20292.81,1.8445882074914335,1.6512268766063867
2024,IN,Hospice and Palliative Care,99214,"Established patient office or other outpatient visit with moderate level of decision making, if using time, 30 minutes or more",F,6,6,225,316.0,20245.480000035,1.4383342352092352,1.554644707442572
2023,IL,Pediatric Medicine,99285,Emergency department visit with high level of medical decision making,F,1,1,143,149.0,20194.92999955,1.0419580419580419,6.800098641684067
2023,IN,Plastic and Reconstructive Surgery,99213,"Established patient office or other outpatient visit, 20-29 minutes",F,6,6,224,441.0,20112.240000136997,1.6504555583591307,2.654009288072758
2024,IL,Certified Nurse Midwife,99213,"Established patient office or other outpatient visit with low level od decision making, if using time, 20 minutes or more",O,12,12,284,348.0,19999.940000033,1.200052339635673,2.4005947301886206
2023,IN,Podiatry,99204,"New patient office or other outpatient visit, 45-59 minutes",F,11,11,214,214.0,19962.710000012,1.0,2.1329389908599703
2024,IL,Medical Oncology,99204,"New patient office or other outpatient visit with moderate level of medical decision making, if using time, 45 minutes or more",F,7,7,201,201.0,19934.609999794,1.0,2.9123048921914085
2024,IN,Surgical Oncology,99232,"Subsequent hospital care with moderate levelof medical decision making, if using time, at least 35 minutes",F,3,3,173,346.0,19896.419999988,2.178049967553537,1.7832246559153961
2024,IL,Dermatology,99215,"Established patient office or other outpatient visit with high level of medical decision making, if using time, 40 minutes or more",F,2,2,80,188.0,19890.649999682,2.269592476489028,3.0338112761000984
2023,IN,Micrographic Dermatologic Surgery,99204,"New patient office or other outpatient visit, 45-59 minutes",O,3,3,188,188.0,19884.410000712,1.0,1.6920107866755403
2024,IL,Pulmonary Disease,99203,"New patient office or other outpatient visit with low level of medical decision making, if using time, 30 minutes or more",F,11,11,343,343.0,19867.000000033,1.0,2.6470507643492884
2023,IL,Certified Registered Nurse Anesthetist (CRNA),99214,"Established patient office or other outpatient visit, 30-39 minutes",F,2,2,162,275.0,19839.689999972,1.844590368980613,4.146254757937053
2023,IN,Urology,99204,"New patient office or other outpatient visit, 45-59 minutes",F,8,8,223,223.0,19822.689999996,1.0,2.3713359047370512
2023,IL,Pain Management,99215,"Established patient office or other outpatient visit, 40-54 minutes",F,2,2,162,169.0,19814.0199998,1.023489932885906,3.220158918035848
2024,IN,Obstetrics & Gynecology,99215,"Established patient office or other outpatient visit with high level of medical decision making, if using time, 40 minutes or more",F,3,3,135,183.0,19460.559999694997,1.2285714285714286,2.898374843884598
2023,IN,Hospitalist,99213,"Established patient office or other outpatient visit, 20-29 minutes",F,7,7,271,396.0,19396.760000075,1.335631755210187,2.204895894532941
2023,IL,Certified Clinical Nurse Specialist,99203,"New patient office or other outpatient visit, 30-44 minutes",O,4,4,306,306.0,19378.269999962,1.0,2.8619928870185474
2023,IN,Surgical Oncology,99204,"New patient office or other outpatient visit, 45-59 minutes",O,6,6,161,161.0,19302.36000027,1.0,1.9849229283247845
2023,IN,Pediatric Medicine,99215,"Established patient office or other outpatient visit, 40-54 minutes",O,3,3,141,174.0,19259.74999988,1.2254329004329005,2.0309047844495582
2023,IN,Cardiac Surgery,99232,"Subsequent hospital care with moderate levelof medical decision making, if using time, at least 35 minutes",F,4,4,211,331.0,19235.50999998,1.4675068033890697,2.2818269973872654
2024,IN,Hematopoietic Cell Transplantation and Cellular Therapy,99214,"Established patient office or other outpatient visit with moderate level of decision making, if using time, 30 minutes or more",F,1,1,113,272.0,19136.73,2.4070796460176993,2.7773330414320014
2023,IL,General Surgery,97110,"Therapy procedure using exercise to develop strength, endurance, range of motion, and flexibility, each 15 minutes",O,1,1,33,931.0,19027.680000147,28.21212121212121,1.6846382863277618
2023,IL,Pediatric Medicine,99203,"New patient office or other outpatient visit, 30-44 minutes",O,7,7,247,247.0,18976.939999993,1.0,2.4974125153675986
2024,IN,Otolaryngology,99213,"Established patient office or other outpatient visit with low level od decision making, if using time, 20 minutes or more",F,9,9,335,419.0,18971.910000004,1.1737585837745503,2.2059466682830915
2024,IL,Oral Surgery (Dentist only),99203,"New patient office or other outpatient visit with low level of medical decision making, if using time, 30 minutes or more",O,4,4,235,235.0,18965.780000017,1.0,2.0677233168417493
2024,IL,Cardiac Surgery,99203,"New patient office or other outpatient visit with low level of medical decision making, if using time, 30 minutes or more",O,9,9,223,223.0,18963.670000006,1.0,2.4754365779068936
2024,IL,General Surgery,97110,"Therapy procedure using exercise to develop strength, endurance, range of motion, and flexibility, each 15 minutes",O,1,1,38,1043.0,18962.019999608,27.44736842105263,1.832611702992679
2023,IN,Otolaryngology,99204,"New patient office or other outpatient visit, 45-59 minutes",F,7,7,207,207.0,18843.299999963,1.0,2.271191308711176
2024,IN,Pediatric Medicine,99213,"Established patient office or other outpatient visit with low level od decision making, if using time, 20 minutes or more",O,5,5,282,340.0,18825.219999982997,1.1824506559678747,1.659216095967301
2023,IN,Emergency Medicine,99215,"Established patient office or other outpatient visit, 40-54 minutes",F,3,3,85,177.0,18758.08999959,1.6904761904761905,2.7167518004017768
2024,IN,Thoracic Surgery,99203,"New patient office or other outpatient visit with low level of medical decision making, if using time, 30 minutes or more",O,8,8,213,213.0,18715.029999946,1.0,2.178867425178483
2024,IN,Surgical Oncology,99213,"Established patient office or other outpatient visit with low level od decision making, if using time, 20 minutes or more",O,6,6,267,311.0,18547.900000041,1.13508194031772,1.58516649966173
2024,IN,Geriatric Medicine,99204,"New patient office or other outpatient visit with moderate level of medical decision making, if using time, 45 minutes or more",O,6,6,217,217.0,18530.779999774,1.0,2.3585949789287786
2024,IL,Certified Clinical Nurse Specialist,99203,"New patient office or other outpatient visit with low level of medical decision making, if using time, 30 minutes or more",O,4,4,298,298.0,18505.340000006,1.0,3.0794047262993747
2023,IN,Pediatric Medicine,99232,"Subsequent hospital care with moderate levelof medical decision making, if using time, at least 35 minutes",F,4,4,137,312.0,18479.3,2.243594028520499,1.7469660949318186
2024,IN,Hospice and Palliative Care,99213,"Established patient office or other outpatient visit with low level od decision making, if using time, 20 minutes or more",O,5,5,228,332.0,18438.399999934,1.3994468469535855,1.7616988035143586
2023,IL,Critical Care (Intensivists),99204,"New patient office or other outpatient visit, 45-59 minutes",F,4,4,188,188.0,18378.879999989,1.0,2.3052608636721628
2024,IN,Sleep Medicine,99215,"Established patient office or other outpatient visit with high level of medical decision making, if using time, 40 minutes or more",O,6,6,139,159.0,18307.549999745002,1.1157755499860762,1.798223362335375
2023,IL,Undefined Physician type,99203,"New patient office or other outpatient visit, 30-44 minutes",O,1,1,215,215.0,18104.739999945,1.0,1.9915004929950924
2023,IL,Vascular Surgery,99215,"Established patient office or other outpatient visit, 40-54 minutes",F,5,5,135,164.0,18096.759999502,1.1414458560193588,3.639091386452359
2024,IN,Pediatric Medicine,99215,"Established patient office or other outpatient visit with high level of medical decision making, if using time, 40 minutes or more",O,3,3,133,159.0,17983.180000289998,1.1969444444444444,1.8061889695539737
2024,IL,Certified Registered Nurse Anesthetist (CRNA),99214,"Established patient office or other outpatient visit with moderate level of decision making, if using time, 30 minutes or more",F,5,5,180,256.0,17930.779999969,1.3026598173515982,2.4777130614804856
2023,IN,Neurology,99213,"Established patient office or other outpatient visit, 20-29 minutes",F,13,13,328,401.0,17902.779999952,1.1777252748653362,2.322807601467141
2024,IL,Micrographic Dermatologic Surgery,99204,"New patient office or other outpatient visit with moderate level of medical decision making, if using time, 45 minutes or more",O,1,1,143,143.0,17902.7699994,1.0,2.0552380552028495
2024,IN,Internal Medicine,99203,"New patient office or other outpatient visit with low level of medical decision making, if using time, 30 minutes or more",F,9,9,355,355.0,17855.259999896,1.0,2.737780823066499
2024,IN,Micrographic Dermatologic Surgery,99204,"New patient office or other outpatient visit with moderate level of medical decision making, if using time, 45 minutes or more",O,2,2,159,159.0,17825.45000035,1.0,2.133726663269439
2024,IL,Surgical Oncology,99203,"New patient office or other outpatient visit with low level of medical decision making, if using time, 30 minutes or more",O,6,6,209,209.0,17808.140000014,1.0,2.540828860071175
2024,IL,Thoracic Surgery,99213,"Established patient office or other outpatient visit with low level od decision making, if using time, 20 minutes or more",F,9,9,293,359.0,17712.180000026,1.2140432361851063,3.4515335338977713
2023,IL,Dermatology,99215,"Established patient office or other outpatient visit, 40-54 minutes",F,3,3,88,155.0,17681.26999996,1.7180246913580248,2.6826923569322965
2024,IN,Thoracic Surgery,99232,"Subsequent hospital care with moderate levelof medical decision making, if using time, at least 35 minutes",F,10,10,189,313.0,17643.519999986,1.680060269118734,2.246536334911653
2023,IN,Emergency Medicine,99203,"New patient office or other outpatient visit, 30-44 minutes",F,16,16,346,346.0,17633.529999984,1.0,3.6503553940948574
2023,IL,Oral Surgery (Dentist only),99203,"New patient office or other outpatient visit, 30-44 minutes",O,9,9,238,238.0,17632.400000003,1.0,2.0798827320023334
2023,IN,Diagnostic Radiology,99203,"New patient office or other outpatient visit, 30-44 minutes",O,6,6,226,226.0,17616.859999988,1.0,2.336146030431002
2023,IL,Surgical Oncology,99204,"New patient office or other outpatient visit, 45-59 minutes",F,10,10,168,168.0,17553.689999862,1.0,3.4516138480312577
2024,IN,Plastic and Reconstructive Surgery,99213,"Established patient office or other outpatient visit with low level od decision making, if using time, 20 minutes or more",F,4,4,169,392.0,17550.590000022,1.842639705882353,2.4908551534322294
2024,IL,Sleep Medicine,99213,"Established patient office or other outpatient visit with low level od decision making, if using time, 20 minutes or more",F,3,3,315,337.0,17512.070000033,1.0685857687575377,1.4397200708622107
2023,IN,Interventional Cardiology,99203,"New patient office or other outpatient visit, 30-44 minutes",O,12,12,244,244.0,17425.840000026,1.0,1.845749487467492
2023,IL,Interventional Radiology,99215,"Established patient office or other outpatient visit, 40-54 minutes",F,3,3,130,146.0,17406.6099999,1.0835748792270532,2.6077389408041465
2023,IN,Sleep Medicine,99215,"Established patient office or other outpatient visit, 40-54 minutes",O,5,5,122,147.0,17300.22000023,1.1550980392156862,1.895780076495646
2024,IN,Endocrinology,99204,"New patient office or other outpatient visit with moderate level of medical decision making, if using time, 45 minutes or more",F,9,9,192,192.0,17258.809999988,1.0,2.245601047583298
2023,IN,Hospice and Palliative Care,99214,"Established patient office or other outpatient visit, 30-39 minutes",F,5,5,180,249.0,17179.250000043998,1.415803024767219,1.514282662393018
2024,IN,Interventional Cardiology,99203,"New patient office or other outpatient visit with low level of medical decision making, if using time, 30 minutes or more",O,11,11,267,267.0,17177.339999989,1.0,1.8225272262735792
2023,IN,Gastroenterology,99215,"Established patient office or other outpatient visit, 40-54 minutes",F,10,10,165,180.0,17129.199999926,1.0869666473877,2.1444409870978705
2024,IL,Rheumatology,99232,"Subsequent hospital care with moderate levelof medical decision making, if using time, at least 35 minutes",F,9,9,155,277.0,17081.740000033,1.8587472582357494,2.457625363771022
2024,IN,Sleep Medicine,99203,"New patient office or other outpatient visit with low level of medical decision making, if using time, 30 minutes or more",O,7,7,244,244.0,17079.61000002,1.0,1.6650714362812675
2024,IL,Optometry,99204,"New patient office or other outpatient visit with moderate level of medical decision making, if using time, 45 minutes or more",F,7,7,174,174.0,17071.220000018,1.0,4.096465031400672
2024,IN,Cardiac Surgery,99213,"Established patient office or other outpatient visit with low level od decision making, if using time, 20 minutes or more",O,5,5,286,294.0,17024.110000006,1.0233281704301513,1.5065911687211888
2024,IN,Undersea and Hyperbaric Medicine,99213,"Established patient office or other outpatient visit with low level od decision making, if using time, 20 minutes or more",F,1,1,61,401.0,17018.27000006,6.573770491803279,2.706575365552069
2024,IL,Colorectal Surgery (Proctology),99215,"Established patient office or other outpatient visit with high level of medical decision making, if using time, 40 minutes or more",F,6,6,137,153.0,17017.72999997,1.1088075880758808,2.168448032003928
2024,IL,Obstetrics & Gynecology,99232,"Subsequent hospital care with moderate levelof medical decision making, if using time, at least 35 minutes",F,7,7,110,258.0,17016.549999992,2.4896413110698825,2.5909359761497037
2023,IN,Cardiac Surgery,99213,"Established patient office or other outpatient visit, 20-29 minutes",O,6,6,277,288.0,16968.339999933,1.0429594861660079,1.4786221004955238
2023,IL,Plastic and Reconstructive Surgery,99204,"New patient office or other outpatient visit, 45-59 minutes",F,8,8,171,171.0,16918.86999997,1.0,3.8623700715329394
2023,IL,Hematology,99204,"New patient office or other outpatient visit, 45-59 minutes",O,2,2,129,129.0,16911.46000035,1.0,3.0999322521385873
2024,IN,Infectious Disease,99215,"Established patient office or other outpatient visit with high level of medical decision making, if using time, 40 minutes or more",F,4,4,84,162.0,16846.129999769997,1.5806850806850807,2.0052961889330168
2024,IN,Critical Care (Intensivists),99285,Emergency department visit with high level of medical decision making,F,2,2,123,124.0,16845.41999969,1.0049019607843137,7.270203536021103
2023,IL,Micrographic Dermatologic Surgery,99203,"New patient office or other outpatient visit, 30-44 minutes",O,4,4,220,220.0,16796.859999997,1.0,2.026841103004205
2023,IN,Diagnostic Radiology,99213,"Established patient office or other outpatient visit, 20-29 minutes",F,2,2,135,341.0,16783.830000055,1.944954128440367,2.6386254905087894
2023,IN,Thoracic Surgery,99232,"Subsequent hospital care with moderate levelof medical decision making, if using time, at least 35 minutes",F,10,10,173,289.0,16780.430000019,1.6544624284097966,2.0595060157914755
2023,IN,Interventional Pain Management,99214,"Established patient office or other outpatient visit, 30-39 minutes",F,2,2,111,239.0,16734.390000027997,1.7531289111389237,1.8039420368268917
2024,IL,Cardiology,99203,"New patient office or other outpatient visit with low level of medical decision making, if using time, 30 minutes or more",F,10,10,290,290.0,16581.159999995998,1.0,3.12068987894663
2023,IN,Anesthesiology,99203,"New patient office or other outpatient visit, 30-44 minutes",F,7,7,287,287.0,16570.580000004,1.0,2.390714241440011
2023,IL,Pathology,99232,"Subsequent hospital care with moderate levelof medical decision making, if using time, at least 35 minutes",F,1,1,34,270.0,16567.71000003,7.9411764705882355,2.036674514337053
2024,IL,Micrographic Dermatologic Surgery,99203,"New patient office or other outpatient visit with low level of medical decision making, if using time, 30 minutes or more",O,5,5,206,206.0,16550.060000036,1.0,2.0493678932705315
2024,IL,Interventional Radiology,99215,"Established patient office or other outpatient visit with high level of medical decision making, if using time, 40 minutes or more",O,4,4,87,127.0,16489.52000043,1.3833984642808173,2.7617427120284654
2023,IL,Certified Clinical Nurse Specialist,99204,"New patient office or other outpatient visit, 45-59 minutes",O,5,5,183,183.0,16478.339999985,1.0,2.625960254385541
2023,IN,Colorectal Surgery (Proctology),99213,"Established patient office or other outpatient visit, 20-29 minutes",F,4,4,187,340.0,16202.520000042,1.5911221017065347,2.3270578201219387
2024,IN,Colorectal Surgery (Proctology),99215,"Established patient office or other outpatient visit with high level of medical decision making, if using time, 40 minutes or more",O,6,6,107,130.0,16115.88999965,1.1406288641582758,1.9588127957507993
2024,IL,Pediatric Medicine,99285,Emergency department visit with high level of medical decision making,F,1,1,118,120.0,16115.249999999998,1.0169491525423728,7.175631986857313
2024,IN,Otolaryngology,99204,"New patient office or other outpatient visit with moderate level of medical decision making, if using time, 45 minutes or more",F,5,5,185,185.0,16098.530000022001,1.0,2.0943273128383018
2024,IL,Plastic and Reconstructive Surgery,99204,"New patient office or other outpatient visit with moderate level of medical decision making, if using time, 45 minutes or more",F,7,7,158,158.0,16075.110000044002,1.0,3.931782594946379
2023,IN,Psychiatry,99204,"New patient office or other outpatient visit, 45-59 minutes",O,8,8,149,149.0,16071.630000002,1.0,1.9984673415669862
2023,IL,Thoracic Surgery,99215,"Established patient office or other outpatient visit, 40-54 minutes",F,5,5,119,139.0,15913.93000015,1.1777401205032785,2.5693525325290274
2024,IN,Diagnostic Radiology,99203,"New patient office or other outpatient visit with low level of medical decision making, if using time, 30 minutes or more",O,3,3,200,201.0,15846.80000002,1.0019607843137255,2.94499308062839
2023,IL,Anesthesiology,99203,"New patient office or other outpatient visit, 30-44 minutes",F,10,10,251,251.0,15810.290000052,1.0,4.754066173743995
2024,IL,Undersea and Hyperbaric Medicine,99214,"Established patient office or other outpatient visit with moderate level of decision making, if using time, 30 minutes or more",F,2,2,93,211.0,15800.679999941,2.243488372093023,2.1298325034486045
2023,IN,Allergy/ Immunology,99213,"Established patient office or other outpatient visit, 20-29 minutes",F,1,1,49,318.0,15757.049999964001,6.489795918367347,3.5769114999182174
2024,IL,Critical Care (Intensivists),99215,"Established patient office or other outpatient visit with high level of medical decision making, if using time, 40 minutes or more",F,4,4,93,142.0,15747.7099996,1.2630970724191064,1.973464810077189
2024,IL,Colorectal Surgery (Proctology),99215,"Established patient office or other outpatient visit with high level of medical decision making, if using time, 40 minutes or more",O,5,5,94,114.0,15725.96000009,1.1666412019353196,1.2613124318547033
2024,IL,Thoracic Surgery,99214,"Established patient office or other outpatient visit with moderate level of decision making, if using time, 30 minutes or more",F,6,6,177,220.0,15704.960000018,1.1779478669828054,3.053812326559854
2024,IL,Critical Care (Intensivists),99203,"New patient office or other outpatient visit with low level of medical decision making, if using time, 30 minutes or more",O,4,4,198,198.0,15692.700000052,1.0,2.582415856021214
2024,IN,Gastroenterology,99204,"New patient office or other outpatient visit with moderate level of medical decision making, if using time, 45 minutes or more",F,10,10,177,177.0,15664.199999989,1.0,2.160824731751193
2024,IL,Advanced Heart Failure and Transplant Cardiology,99204,"New patient office or other outpatient visit with moderate level of medical decision making, if using time, 45 minutes or more",O,4,4,122,122.0,15645.60000002,1.0,2.4915565968709372
2024,IN,Cardiac Surgery,99232,"Subsequent hospital care with moderate levelof medical decision making, if using time, at least 35 minutes",F,2,2,163,276.0,15589.210000082,1.6629273504273505,1.9447252949122809
2024,IN,Osteopathic Manipulative Medicine,99215,"Established patient office or other outpatient visit with high level of medical decision making, if using time, 40 minutes or more",O,3,3,94,125.0,15560.080000320002,1.3759844101575058,1.8212071308802738
2023,IN,Rheumatology,99203,"New patient office or other outpatient visit, 30-44 minutes",O,8,8,226,226.0,15419.219999977,1.0,2.067809678000376
2023,IN,Physical Medicine and Rehabilitation,99215,"Established patient office or other outpatient visit, 40-54 minutes",F,4,4,122,149.0,15316.459999749,1.2835340022296544,2.207522962322934
2024,IN,Endocrinology,99215,"Established patient office or other outpatient visit with high level of medical decision making, if using time, 40 minutes or more",F,6,6,134,155.0,15239.430000046,1.0989375378100423,1.9893509036100514
2024,IL,Undefined Physician type,99203,"New patient office or other outpatient visit with low level of medical decision making, if using time, 30 minutes or more",O,1,1,189,189.0,15232.630000014002,1.0,2.030297944878012
2023,IN,Hand Surgery,99215,"Established patient office or other outpatient visit, 40-54 minutes",O,5,5,113,122.0,15143.71999972,1.0723874165050635,1.9757658743047224
2024,IL,Medical Oncology,99203,"New patient office or other outpatient visit with low level of medical decision making, if using time, 30 minutes or more",O,8,8,218,218.0,15057.260000031001,1.0,2.3757444704809303
2023,IN,Vascular Surgery,99215,"Established patient office or other outpatient visit, 40-54 minutes",F,1,1,115,148.0,15041.4699994,1.2869565217391303,1.402951825924966
2024,IL,Hand Surgery,99215,"Established patient office or other outpatient visit with high level of medical decision making, if using time, 40 minutes or more",O,3,3,111,115.0,14973.02000008,1.0501054852320675,1.9694409637193317
2024,IN,Urology,99215,"Established patient office or other outpatient visit with high level of medical decision making, if using time, 40 minutes or more",F,6,6,135,144.0,14967.29000037,1.0736472750019548,2.7426577128986818
2024,IL,General Practice,99203,"New patient office or other outpatient visit with low level of medical decision making, if using time, 30 minutes or more",O,7,7,197,197.0,14906.990000022999,1.0,1.9630129806438603
2023,IL,Hospitalist,99203,"New patient office or other outpatient visit, 30-44 minutes",F,8,8,240,241.0,14868.899999962,1.0036764705882353,2.8506453326437278
2023,IL,Nephrology,99232,"Subsequent hospital care with moderate levelof medical decision making, if using time, at least 35 minutes",O,10,10,193,241.0,14843.19,1.2372346477052358,3.5782328055756794
2023,IN,Sports Medicine,99215,"Established patient office or other outpatient visit, 40-54 minutes",O,4,4,100,115.0,14829.28000017,1.1683962706146926,1.8733296913442299
2023,IN,Endocrinology,99203,"New patient office or other outpatient visit, 30-44 minutes",O,6,6,206,206.0,14756.479999983001,1.0,1.8385866110880016
2023,IL,Hospitalist,99203,"New patient office or other outpatient visit, 30-44 minutes",O,9,9,198,198.0,14708.070000003001,1.0,1.7637316203109996
2024,IN,Certified Clinical Nurse Specialist,99232,"Subsequent hospital care with moderate levelof medical decision making, if using time, at least 35 minutes",F,4,4,139,299.0,14593.019999896,1.7130097373556676,2.3415709835174225
2023,IL,Hematology,99213,"Established patient office or other outpatient visit, 20-29 minutes",O,8,8,200,219.0,14589.88000005,1.082848944533727,2.1800488441099697
2024,IN,Physician Assistant,99203,"New patient office or other outpatient visit with low level of medical decision making, if using time, 30 minutes or more",F,15,15,320,320.0,14549.039999972001,1.0,3.5013553619551847
2023,IL,Advanced Heart Failure and Transplant Cardiology,99204,"New patient office or other outpatient visit, 45-59 minutes",O,4,4,109,109.0,14542.99999998,1.0,2.4014981245379166
2023,IL,Maxillofacial Surgery,99215,"Established patient office or other outpatient visit, 40-54 minutes",F,1,1,46,129.0,14513.160000119999,2.8043478260869565,5.221980792865024
2024,IN,Anesthesiology,99203,"New patient office or other outpatient visit with low level of medical decision making, if using time, 30 minutes or more",F,7,7,257,257.0,14419.830000015,1.0,2.9584166829311003
2023,IL,Undefined Physician type,99214,"Established patient office or other outpatient visit, 30-39 minutes",F,1,1,119,190.0,14323.37000005,1.596638655462185,4.94714418868727
2024,IN,Psychiatry,99204,"New patient office or other outpatient visit with moderate level of medical decision making, if using time, 45 minutes or more",O,7,7,136,136.0,14251.600000035,1.0,1.9564954705626545
2024,IL,Cardiac Surgery,99204,"New patient office or other outpatient visit with moderate level of medical decision making, if using time, 45 minutes or more",F,6,6,140,140.0,14248.099999988,1.0,3.1663856696312194
2023,IN,Otolaryngology,99203,"New patient office or other outpatient visit, 30-44 minutes",F,5,5,269,269.0,14247.269999919,1.0,2.549154464263061
2023,IL,Critical Care (Intensivists),99215,"Established patient office or other outpatient visit, 40-54 minutes",F,3,3,75,119.0,14237.36999984,1.2933333333333332,3.1107258238052595
2023,IL,Sleep Medicine,99213,"Established patient office or other outpatient visit, 20-29 minutes",F,3,3,256,275.0,14172.629999912,1.0573870573870574,1.498827493505031
2024,IN,Hematology,99215,"Established patient office or other outpatient visit with high level of medical decision making, if using time, 40 minutes or more",O,2,2,62,119.0,14159.97000012,2.080043859649123,3.1188849894803186
2023,IN,Family Practice,97110,"Therapy procedure using exercise to develop strength, endurance, range of motion, and flexibility, each 15 minutes",O,2,2,71,790.0,14121.149999866002,7.028787878787879,3.232021424252535
2024,IL,Maxillofacial Surgery,99215,"Established patient office or other outpatient visit with high level of medical decision making, if using time, 40 minutes or more",F,1,1,52,130.0,14055.7900002,2.5,5.44864435977219
2024,IN,Pediatric Medicine,99232,"Subsequent hospital care with moderate levelof medical decision making, if using time, at least 35 minutes",F,3,3,84,247.0,14010.059999928,2.8537999037999042,1.812174121337069
2023,IL,Hematology,99204,"New patient office or other outpatient visit, 45-59 minutes",F,4,4,139,139.0,13995.22999983,1.0,1.8012181259567936
2023,IL,Pediatric Medicine,99215,"Established patient office or other outpatient visit, 40-54 minutes",F,3,3,81,132.0,13989.670000065002,1.6077005701065852,3.5759362777843706
2023,IN,General Practice,99215,"Established patient office or other outpatient visit, 40-54 minutes",O,2,2,82,125.0,13981.600000195,1.4564660691421254,1.7784781701825354
2024,IN,Addiction Medicine,99214,"Established patient office or other outpatient visit with moderate level of decision making, if using time, 30 minutes or more",O,1,1,133,137.0,13947.520000210001,1.0300751879699248,1.5784573977986678
2023,IL,Dentist,99203,"New patient office or other outpatient visit, 30-44 minutes",O,5,5,160,160.0,13923.209999974,1.0,2.6034518717001895
2023,IN,Certified Clinical Nurse Specialist,99215,"Established patient office or other outpatient visit, 40-54 minutes",O,3,3,50,130.0,13796.58000016,2.9536541889483066,1.450051378140709
2023,IL,Certified Nurse Midwife,99213,"Established patient office or other outpatient visit, 20-29 minutes",F,2,2,211,259.0,13743.320000064,1.8304421768707484,1.5652753647048836
2023,IN,Interventional Radiology,99214,"Established patient office or other outpatient visit, 30-39 minutes",O,5,5,134,152.0,13711.72999997,1.1680200501253133,2.8093183188894764
2024,IN,Colorectal Surgery (Proctology),99214,"Established patient office or other outpatient visit with moderate level of decision making, if using time, 30 minutes or more",F,1,1,80,194.0,13657.650000008,2.425,2.166664007519562
2024,IN,Pulmonary Disease,99285,Emergency department visit with high level of medical decision making,F,2,2,106,108.0,13640.48000014,1.0123456790123457,2.562948357887272
2023,IL,Diagnostic Radiology,99232,"Subsequent hospital care with moderate levelof medical decision making, if using time, at least 35 minutes",F,3,3,194,204.0,13587.749999976,1.0666729050671409,2.070341669822135
2023,IL,Plastic and Reconstructive Surgery,99203,"New patient office or other outpatient visit, 30-44 minutes",F,12,12,222,222.0,13555.400000014,1.0,3.759278124818392
2024,IL,Oral Surgery (Dentist only),99214,"Established patient office or other outpatient visit with moderate level of decision making, if using time, 30 minutes or more",O,2,2,80,144.0,13505.040000048999,1.653061224489796,2.1527485001800946
2024,IN,Critical Care (Intensivists),99203,"New patient office or other outpatient visit with low level of medical decision making, if using time, 30 minutes or more",O,9,9,183,183.0,13446.490000002,1.0,1.9706763964559768
2023,IN,Vascular Surgery,99213,"Established patient office or other outpatient visit, 20-29 minutes",F,6,6,213,293.0,13439.759999936,1.4749380450467406,2.085638798169748
2024,IL,Hand Surgery,99203,"New patient office or other outpatient visit with low level of medical decision making, if using time, 30 minutes or more",F,4,4,209,209.0,13411.370000068,1.0,3.6644592641319598
2024,IN,Gynecological Oncology,99215,"Established patient office or other outpatient visit with high level of medical decision making, if using time, 40 minutes or more",F,6,6,93,135.0,13411.109999842,1.510200746965453,1.628676571327155
2024,IN,Hospitalist,99213,"Established patient office or other outpatient visit with low level od decision making, if using time, 20 minutes or more",F,8,8,212,281.0,13400.670000067,1.1814338235294117,2.173365440439805
2024,IN,Certified Clinical Nurse Specialist,99214,"Established patient office or other outpatient visit with moderate level of decision making, if using time, 30 minutes or more",F,5,5,132,248.0,13383.590000006001,1.8725162271805273,2.31499199286013
2024,IL,Adult Congenital Heart Disease,99214,"Established patient office or other outpatient visit with moderate level of decision making, if using time, 30 minutes or more",F,1,1,134,187.0,13380.040000041,1.3955223880597014,2.2195285428604086
2024,IL,Undefined Physician type,99214,"Established patient office or other outpatient visit with moderate level of decision making, if using time, 30 minutes or more",F,1,1,126,189.0,13328.119999970999,1.5,5.096605486053536
2024,IN,Allergy/ Immunology,99213,"Established patient office or other outpatient visit with low level od decision making, if using time, 20 minutes or more",F,1,1,58,265.0,13252.080000105001,4.568965517241379,3.7533826480292807
2024,IN,Vascular Surgery,99215,"Established patient office or other outpatient visit with high level of medical decision making, if using time, 40 minutes or more",F,2,2,108,128.0,13195.80000018,1.1418181818181818,2.067345815498145
2024,IN,Nurse Practitioner,97110,"Therapy procedure using exercise to develop strength, endurance, range of motion, and flexibility, each 15 minutes",O,2,2,124,909.0,13183.560000315,7.322916666666666,2.2137425984401786
2023,IN,Infectious Disease,99215,"Established patient office or other outpatient visit, 40-54 minutes",F,6,6,99,131.0,13136.929999871,1.2744644244644245,2.005882005836425
2024,IN,Thoracic Surgery,99204,"New patient office or other outpatient visit with moderate level of medical decision making, if using time, 45 minutes or more",F,5,5,131,131.0,13135.34000008,1.0,2.6970097070744554
2024,IL,Advanced Heart Failure and Transplant Cardiology,93000,Routine electrocardiogram (ecg) using at least 12 leads with interpretation and report,O,11,11,947,1146.0,13084.6900000814,1.123864653199898,6.350525115890132
2023,IL,Medical Oncology,99203,"New patient office or other outpatient visit, 30-44 minutes",O,5,5,171,171.0,13069.080000041,1.0,2.855797839249956
2023,IL,Oral Surgery (Dentist only),99204,"New patient office or other outpatient visit, 45-59 minutes",O,5,5,112,112.0,13040.16999994,1.0,1.7489933500401693
2023,IL,Pediatric Medicine,99214,"Established patient office or other outpatient visit, 30-39 minutes",F,5,5,115,180.0,13027.080000031001,1.4801136363636362,5.111731189907746
2024,IN,Otolaryngology,99232,"Subsequent hospital care with moderate levelof medical decision making, if using time, at least 35 minutes",F,8,8,120,226.0,13003.659999952,1.8288213012477719,2.3282325044607357
2024,IN,Physical Medicine and Rehabilitation,99215,"Established patient office or other outpatient visit with high level of medical decision making, if using time, 40 minutes or more",F,4,4,104,131.0,12987.859999942,1.351196410767697,2.190417108460332
2024,IL,Undersea and Hyperbaric Medicine,99215,"Established patient office or other outpatient visit with high level of medical decision making, if using time, 40 minutes or more",F,1,1,63,114.0,12845.72000046,1.8095238095238095,2.0278935405571046
2023,IN,Pain Management,99215,"Established patient office or other outpatient visit, 40-54 minutes",F,3,3,86,121.0,12801.63999998,1.4366174055829228,2.207907616090259
2023,IL,Colorectal Surgery (Proctology),99215,"Established patient office or other outpatient visit, 40-54 minutes",O,4,4,76,88.0,12775.70999986,1.1404730327144121,1.3356110175417553
2023,IL,Sports Medicine,97110,"Therapy procedure using exercise to develop strength, endurance, range of motion, and flexibility, each 15 minutes",O,2,2,38,709.0,12745.839999814,17.775,4.1941323024263575
2024,IL,Diagnostic Radiology,99215,"Established patient office or other outpatient visit with high level of medical decision making, if using time, 40 minutes or more",O,5,5,83,97.0,12630.859999979999,1.141396103896104,2.2795529321959873
2024,IN,Certified Clinical Nurse Specialist,99215,"Established patient office or other outpatient visit with high level of medical decision making, if using time, 40 minutes or more",O,3,3,78,123.0,12548.53000014,1.7757986815415823,1.7723204033086783
2023,IL,Critical Care (Intensivists),99213,"Established patient office or other outpatient visit, 20-29 minutes",F,5,5,199,259.0,12485.310000016,1.2603656698926702,2.1955477038060476
2023,IL,Advanced Heart Failure and Transplant Cardiology,93000,Routine electrocardiogram (ecg) using at least 12 leads with interpretation and report,O,11,11,897,1091.0,12484.729999949,1.0950511593484096,6.3529682085498544
2023,IL,Certified Nurse Midwife,99213,"Established patient office or other outpatient visit, 20-29 minutes",O,6,6,137,205.0,12469.219999963,1.4219582704876823,2.4114552008898102
2024,IL,Hospice and Palliative Care,99213,"Established patient office or other outpatient visit with low level od decision making, if using time, 20 minutes or more",O,4,4,170,253.0,12465.129999954,1.5055843413335883,1.6884633433503693
2024,IL,Pediatric Medicine,99215,"Established patient office or other outpatient visit with high level of medical decision making, if using time, 40 minutes or more",F,3,3,70,118.0,12453.579999904,1.6818181818181817,3.4293965882523985
2023,IN,Geriatric Medicine,99213,"Established patient office or other outpatient visit, 20-29 minutes",F,3,3,169,283.0,12433.850000009,1.5375390531122326,1.8629326131653052
2024,IL,Surgical Oncology,99204,"New patient office or other outpatient visit with moderate level of medical decision making, if using time, 45 minutes or more",F,7,7,119,119.0,12417.769999886,1.0,3.9038352993828274
2023,IN,Critical Care (Intensivists),99285,Emergency department visit with high level of medical decision making,F,2,2,91,91.0,12397.52999998,1.0,5.676477026564078
2024,IL,Hospitalist,99203,"New patient office or other outpatient visit with low level of medical decision making, if using time, 30 minutes or more",O,8,8,168,168.0,12386.520000022,1.0,1.8975585115246394
2024,IL,Neuropsychiatry,99204,"New patient office or other outpatient visit with moderate level of medical decision making, if using time, 45 minutes or more",O,2,2,96,96.0,12384.189999900002,1.0,3.04992528411591
2024,IL,Undefined Physician type,99204,"New patient office or other outpatient visit with moderate level of medical decision making, if using time, 45 minutes or more",O,1,1,97,97.0,12326.76,1.0,2.0609696560728175
2024,IL,Certified Nurse Midwife,99215,"Established patient office or other outpatient visit with high level of medical decision making, if using time, 40 minutes or more",F,2,2,98,115.0,12323.5199997,1.1504310344827586,2.2289472636868335
2023,IN,Hematology,99204,"New patient office or other outpatient visit, 45-59 minutes",F,3,3,133,133.0,12307.450000015,1.0,2.5434095244769526
2023,IL,Dentist,99213,"Established patient office or other outpatient visit, 20-29 minutes",F,2,2,168,231.0,12281.259999932001,1.520347394540943,4.735590633701566
2023,IN,Colorectal Surgery (Proctology),99214,"Established patient office or other outpatient visit, 30-39 minutes",F,1,1,64,171.0,12279.040000002,2.671875,2.065573770495003
2023,IN,Osteopathic Manipulative Medicine,99232,"Subsequent hospital care with moderate levelof medical decision making, if using time, at least 35 minutes",F,3,3,123,208.0,12274.08,1.6355721393034826,2.1349056320550903
2024,IN,Sports Medicine,99215,"Established patient office or other outpatient visit with high level of medical decision making, if using time, 40 minutes or more",O,3,3,76,100.0,12211.60000031,1.3049068322981368,1.8577748628932496
2024,IN,Interventional Radiology,99214,"Established patient office or other outpatient visit with moderate level of decision making, if using time, 30 minutes or more",O,5,5,115,132.0,12200.489999984,1.1624317366203776,2.580345503747588
2024,IL,General Practice,99204,"New patient office or other outpatient visit with moderate level of medical decision making, if using time, 45 minutes or more",O,7,7,120,120.0,12191.759999953,1.0,1.9597158949911047
2024,IL,Certified Nurse Midwife,99214,"Established patient office or other outpatient visit with moderate level of decision making, if using time, 30 minutes or more",O,4,4,127,135.0,12188.869999896,1.073672911787666,2.00592861473424
2023,IN,Critical Care (Intensivists),99203,"New patient office or other outpatient visit, 30-44 minutes",O,5,5,166,166.0,12128.159999972,1.0,1.769216207771672
2024,IL,Cardiac Surgery,99215,"Established patient office or other outpatient visit with high level of medical decision making, if using time, 40 minutes or more",O,4,4,82,86.0,12097.23999998,1.0458851674641148,2.195752202750342
2023,IL,Diagnostic Radiology,99215,"Established patient office or other outpatient visit, 40-54 minutes",O,4,4,80,89.0,12034.01999997,1.1136904761904762,2.13426265710026
2023,IN,Ophthalmology,99213,"Established patient office or other outpatient visit, 20-29 minutes",F,8,8,256,281.0,12028.999999945,1.0673670554591608,2.861886157421127
2023,IN,Nephrology,99213,"Established patient office or other outpatient visit, 20-29 minutes",F,8,8,249,280.0,12009.790000014,1.1495604750482604,2.4495164450554148
2024,IL,Plastic and Reconstructive Surgery,99203,"New patient office or other outpatient visit with low level of medical decision making, if using time, 30 minutes or more",F,8,8,200,200.0,12002.669999991,1.0,3.7970350950645853
2023,IN,Nuclear Medicine,99214,"Established patient office or other outpatient visit, 30-39 minutes",O,1,1,107,107.0,11983.29999958,1.0,1.3699938059307286
2023,IN,Otolaryngology,99232,"Subsequent hospital care with moderate levelof medical decision making, if using time, at least 35 minutes",F,6,6,97,201.0,11972.4,1.794871794871795,2.282236977471572
2023,IN,Psychiatry,99232,"Subsequent hospital care with moderate levelof medical decision making, if using time, at least 35 minutes",O,2,2,33,211.0,11963.380000005,5.590909090909091,1.664979647084948
2023,IL,Thoracic Surgery,99203,"New patient office or other outpatient visit, 30-44 minutes",F,8,8,178,178.0,11913.620000001,1.0,3.5412909843808533
2024,IN,Interventional Radiology,99204,"New patient office or other outpatient visit with moderate level of medical decision making, if using time, 45 minutes or more",O,5,5,114,114.0,11877.779999879,1.0,2.6331426520176904
2024,IL,Oral Surgery (Dentist only),99204,"New patient office or other outpatient visit with moderate level of medical decision making, if using time, 45 minutes or more",O,4,4,103,103.0,11869.249999935999,1.0,1.9485190575044278
2023,IL,Sleep Medicine,99203,"New patient office or other outpatient visit, 30-44 minutes",O,7,7,152,152.0,11841.310000003,1.0,2.904767977041648
2024,IN,Endocrinology,99213,"Established patient office or other outpatient visit with low level od decision making, if using time, 20 minutes or more",F,8,8,240,257.0,11800.810000043999,1.059274645257655,2.5059948688027136
2024,IL,Pathology,99285,Emergency department visit with high level of medical decision making,F,1,1,80,81.0,11772.24999975,1.0125,4.739217203389692
2024,IL,Thoracic Surgery,99215,"Established patient office or other outpatient visit with high level of medical decision making, if using time, 40 minutes or more",F,6,6,101,109.0,11750.190000139999,1.0758132798573976,2.9114481799559777
2023,IN,Sleep Medicine,99203,"New patient office or other outpatient visit, 30-44 minutes",O,4,4,163,163.0,11747.98,1.0,1.7314676601782801
2024,IN,Hand Surgery,99215,"Established patient office or other outpatient visit with high level of medical decision making, if using time, 40 minutes or more",O,4,4,91,93.0,11556.51000001,1.0171734234234235,1.9799180723832273
2024,IN,Neurosurgery,99215,"Established patient office or other outpatient visit with high level of medical decision making, if using time, 40 minutes or more",F,2,2,73,113.0,11544.82000032,1.3571428571428572,1.7805145341502948
2024,IN,Hematology,99204,"New patient office or other outpatient visit with moderate level of medical decision making, if using time, 45 minutes or more",F,4,4,124,124.0,11413.700000011999,1.0,2.523528404002133
2024,IN,Hematology-Oncology,99203,"New patient office or other outpatient visit with low level of medical decision making, if using time, 30 minutes or more",F,7,7,194,194.0,11362.930000029,1.0,3.0547920573849745
2024,IL,Undefined Physician type,99214,"Established patient office or other outpatient visit with moderate level of decision making, if using time, 30 minutes or more",O,1,1,109,117.0,11273.130000054,1.073394495412844,1.7818696810474228
2023,IL,Obstetrics & Gynecology,99232,"Subsequent hospital care with moderate levelof medical decision making, if using time, at least 35 minutes",F,6,6,90,170.0,11218.850000002,1.9322738664843928,2.4646919795079483
2023,IN,Addiction Medicine,99214,"Established patient office or other outpatient visit, 30-39 minutes",O,1,1,118,119.0,11214.56,1.0084745762711864,1.6894745734076704
2023,IL,Hematology-Oncology,99203,"New patient office or other outpatient visit, 30-44 minutes",F,9,9,179,179.0,11152.74000002,1.0,2.6391371195832254
2023,IN,Nuclear Medicine,99213,"Established patient office or other outpatient visit, 20-29 minutes",O,1,1,137,138.0,11059.32,1.0072992700729928,1.4770275669196962
2024,IN,Family Practice,97110,"Therapy procedure using exercise to develop strength, endurance, range of motion, and flexibility, each 15 minutes",O,2,2,61,623.0,11026.069999805,9.110182370820668,5.364802187347754
2024,IN,Emergency Medicine,99215,"Established patient office or other outpatient visit with high level of medical decision making, if using time, 40 minutes or more",F,3,3,85,105.0,11010.720000039999,1.1515151515151516,2.750612666650102
2024,IL,Diagnostic Radiology,99214,"Established patient office or other outpatient visit with moderate level of decision making, if using time, 30 minutes or more",O,6,6,107,118.0,10889.629999866,1.0906224451876625,2.2220519868162643
2024,IN,Advanced Heart Failure and Transplant Cardiology,99232,"Subsequent hospital care with moderate levelof medical decision making, if using time, at least 35 minutes",F,4,4,83,186.0,10858.649999992,2.2009414877061935,1.9070984291576125
2023,IN,Cardiology,99203,"New patient office or other outpatient visit, 30-44 minutes",F,9,9,194,194.0,10843.730000043,1.0,2.4788583282666674
2023,IL,Undefined Physician type,99204,"New patient office or other outpatient visit, 45-59 minutes",O,1,1,84,84.0,10842.41999988,1.0,2.071180913856339
2023,IN,Clinical Cardiac Electrophysiology,99213,"Established patient office or other outpatient visit, 20-29 minutes",F,7,7,233,249.0,10821.199999969,1.0536970907919374,2.3803495016345835
2023,IL,Preventive Medicine,99214,"Established patient office or other outpatient visit, 30-39 minutes",O,1,1,62,108.0,10772.120000015999,1.7419354838709677,1.8458736508024607
2024,IN,Diagnostic Radiology,99213,"Established patient office or other outpatient visit with low level od decision making, if using time, 20 minutes or more",F,1,1,82,224.0,10731.549999968,2.731707317073171,3.4590896132528206
2024,IL,Interventional Radiology,99215,"Established patient office or other outpatient visit with high level of medical decision making, if using time, 40 minutes or more",F,4,4,88,90.0,10716.37999986,1.0272952853598014,2.6053782902622866
2024,IN,Certified Clinical Nurse Specialist,99213,"Established patient office or other outpatient visit with low level od decision making, if using time, 20 minutes or more",F,3,3,154,287.0,10711.16999999,1.8897213897213898,2.1640820576777333
2024,IN,Neurosurgery,99204,"New patient office or other outpatient visit with moderate level of medical decision making, if using time, 45 minutes or more",F,3,3,119,119.0,10699.950000005,1.0,1.246533611356677
2024,IL,Dentist,99213,"Established patient office or other outpatient visit with low level od decision making, if using time, 20 minutes or more",F,2,2,160,210.0,10666.149999960002,1.3458528951486697,5.038198417711092
2023,IL,Adult Congenital Heart Disease,99232,"Subsequent hospital care with moderate levelof medical decision making, if using time, at least 35 minutes",F,2,2,80,158.0,10643.73999998,1.6764705882352942,2.401950607594416
2023,IL,Neuropsychiatry,99215,"Established patient office or other outpatient visit, 40-54 minutes",F,1,1,82,98.0,10592.599999799999,1.1951219512195121,1.4835657250192473
2024,IN,Vascular Surgery,99214,"Established patient office or other outpatient visit with moderate level of decision making, if using time, 30 minutes or more",F,5,5,89,146.0,10574.75999996,1.6049550854824688,2.2899210588178014
2023,IN,Certified Clinical Nurse Specialist,99213,"Established patient office or other outpatient visit, 20-29 minutes",F,2,2,144,277.0,10532.32999997,1.86530408773679,2.437120649387381
2023,IN,Gynecological Oncology,99215,"Established patient office or other outpatient visit, 40-54 minutes",F,3,3,48,100.0,10497.86000029,2.183333333333333,2.1942331847973335
2024,IN,Interventional Radiology,99203,"New patient office or other outpatient visit with low level of medical decision making, if using time, 30 minutes or more",O,5,5,146,146.0,10459.709999996,1.0,3.085489823317635
2023,IN,Osteopathic Manipulative Medicine,99215,"Established patient office or other outpatient visit, 40-54 minutes",O,1,1,74,87.0,10405.44999972,1.1756756756756757,1.8086023223115815
2023,IN,Surgical Oncology,99213,"Established patient office or other outpatient visit, 20-29 minutes",O,5,5,155,176.0,10390.230000027,1.107608100711549,1.6976214652285062
2023,IL,Oral Surgery (Dentist only),99214,"Established patient office or other outpatient visit, 30-39 minutes",O,3,3,56,103.0,10368.389999912,2.154882154882155,2.2228468158838903
2023,IL,Neuropsychiatry,99204,"New patient office or other outpatient visit, 45-59 minutes",O,4,4,79,79.0,10336.87000002,1.0,3.262183641105383
2023,IL,Optometry,99203,"New patient office or other outpatient visit, 30-44 minutes",F,7,7,169,169.0,10333.320000012001,1.0,3.6399111931146026
2024,IL,Hematology-Oncology,99203,"New patient office or other outpatient visit with low level of medical decision making, if using time, 30 minutes or more",F,9,9,174,174.0,10325.189999994,1.0,2.7560965993001525
2024,IN,Neurosurgery,99213,"Established patient office or other outpatient visit with low level od decision making, if using time, 20 minutes or more",F,6,6,194,224.0,10324.549999971,1.0990643472532806,1.6708921843935869
2024,IN,Nuclear Medicine,99215,"Established patient office or other outpatient visit with high level of medical decision making, if using time, 40 minutes or more",O,1,1,56,78.0,10300.4899998,1.3928571428571428,1.2908736921012975
2023,IN,Vascular Surgery,99214,"Established patient office or other outpatient visit, 30-39 minutes",F,4,4,118,150.0,10298.310000048,1.2149490294651586,2.5942202270348247
2024,IL,Addiction Medicine,99213,"Established patient office or other outpatient visit with low level od decision making, if using time, 20 minutes or more",O,3,3,135,182.0,10243.390000051,1.2918032048466832,2.074158046991675
2023,IN,Thoracic Surgery,99214,"Established patient office or other outpatient visit, 30-39 minutes",F,3,3,145,154.0,10233.929999962,1.0780952380952382,1.8512914978400026
2024,IN,Ophthalmology,99213,"Established patient office or other outpatient visit with low level od decision making, if using time, 20 minutes or more",F,7,7,226,260.0,10218.050000046,1.1276144176739387,3.0973329595517427
2023,IN,Colorectal Surgery (Proctology),99215,"Established patient office or other outpatient visit, 40-54 minutes",O,6,6,75,81.0,10209.34999993,1.0758212375859435,2.1913490388303964
2024,IN,Clinical Cardiac Electrophysiology,99203,"New patient office or other outpatient visit with low level of medical decision making, if using time, 30 minutes or more",O,5,5,133,133.0,10155.750000025,1.0,1.66415291354853
2023,IL,Advanced Heart Failure and Transplant Cardiology,99213,"Established patient office or other outpatient visit, 20-29 minutes",F,4,4,156,202.0,10136.13,1.345619658119658,2.675901959572559
2024,IN,Emergency Medicine,99203,"New patient office or other outpatient visit with low level of medical decision making, if using time, 30 minutes or more",F,11,11,198,198.0,10135.090000012,1.0,3.6568398712419734
2024,IN,Geriatric Psychiatry,99232,"Subsequent hospital care with moderate levelof medical decision making, if using time, at least 35 minutes",F,2,2,77,198.0,10111.040000072,2.1825396825396823,2.002097747576804
2024,IN,Rheumatology,99232,"Subsequent hospital care with moderate levelof medical decision making, if using time, at least 35 minutes",F,4,4,74,175.0,10100.780000003,2.298611111111111,1.8134492703774787
2023,IL,Physician Assistant,97110,"Therapy procedure using exercise to develop strength, endurance, range of motion, and flexibility, each 15 minutes",O,2,2,103,712.0,10097.669999814,5.897222222222222,4.732180526966699
2024,IN,Plastic and Reconstructive Surgery,99204,"New patient office or other outpatient visit with moderate level of medical decision making, if using time, 45 minutes or more",F,4,4,116,116.0,10078.630000015999,1.0,2.5170414828434646
2024,IN,Undersea and Hyperbaric Medicine,99214,"Established patient office or other outpatient visit with moderate level of decision making, if using time, 30 minutes or more",F,1,1,36,150.0,10072.84000005,4.166666666666667,3.060493791163797
2023,IN,Hospice and Palliative Care,99213,"Established patient office or other outpatient visit, 20-29 minutes",O,4,4,115,174.0,10069.310000046,1.5061594202898552,1.3234649247892487
2023,IN,Urology,99215,"Established patient office or other outpatient visit, 40-54 minutes",F,3,3,92,96.0,10067.90000016,1.0487466091446873,2.257370918678632
2023,IN,Preventive Medicine,99213,"Established patient office or other outpatient visit, 20-29 minutes",O,3,3,94,186.0,10047.589999999,3.624127791068581,2.2981495050564216
2023,IN,Infectious Disease,99204,"New patient office or other outpatient visit, 45-59 minutes",F,5,5,108,108.0,9986.090000019,1.0,2.128420046350027
2024,IN,Vascular Surgery,99213,"Established patient office or other outpatient visit with low level od decision making, if using time, 20 minutes or more",F,5,5,122,209.0,9977.459999983,1.6617094017094018,2.1338205083205546
2023,IN,Thoracic Surgery,99203,"New patient office or other outpatient visit, 30-44 minutes",O,7,7,132,132.0,9958.450000014,1.0,2.0865357382644816
2023,IL,Cardiology,99285,Emergency department visit with high level of medical decision making,F,1,1,63,68.0,9907.81000032,1.0793650793650793,1.4488756740570263
2024,IL,Neurology,99232,"Subsequent hospital care with moderate levelof medical decision making, if using time, at least 35 minutes",O,1,1,111,160.0,9887.87,1.4414414414414414,2.264957333775643
2024,IL,Optometry,99203,"New patient office or other outpatient visit with low level of medical decision making, if using time, 30 minutes or more",F,7,7,154,154.0,9852.35999998,1.0,4.538884916239031
2023,IN,Preventive Medicine,99285,Emergency department visit with high level of medical decision making,F,1,1,74,75.0,9847.29,1.0135135135135136,8.362490001275518
2023,IL,Critical Care (Intensivists),99203,"New patient office or other outpatient visit, 30-44 minutes",O,2,2,114,114.0,9840.239999981999,1.0,1.7676778037800687
2023,IN,Pulmonary Disease,99203,"New patient office or other outpatient visit, 30-44 minutes",F,8,8,183,183.0,9816.299999992,1.0,2.695444262542215
2024,IL,Psychiatry,99285,Emergency department visit with high level of medical decision making,F,5,5,75,76.0,9807.620000079998,1.0142857142857142,4.186329749895394
2024,IN,Hematopoietic Cell Transplantation and Cellular Therapy,99232,"Subsequent hospital care with moderate levelof medical decision making, if using time, at least 35 minutes",F,1,1,45,170.0,9791.75999995,3.7777777777777777,1.9697457354345271
2023,IN,Obstetrics & Gynecology,99204,"New patient office or other outpatient visit, 45-59 minutes",F,4,4,102,103.0,9773.28,1.0086206896551724,1.9142895922440075
2024,IN,Endocrinology,99203,"New patient office or other outpatient visit with low level of medical decision making, if using time, 30 minutes or more",O,7,7,149,149.0,9730.460000009,1.0,1.9651770587086321
2023,IL,Hospice and Palliative Care,99213,"Established patient office or other outpatient visit, 20-29 minutes",O,3,3,79,135.0,9701.030000041,1.631746031746032,1.957038018042706
2023,IN,Hematology-Oncology,99203,"New patient office or other outpatient visit, 30-44 minutes",F,7,7,178,178.0,9699.210000041001,1.0,2.5064027589701925
2023,IN,Interventional Pain Management,99204,"New patient office or other outpatient visit, 45-59 minutes",F,2,2,103,103.0,9613.420000038,1.0,2.0270118562415265
2023,IN,Urology,99203,"New patient office or other outpatient visit, 30-44 minutes",F,8,8,172,172.0,9563.629999999,1.0,2.6821342313082477
2024,IN,Rheumatology,99203,"New patient office or other outpatient visit with low level of medical decision making, if using time, 30 minutes or more",O,6,6,128,128.0,9553.139999985,1.0,2.0670163920991413
2023,IN,Optometry,99215,"Established patient office or other outpatient visit, 40-54 minutes",O,3,3,66,82.0,9511.73000032,1.2009803921568627,1.1608994044927126
2023,IL,Nephrology,99203,"New patient office or other outpatient visit, 30-44 minutes",F,5,5,165,165.0,9481.109999999,1.0,3.1362051518547136
2023,IN,Cardiac Surgery,99203,"New patient office or other outpatient visit, 30-44 minutes",O,6,6,120,120.0,9448.629999994,1.0,1.9470950638848725
2024,IL,Vascular Surgery,99215,"Established patient office or other outpatient visit with high level of medical decision making, if using time, 40 minutes or more",F,4,4,77,85.0,9267.25999991,1.1125,3.078644892570203
2023,IN,Plastic and Reconstructive Surgery,99204,"New patient office or other outpatient visit, 45-59 minutes",F,3,3,105,105.0,9264.089999977,1.0,2.6491786187811677
2023,IN,Pulmonary Disease,99285,Emergency department visit with high level of medical decision making,F,2,2,66,69.0,9245.38000009,1.0288461538461537,2.1512951825743323
2024,IL,Cardiology,99285,Emergency department visit with high level of medical decision making,F,1,1,64,71.0,9237.810000000001,1.109375,1.590807054470838
2023,IL,Infectious Disease,99232,"Subsequent hospital care with moderate levelof medical decision making, if using time, at least 35 minutes",O,3,3,87,156.0,9235.920000012,2.03448275862069,2.140969072968313
2023,IL,Osteopathic Manipulative Medicine,99204,"New patient office or other outpatient visit, 45-59 minutes",O,3,3,79,79.0,9227.559999969999,1.0,2.8280001060399993
2023,IL,Neurology,99285,Emergency department visit with high level of medical decision making,F,4,4,66,66.0,9184.93999996,1.0,3.616710819957392
2024,IL,Certified Registered Nurse Anesthetist (CRNA),99204,"New patient office or other outpatient visit with moderate level of medical decision making, if using time, 45 minutes or more",F,2,2,95,95.0,9137.209999962,1.0,3.2747317235171316
2023,IL,Surgical Oncology,99203,"New patient office or other outpatient visit, 30-44 minutes",F,5,5,140,140.0,9126.320000022,1.0,2.218592475282661
2023,IL,Psychiatry,99232,"Subsequent hospital care with moderate levelof medical decision making, if using time, at least 35 minutes",O,4,4,65,144.0,9117.08,2.199248120300752,2.0675556668978663
2024,IL,Maxillofacial Surgery,99213,"Established patient office or other outpatient visit with low level od decision making, if using time, 20 minutes or more",O,3,3,106,143.0,9100.779999982,1.3451607915893629,2.9937450948525153
2023,IN,Anesthesiology,99232,"Subsequent hospital care with moderate levelof medical decision making, if using time, at least 35 minutes",F,6,6,117,157.0,9083.710000007999,1.4355970418470418,2.4194147349193735
2024,IL,Neurology,99203,"New patient office or other outpatient visit with low level of medical decision making, if using time, 30 minutes or more",F,8,8,151,151.0,9012.269999994,1.0,3.5350317232612984
2024,IN,Anesthesiology,99232,"Subsequent hospital care with moderate levelof medical decision making, if using time, at least 35 minutes",F,7,7,121,159.0,8959.790000001,1.3508403361344539,2.401424474790994
2024,IL,Critical Care (Intensivists),99285,Emergency department visit with high level of medical decision making,F,2,2,62,63.0,8953.82000016,1.0121951219512195,4.299106360125547
2024,IN,Colorectal Surgery (Proctology),99213,"Established patient office or other outpatient visit with low level od decision making, if using time, 20 minutes or more",F,4,4,142,192.0,8923.060000035,1.370507399577167,2.4661253903815763
2023,IN,Neurosurgery,99215,"Established patient office or other outpatient visit, 40-54 minutes",F,1,1,62,85.0,8864.5300004,1.3709677419354838,2.6124142068407945
2024,IN,Obstetrics & Gynecology,99204,"New patient office or other outpatient visit with moderate level of medical decision making, if using time, 45 minutes or more",F,4,4,97,97.0,8861.080000024,1.0,1.8400006061422078
2023,IN,Hematopoietic Cell Transplantation and Cellular Therapy,99204,"New patient office or other outpatient visit, 45-59 minutes",F,1,1,95,95.0,8843.559999985,1.0,1.8478844405994952
2024,IN,Pathology,99214,"Established patient office or other outpatient visit with moderate level of decision making, if using time, 30 minutes or more",O,3,3,43,112.0,8790.709999993,2.9166666666666665,2.374966415134112
2024,IL,Osteopathic Manipulative Medicine,99232,"Subsequent hospital care with moderate levelof medical decision making, if using time, at least 35 minutes",F,1,1,123,132.0,8725.169999964,1.0731707317073171,1.7628805874110074
2023,IL,Peripheral Vascular Disease,99213,"Established patient office or other outpatient visit, 20-29 minutes",O,1,1,100,125.0,8676.15,1.25,2.2814596914448826
2023,IN,Hematology,99215,"Established patient office or other outpatient visit, 40-54 minutes",O,1,1,55,69.0,8668.920000060001,1.2545454545454546,1.2982838506414236
2024,IL,Obstetrics & Gynecology,99203,"New patient office or other outpatient visit with low level of medical decision making, if using time, 30 minutes or more",F,9,9,135,135.0,8591.410000026,1.0,2.4974057916959658
2023,IL,Surgical Oncology,99203,"New patient office or other outpatient visit, 30-44 minutes",O,6,6,99,99.0,8585.35000002,1.0,2.64535254117718
2023,IN,Medical Oncology,99203,"New patient office or other outpatient visit, 30-44 minutes",O,5,5,117,117.0,8563.330000008,1.0,2.355020030081309
2023,IL,Cardiac Surgery,99203,"New patient office or other outpatient visit, 30-44 minutes",F,7,7,129,129.0,8532.750000011,1.0,3.024080599806445
2023,IL,Certified Nurse Midwife,99214,"Established patient office or other outpatient visit, 30-39 minutes",O,4,4,93,99.0,8526.530000013001,1.0319148936170213,2.2484879229394426
2024,IN,Surgical Oncology,99215,"Established patient office or other outpatient visit with high level of medical decision making, if using time, 40 minutes or more",O,4,4,56,66.0,8520.04000005,1.1931818181818181,1.2822961527967967
2023,IL,Neurology,99203,"New patient office or other outpatient visit, 30-44 minutes",F,7,7,139,139.0,8485.499999985,1.0,2.614743084496255
2024,IL,Anesthesiology,99203,"New patient office or other outpatient visit with low level of medical decision making, if using time, 30 minutes or more",F,6,6,128,128.0,8442.949999978,1.0,4.811341912744356
2023,IN,Infectious Disease,99203,"New patient office or other outpatient visit, 30-44 minutes",O,4,4,105,105.0,8411.159999977,1.0,1.8614607565490464
2023,IL,Emergency Medicine,93000,Routine electrocardiogram (ecg) using at least 12 leads with interpretation and report,O,22,22,716,745.0,8405.4600000094,1.0297670797857597,5.030359905867783
2023,IN,Pain Management,99203,"New patient office or other outpatient visit, 30-44 minutes",F,2,2,146,146.0,8383.16,1.0,2.7525687842808972
2024,IN,Preventive Medicine,99215,"Established patient office or other outpatient visit with high level of medical decision making, if using time, 40 minutes or more",O,1,1,60,72.0,8357.83999992,1.2,2.484255109859042
2024,IN,Surgical Oncology,99213,"Established patient office or other outpatient visit with low level od decision making, if using time, 20 minutes or more",F,4,4,129,184.0,8349.379999978,1.4210859033439678,2.1035910967274427
2023,IN,Certified Clinical Nurse Specialist,99214,"Established patient office or other outpatient visit, 30-39 minutes",F,3,3,97,150.0,8338.430000055001,1.5009337068160598,3.2384971569826173
2023,IL,Radiation Oncology,99203,"New patient office or other outpatient visit, 30-44 minutes",F,5,5,125,125.0,8304.239999992,1.0,2.5032020080397417
2024,IL,Pain Management,97110,"Therapy procedure using exercise to develop strength, endurance, range of motion, and flexibility, each 15 minutes",O,2,2,133,428.0,8288.659999854,2.885964912280702,3.6667969492922827
2024,IL,Hospitalist,99232,"Subsequent hospital care with moderate levelof medical decision making, if using time, at least 35 minutes",O,2,2,74,137.0,8269.190000014,1.8692307692307693,2.646330957482097
2024,IN,Nephrology,99213,"Established patient office or other outpatient visit with low level od decision making, if using time, 20 minutes or more",F,7,7,172,187.0,8209.529999958,1.0760439218422413,2.079134670883898
2024,IL,Otolaryngology,99232,"Subsequent hospital care with moderate levelof medical decision making, if using time, at least 35 minutes",F,5,5,99,133.0,8201.169999989,1.3848392348392349,3.1930712867539652
2024,IN,Pulmonary Disease,99203,"New patient office or other outpatient visit with low level of medical decision making, if using time, 30 minutes or more",F,8,8,155,155.0,8172.43,1.0,2.615343911662784
2023,IL,Otolaryngology,99232,"Subsequent hospital care with moderate levelof medical decision making, if using time, at least 35 minutes",F,5,5,92,124.0,8111.400000002,1.334156040038393,1.7977672904053221
2023,IN,Thoracic Surgery,99204,"New patient office or other outpatient visit, 45-59 minutes",F,5,5,87,87.0,8072.459999994,1.0,2.2823870301989917
2024,IN,Preventive Medicine,99285,Emergency department visit with high level of medical decision making,F,1,1,63,63.0,8039.049999749999,1.0,7.2200993636529605
2024,IN,Geriatric Medicine,99213,"Established patient office or other outpatient visit with low level od decision making, if using time, 20 minutes or more",F,2,2,73,174.0,8036.860000064,2.0116161616161614,1.777899814080812
2023,IN,Rheumatology,99215,"Established patient office or other outpatient visit, 40-54 minutes",F,5,5,77,84.0,8003.120000054,1.0735856735856735,1.8948947582351778
2024,IN,Surgical Oncology,99204,"New patient office or other outpatient visit with moderate level of medical decision making, if using time, 45 minutes or more",O,3,3,72,72.0,7953.95,1.0,1.6985316114820037
2023,IL,Hospice and Palliative Care,99214,"Established patient office or other outpatient visit, 30-39 minutes",F,5,5,77,102.0,7854.7500000049995,1.303212669683258,2.040959437831801
2024,IN,Critical Care (Intensivists),99215,"Established patient office or other outpatient visit with high level of medical decision making, if using time, 40 minutes or more",F,2,2,58,80.0,7804.940000187,1.7010869565217392,2.240615583641138
2023,IL,Cardiac Surgery,99215,"Established patient office or other outpatient visit, 40-54 minutes",F,4,4,71,75.0,7784.15999987,1.037037037037037,3.9105161408851035
2024,IL,Hospitalist,93000,Routine electrocardiogram (ecg) using at least 12 leads with interpretation and report,O,11,11,623,707.0,7763.3800001374,1.07884213009213,5.526580933795352
2024,IL,Diagnostic Radiology,99215,"Established patient office or other outpatient visit with high level of medical decision making, if using time, 40 minutes or more",F,3,3,51,69.0,7752.950000069999,1.3305555555555555,2.472227468627784
2024,IL,Advanced Heart Failure and Transplant Cardiology,99213,"Established patient office or other outpatient visit with low level od decision making, if using time, 20 minutes or more",F,5,5,145,163.0,7750.110000006,1.10990413406742,2.2466154052317746
2024,IN,Gynecological Oncology,99213,"Established patient office or other outpatient visit with low level od decision making, if using time, 20 minutes or more",F,5,5,139,173.0,7746.090000008,1.216676635591123,2.0751769002363813
2024,IN,Advanced Heart Failure and Transplant Cardiology,99213,"Established patient office or other outpatient visit with low level od decision making, if using time, 20 minutes or more",O,3,3,113,122.0,7703.859999956,1.0856860530773573,1.702162852292668
2024,IN,Colorectal Surgery (Proctology),99204,"New patient office or other outpatient visit with moderate level of medical decision making, if using time, 45 minutes or more",F,4,4,86,86.0,7680.220000014,1.0,2.6683520709019026
2024,IL,Infectious Disease,99203,"New patient office or other outpatient visit with low level of medical decision making, if using time, 30 minutes or more",O,5,5,93,93.0,7663.889999999,1.0,2.111284778881315
2023,IN,Plastic and Reconstructive Surgery,99203,"New patient office or other outpatient visit, 30-44 minutes",F,2,2,132,132.0,7598.209999979999,1.0,2.977925498182349
2023,IL,Diagnostic Radiology,99213,"Established patient office or other outpatient visit, 20-29 minutes",F,6,6,119,153.0,7563.139999967,1.2457545540878874,2.9055075972971895
2023,IL,Maxillofacial Surgery,99213,"Established patient office or other outpatient visit, 20-29 minutes",O,4,4,104,115.0,7500.070000002,1.1028674627745836,2.3362944241697736
2023,IL,Addiction Medicine,99213,"Established patient office or other outpatient visit, 20-29 minutes",O,3,3,118,140.0,7457.679999987,1.1507837197049524,1.8365843567519249
2024,IL,Dentist,99214,"Established patient office or other outpatient visit with moderate level of decision making, if using time, 30 minutes or more",F,2,2,77,95.0,7453.719999996001,1.2351190476190477,4.8495297475722925
2023,IL,Peripheral Vascular Disease,99214,"Established patient office or other outpatient visit, 30-39 minutes",O,1,1,64,76.0,7452.640000032,1.1875,2.3607444798292234
2023,IN,Surgical Oncology,99213,"Established patient office or other outpatient visit, 20-29 minutes",F,3,3,117,165.0,7426.349999971,1.2704699773665291,2.373956150690771
2023,IL,Psychiatry,99285,Emergency department visit with high level of medical decision making,F,2,2,52,53.0,7425.7199998900005,1.0172413793103448,3.224752508107729
2024,IN,Podiatry,97110,"Therapy procedure using exercise to develop strength, endurance, range of motion, and flexibility, each 15 minutes",O,3,3,51,444.0,7416.760000064,9.45924369747899,3.5737767977964645
2024,IN,Osteopathic Manipulative Medicine,99203,"New patient office or other outpatient visit with low level of medical decision making, if using time, 30 minutes or more",O,3,3,114,114.0,7371.019999968,1.0,1.6811574708386037
2024,IL,Neuropsychiatry,99215,"Established patient office or other outpatient visit with high level of medical decision making, if using time, 40 minutes or more",F,2,2,52,62.0,7340.41999975,1.1904047976011993,2.2355500379422217
2024,IL,Cardiac Surgery,99213,"Established patient office or other outpatient visit with low level od decision making, if using time, 20 minutes or more",F,2,2,127,151.0,7267.279999986,1.1542081949058693,2.6660404947085663
2023,IL,Undersea and Hyperbaric Medicine,99213,"Established patient office or other outpatient visit, 20-29 minutes",F,1,1,71,141.0,7215.870000039001,1.9859154929577465,2.087492679188884
2023,IN,Hospitalist,93000,Routine electrocardiogram (ecg) using at least 12 leads with interpretation and report,O,6,6,710,724.0,7185.6199998282,1.0371446318671038,4.3904104757966484
2024,IL,Preventive Medicine,99214,"Established patient office or other outpatient visit with moderate level of decision making, if using time, 30 minutes or more",O,1,1,53,87.0,7185.080000018999,1.6415094339622642,3.0120940550998485
2024,IL,Adult Congenital Heart Disease,99215,"Established patient office or other outpatient visit with high level of medical decision making, if using time, 40 minutes or more",O,1,1,34,49.0,7170.85999987,1.4411764705882353,1.7220153290133466
2024,IN,Vascular Surgery,99204,"New patient office or other outpatient visit with moderate level of medical decision making, if using time, 45 minutes or more",F,2,2,71,71.0,7167.5600001699995,1.0,3.5377085037046854
2023,IN,Colorectal Surgery (Proctology),99204,"New patient office or other outpatient visit, 45-59 minutes",F,2,2,75,75.0,7088.139999972,1.0,2.459853776194929
2023,IN,Certified Clinical Nurse Specialist,99204,"New patient office or other outpatient visit, 45-59 minutes",O,2,2,74,74.0,7061.04,1.0,1.869857954871136
2024,IL,Emergency Medicine,93000,Routine electrocardiogram (ecg) using at least 12 leads with interpretation and report,O,17,17,621,640.0,7019.529999970599,1.0261454149836553,4.792881229331528
2023,IL,Peripheral Vascular Disease,99204,"New patient office or other outpatient visit, 45-59 minutes",O,1,1,52,52.0,6999.53999992,1.0,3.2534082219547336
2023,IL,Plastic and Reconstructive Surgery,99232,"Subsequent hospital care with moderate levelof medical decision making, if using time, at least 35 minutes",F,1,1,56,109.0,6963.990000026,1.9464285714285714,1.958554561126437
2023,IN,Emergency Medicine,99204,"New patient office or other outpatient visit, 45-59 minutes",F,2,2,71,71.0,6915.599999989001,1.0,3.3931551786796645
2023,IL,Dentist,99214,"Established patient office or other outpatient visit, 30-39 minutes",O,2,2,78,84.0,6879.569999992,1.0857142857142859,1.1333662085278333
2023,IL,Certified Registered Nurse Anesthetist (CRNA),99214,"Established patient office or other outpatient visit, 30-39 minutes",O,1,1,35,73.0,6877.620000019,2.085714285714286,1.5740331673294174
2024,IL,Cardiac Surgery,99203,"New patient office or other outpatient visit with low level of medical decision making, if using time, 30 minutes or more",F,5,5,104,104.0,6850.329999993,1.0,2.554163285089349
2024,IN,Urology,99203,"New patient office or other outpatient visit with low level of medical decision making, if using time, 30 minutes or more",F,7,7,127,127.0,6840.220000004,1.0,2.4557631161950897
2023,IL,Medical Oncology,99203,"New patient office or other outpatient visit, 30-44 minutes",F,3,3,111,111.0,6834.280000002,1.0,1.7167222148235641
2024,IL,Hematopoietic Cell Transplantation and Cellular Therapy,99214,"Established patient office or other outpatient visit with moderate level of decision making, if using time, 30 minutes or more",F,1,1,53,97.0,6767.090000001,1.830188679245283,3.6379049036833466
2024,IL,Clinical Cardiac Electrophysiology,99203,"New patient office or other outpatient visit with low level of medical decision making, if using time, 30 minutes or more",F,5,5,109,109.0,6765.9,1.0,2.6378529330691896
2023,IN,Diagnostic Radiology,99204,"New patient office or other outpatient visit, 45-59 minutes",F,1,1,72,72.0,6755.340000024,1.0,4.154855190252748
2023,IL,Infectious Disease,99203,"New patient office or other outpatient visit, 30-44 minutes",O,5,5,88,88.0,6749.449999988001,1.0,1.7472050427806693
2024,IN,Rheumatology,99215,"Established patient office or other outpatient visit with high level of medical decision making, if using time, 40 minutes or more",F,3,3,52,64.0,6695.8300001,1.3034188034188035,1.8534613023053055
2023,IN,Hospitalist,99203,"New patient office or other outpatient visit, 30-44 minutes",O,3,3,91,91.0,6655.130000016001,1.0,2.172927102337034
2023,IN,Dermatology,99204,"New patient office or other outpatient visit, 45-59 minutes",F,4,4,77,79.0,6639.799999998,1.0416666666666667,2.517250298449733
2024,IN,Infectious Disease,99203,"New patient office or other outpatient visit with low level of medical decision making, if using time, 30 minutes or more",O,5,5,89,89.0,6636.269999975,1.0,2.013360431930355
2024,IL,Pathology,99232,"Subsequent hospital care with moderate levelof medical decision making, if using time, at least 35 minutes",F,1,1,30,110.0,6634.20000001,3.6666666666666665,2.0741505830821656
2024,IN,Certified Clinical Nurse Specialist,99203,"New patient office or other outpatient visit with low level of medical decision making, if using time, 30 minutes or more",O,2,2,118,118.0,6613.290000014,1.0,2.555494471741481
2023,IN,Dermatology,99203,"New patient office or other outpatient visit, 30-44 minutes",F,6,6,139,139.0,6600.969999986,1.0,2.7606793929077167
2024,IN,Cardiology,99203,"New patient office or other outpatient visit with low level of medical decision making, if using time, 30 minutes or more",F,6,6,129,129.0,6598.529999986,1.0,2.8474619139262543
2024,IN,Dermatology,99204,"New patient office or other outpatient visit with moderate level of medical decision making, if using time, 45 minutes or more",F,5,5,78,78.0,6586.330000011,1.0,2.3356842208358923
2024,IN,Anesthesiology,99215,"Established patient office or other outpatient visit with high level of medical decision making, if using time, 40 minutes or more",F,3,3,60,63.0,6557.74999986,1.0526315789473684,2.168271718050163
2024,IN,Infectious Disease,99204,"New patient office or other outpatient visit with moderate level of medical decision making, if using time, 45 minutes or more",F,4,4,74,74.0,6551.499999992,1.0,2.3998903408165315
2024,IL,Diagnostic Radiology,99214,"Established patient office or other outpatient visit with moderate level of decision making, if using time, 30 minutes or more",F,4,4,74,94.0,6540.090000028999,1.2368516372066067,2.5114801676249474
2024,IL,Emergency Medicine,99215,"Established patient office or other outpatient visit with high level of medical decision making, if using time, 40 minutes or more",F,2,2,55,59.0,6532.370000004,1.106589147286822,2.166080232163416
2023,IL,Critical Care (Intensivists),99285,Emergency department visit with high level of medical decision making,F,1,1,50,50.0,6438.91,1.0,3.0693001775573654
2024,IL,Surgical Oncology,99203,"New patient office or other outpatient visit with low level of medical decision making, if using time, 30 minutes or more",F,5,5,101,101.0,6422.610000002,1.0,2.835985795335584
2024,IN,Hematology,99204,"New patient office or other outpatient visit with moderate level of medical decision making, if using time, 45 minutes or more",O,1,1,62,62.0,6422.40999972,1.0,1.8655974378528777
2024,IL,Radiation Oncology,99203,"New patient office or other outpatient visit with low level of medical decision making, if using time, 30 minutes or more",F,4,4,99,99.0,6396.410000004001,1.0,3.9593851481449844
2024,IN,Orthopedic Surgery,99215,"Established patient office or other outpatient visit with high level of medical decision making, if using time, 40 minutes or more",F,4,4,61,65.0,6389.389999999999,1.070684750032576,1.3627525044553155
2024,IN,Plastic and Reconstructive Surgery,99203,"New patient office or other outpatient visit with low level of medical decision making, if using time, 30 minutes or more",F,3,3,119,119.0,6364.429999977,1.0,2.891345113561359
2023,IN,Surgical Oncology,99214,"Established patient office or other outpatient visit, 30-39 minutes",F,4,4,65,88.0,6325.220000018,1.3158814869341184,2.0752231519551136
2024,IN,Diagnostic Radiology,99204,"New patient office or other outpatient visit with moderate level of medical decision making, if using time, 45 minutes or more",F,1,1,68,68.0,6255.460000032,1.0,4.28152527843017
2024,IN,Critical Care (Intensivists),99214,"Established patient office or other outpatient visit with moderate level of decision making, if using time, 30 minutes or more",F,2,2,90,93.0,6242.929999996,1.0625,1.985682456689755
2023,IN,Vascular Surgery,99204,"New patient office or other outpatient visit, 45-59 minutes",F,3,3,65,65.0,6222.27,1.0,2.637032101501649
2023,IN,Geriatric Medicine,99203,"New patient office or other outpatient visit, 30-44 minutes",O,2,2,90,90.0,6215.499999975,1.0,1.6098236875621175
2023,IN,Sleep Medicine,99214,"Established patient office or other outpatient visit, 30-39 minutes",F,2,2,85,89.0,6165.5600000330005,1.032258064516129,2.4458299507715626
2024,IN,Medical Oncology,99203,"New patient office or other outpatient visit with low level of medical decision making, if using time, 30 minutes or more",O,4,4,96,96.0,6161.149999984,1.0,2.509513942228107
2024,IL,Geriatric Medicine,99213,"Established patient office or other outpatient visit with low level od decision making, if using time, 20 minutes or more",F,4,4,104,119.0,6107.349999993,1.0933908045977012,2.232654864192936
2023,IN,Gastroenterology,99203,"New patient office or other outpatient visit, 30-44 minutes",F,5,5,129,129.0,6102.850000004,1.0,2.3661803925649965
2024,IL,Pain Management,99203,"New patient office or other outpatient visit with low level of medical decision making, if using time, 30 minutes or more",F,4,4,98,98.0,6054.449999999,1.0,3.278563705278317
2024,IL,Dentist,99214,"Established patient office or other outpatient visit with moderate level of decision making, if using time, 30 minutes or more",O,2,2,68,68.0,6002.199999992001,1.0,1.260130368288542
2023,IN,Physical Medicine and Rehabilitation,99203,"New patient office or other outpatient visit, 30-44 minutes",F,5,5,107,107.0,5975.12,1.0,2.7118658662292674
2023,IN,Surgical Oncology,99215,"Established patient office or other outpatient visit, 40-54 minutes",O,2,2,41,49.0,5969.18,1.2243589743589745,1.8897927339475025
2024,IL,Adult Congenital Heart Disease,99232,"Subsequent hospital care with moderate levelof medical decision making, if using time, at least 35 minutes",F,1,1,47,94.0,5957.940000044,2.0,2.152591943143476
2023,IN,Osteopathic Manipulative Medicine,99203,"New patient office or other outpatient visit, 30-44 minutes",O,3,3,80,80.0,5944.3400000149995,1.0,1.651249702537559
2024,IL,Undefined Physician type,99215,"Established patient office or other outpatient visit with high level of medical decision making, if using time, 40 minutes or more",F,1,1,39,52.0,5942.05000012,1.3333333333333333,4.7743393053416545
2024,IN,Surgical Oncology,99204,"New patient office or other outpatient visit with moderate level of medical decision making, if using time, 45 minutes or more",F,3,3,63,63.0,5938.619999988,1.0,1.9659067372119292
2023,IL,Allergy/ Immunology,99213,"Established patient office or other outpatient visit, 20-29 minutes",F,5,5,118,126.0,5935.040000015,1.0647894736842105,2.2206706980884836
2023,IL,Undersea and Hyperbaric Medicine,99214,"Established patient office or other outpatient visit, 30-39 minutes",F,1,1,50,78.0,5876.960000028,1.56,1.9762866822824254
2023,IL,Hospitalist,93000,Routine electrocardiogram (ecg) using at least 12 leads with interpretation and report,O,10,10,505,523.0,5848.639999883,1.0275351881747554,5.983787393675427
2023,IL,Dentist,99214,"Established patient office or other outpatient visit, 30-39 minutes",F,2,2,60,74.0,5832.929999999999,1.1767594108019641,4.704688093191855
2024,IN,Neurosurgery,99214,"Established patient office or other outpatient visit with moderate level of decision making, if using time, 30 minutes or more",F,2,2,68,82.0,5800.4500000259995,1.125,1.0848267906713915
2024,IL,Peripheral Vascular Disease,99214,"Established patient office or other outpatient visit with moderate level of decision making, if using time, 30 minutes or more",O,1,1,53,63.0,5731.189999982999,1.1886792452830188,2.416000152457927
2024,IL,Dentist,99215,"Established patient office or other outpatient visit with high level of medical decision making, if using time, 40 minutes or more",F,1,1,26,50.0,5721.79,1.9230769230769231,5.424230365541314
2024,IN,Hospitalist,93000,Routine electrocardiogram (ecg) using at least 12 leads with interpretation and report,O,3,3,572,581.0,5718.710000002,1.0098279381743949,5.216315841441037
2024,IN,Cardiac Surgery,99203,"New patient office or other outpatient visit with low level of medical decision making, if using time, 30 minutes or more",O,3,3,77,77.0,5701.070000002,1.0,1.8833899572742594
2023,IN,Endocrinology,99204,"New patient office or other outpatient visit, 45-59 minutes",F,4,4,65,65.0,5683.919999993,1.0,2.138206834236781
2023,IL,Emergency Medicine,99203,"New patient office or other outpatient visit, 30-44 minutes",F,3,3,90,90.0,5640.719999999999,1.0,2.5765248924022637
2024,IN,Ophthalmology,99204,"New patient office or other outpatient visit with moderate level of medical decision making, if using time, 45 minutes or more",F,3,3,63,63.0,5617.8800000050005,1.0,2.996589302252024
2024,IL,Peripheral Vascular Disease,99204,"New patient office or other outpatient visit with moderate level of medical decision making, if using time, 45 minutes or more",O,1,1,41,41.0,5573.45000008,1.0,3.283690008171643
2024,IL,Nephrology,99203,"New patient office or other outpatient visit with low level of medical decision making, if using time, 30 minutes or more",F,4,4,95,95.0,5561.439999996001,1.0,3.3252252777559703
2023,IN,Hematology,99204,"New patient office or other outpatient visit, 45-59 minutes",O,1,1,50,50.0,5548.37,1.0,1.5967810961805253
2023,IL,Undefined Physician type,99215,"Established patient office or other outpatient visit, 40-54 minutes",F,1,1,42,52.0,5543.44999988,1.2380952380952381,4.6855361721381525
2023,IL,Psychiatry,99204,"New patient office or other outpatient visit, 45-59 minutes",F,4,4,50,50.0,5525.86999996,1.0,2.489459122723167
2023,IL,Radiation Oncology,99203,"New patient office or other outpatient visit, 30-44 minutes",O,4,4,70,70.0,5511.48,1.0,2.2478224628999843
2023,IL,Dentist,99215,"Established patient office or other outpatient visit, 40-54 minutes",F,1,1,25,49.0,5454.360000109999,1.96,5.250157447412543
2023,IL,Cardiac Surgery,93000,Routine electrocardiogram (ecg) using at least 12 leads with interpretation and report,O,2,2,457,523.0,5449.689999800001,1.0995980112133714,4.6066685639718425
2024,IL,Hospice and Palliative Care,99204,"New patient office or other outpatient visit with moderate level of medical decision making, if using time, 45 minutes or more",O,2,2,41,41.0,5438.32000003,1.0,2.3050666016095605
2023,IL,Hematopoietic Cell Transplantation and Cellular Therapy,99214,"Established patient office or other outpatient visit, 30-39 minutes",F,2,2,50,77.0,5420.000000011,1.4186507936507935,3.4480656816837705
2023,IN,Advanced Heart Failure and Transplant Cardiology,99232,"Subsequent hospital care with moderate levelof medical decision making, if using time, at least 35 minutes",F,2,2,51,90.0,5419.05000001,1.875,2.143433643341876
2023,IL,Micrographic Dermatologic Surgery,99204,"New patient office or other outpatient visit, 45-59 minutes",O,1,1,51,51.0,5416.829999940001,1.0,2.0256045519203414
2024,IL,Diagnostic Radiology,99213,"Established patient office or other outpatient visit with low level od decision making, if using time, 20 minutes or more",F,5,5,96,114.0,5401.649999984,1.18328666240381,3.8289139423842355
2024,IL,Certified Clinical Nurse Specialist,99203,"New patient office or other outpatient visit with low level of medical decision making, if using time, 30 minutes or more",F,3,3,110,110.0,5357.539999987001,1.0,4.518017968760865
2023,IN,Geriatric Psychiatry,99232,"Subsequent hospital care with moderate levelof medical decision making, if using time, at least 35 minutes",F,1,1,46,106.0,5354.869999954,2.3043478260869565,2.3027025617787995
2023,IN,Certified Nurse Midwife,99214,"Established patient office or other outpatient visit, 30-39 minutes",O,2,2,48,65.0,5348.689999976,1.4533169533169534,1.4451257733120857
2023,IN,Nurse Practitioner,97110,"Therapy procedure using exercise to develop strength, endurance, range of motion, and flexibility, each 15 minutes",O,2,2,77,350.0,5334.320000053,6.694444444444445,3.3570534595928683
2023,IL,Geriatric Medicine,99203,"New patient office or other outpatient visit, 30-44 minutes",O,4,4,72,72.0,5314.400000013,1.0,1.9342933828012838
2024,IN,Optometry,99215,"Established patient office or other outpatient visit with high level of medical decision making, if using time, 40 minutes or more",O,3,3,38,46.0,5308.730000096,1.205128205128205,1.2617193287427166
2023,IL,Maxillofacial Surgery,99204,"New patient office or other outpatient visit, 45-59 minutes",O,3,3,44,44.0,5304.86999992,1.0,1.1695408818851647
2023,IN,Addiction Medicine,99213,"Established patient office or other outpatient visit, 20-29 minutes",O,1,1,14,104.0,5276.40000004,7.428571428571429,1.1599416272279532
2023,IN,Rheumatology,99232,"Subsequent hospital care with moderate levelof medical decision making, if using time, at least 35 minutes",F,3,3,52,87.0,5209.64000002,1.5294396961063628,1.8351852998275087
2023,IL,Neurology,97110,"Therapy procedure using exercise to develop strength, endurance, range of motion, and flexibility, each 15 minutes",O,1,1,90,279.0,5174.069999877,3.1,4.216465983143619
2024,IL,Infectious Disease,99203,"New patient office or other outpatient visit with low level of medical decision making, if using time, 30 minutes or more",F,5,5,88,88.0,5163.459999976,1.0,3.2323780629026992
2023,IN,Certified Clinical Nurse Specialist,99215,"Established patient office or other outpatient visit, 40-54 minutes",F,1,1,40,61.0,5159.140000014,1.525,1.638112542362637
2024,IL,Peripheral Vascular Disease,99232,"Subsequent hospital care with moderate levelof medical decision making, if using time, at least 35 minutes",F,1,1,50,82.0,5074.399999978,1.64,1.713720682876649
2024,IN,Neurology,99203,"New patient office or other outpatient visit with low level of medical decision making, if using time, 30 minutes or more",F,3,3,95,95.0,5070.110000001,1.0,2.3068893363114973
2024,IN,Nurse Practitioner,99232,"Subsequent hospital care with moderate levelof medical decision making, if using time, at least 35 minutes",O,2,2,71,102.0,5032.560000002,1.4298245614035088,2.996593630281881
2024,IL,Sports Medicine,99215,"Established patient office or other outpatient visit with high level of medical decision making, if using time, 40 minutes or more",F,2,2,33,42.0,5012.910000059999,1.227272727272727,1.7627520289002403
2024,IL,Plastic and Reconstructive Surgery,99215,"Established patient office or other outpatient visit with high level of medical decision making, if using time, 40 minutes or more",F,1,1,33,45.0,4998.72000015,1.3636363636363635,5.387570804018752
2023,IN,Sports Medicine,97110,"Therapy procedure using exercise to develop strength, endurance, range of motion, and flexibility, each 15 minutes",O,1,1,40,244.0,4995.320000044,6.1,5.12613317860883
2024,IN,Certified Clinical Nurse Specialist,93000,Routine electrocardiogram (ecg) using at least 12 leads with interpretation and report,O,1,1,434,631.0,4992.1099999694,1.4539170506912442,7.315052535205938
2023,IN,Oral Surgery (Dentist only),99204,"New patient office or other outpatient visit, 45-59 minutes",O,2,2,41,42.0,4958.619999879999,1.0178571428571428,2.989310048830532
2024,IL,Thoracic Surgery,99203,"New patient office or other outpatient visit with low level of medical decision making, if using time, 30 minutes or more",F,3,3,74,74.0,4917.470000012,1.0,4.25752620972505
2024,IN,Dermatology,99203,"New patient office or other outpatient visit with low level of medical decision making, if using time, 30 minutes or more",F,4,4,114,114.0,4916.669999997001,1.0,2.373244847144088
2024,IL,Neurology,97110,"Therapy procedure using exercise to develop strength, endurance, range of motion, and flexibility, each 15 minutes",O,1,1,95,260.0,4885.80000012,2.736842105263158,4.391408732284666
2024,IN,Neurosurgery,97110,"Therapy procedure using exercise to develop strength, endurance, range of motion, and flexibility, each 15 minutes",O,1,1,28,285.0,4848.42,10.178571428571429,4.1157108077532545
2024,IN,General Practice,99203,"New patient office or other outpatient visit with low level of medical decision making, if using time, 30 minutes or more",O,3,3,83,83.0,4806.290000004,1.0,2.1830572794448324
2024,IL,Dentist,99204,"New patient office or other outpatient visit with moderate level of medical decision making, if using time, 45 minutes or more",O,1,1,38,38.0,4801.1700001,1.0,1.3193182133726753
2024,IN,Physical Medicine and Rehabilitation,99203,"New patient office or other outpatient visit with low level of medical decision making, if using time, 30 minutes or more",F,5,5,86,86.0,4801.05,1.0,2.866681307025811
2023,IN,Geriatric Medicine,99204,"New patient office or other outpatient visit, 45-59 minutes",F,2,2,52,52.0,4796.540000008,1.0,1.9498635358882568
2024,IN,Pain Management,99232,"Subsequent hospital care with moderate levelof medical decision making, if using time, at least 35 minutes",F,2,2,53,80.0,4783.67000001,1.3857142857142857,1.985973847700218
2023,IN,Ophthalmology,99204,"New patient office or other outpatient visit, 45-59 minutes",F,2,2,63,63.0,4765.429999993999,1.0,2.529143849056993
2023,IN,Certified Clinical Nurse Specialist,93000,Routine electrocardiogram (ecg) using at least 12 leads with interpretation and report,O,1,1,422,602.0,4755.2799999852,1.4265402843601895,7.239545599781535
2023,IL,Advanced Heart Failure and Transplant Cardiology,99204,"New patient office or other outpatient visit, 45-59 minutes",F,2,2,45,45.0,4737.819999993,1.0,3.28882580536186
2024,IL,Sports Medicine,97110,"Therapy procedure using exercise to develop strength, endurance, range of motion, and flexibility, each 15 minutes",O,3,3,128,248.0,4732.080000012,1.8633021390374331,2.9989748351824854
2024,IN,Otolaryngology,99203,"New patient office or other outpatient visit with low level of medical decision making, if using time, 30 minutes or more",F,2,2,87,87.0,4691.030000024,1.0,1.7487889368433724
2023,IL,Geriatric Psychiatry,99214,"Established patient office or other outpatient visit, 30-39 minutes",O,1,1,11,51.0,4690.930000008,4.636363636363637,1.8693866673025243
2024,IL,Hospitalist,99213,"Established patient office or other outpatient visit with low level od decision making, if using time, 20 minutes or more",F,1,1,78,98.0,4685.529999976,1.2564102564102564,5.414712101792589
2024,IL,Pathology,99213,"Established patient office or other outpatient visit with low level od decision making, if using time, 20 minutes or more",O,2,2,75,76.0,4660.039999989,1.0125,2.3685258480860716
2024,IL,Psychiatry,99204,"New patient office or other outpatient visit with moderate level of medical decision making, if using time, 45 minutes or more",F,3,3,45,45.0,4654.130000045,1.0,3.6748336950711633
2023,IN,Gynecological Oncology,99213,"Established patient office or other outpatient visit, 20-29 minutes",F,3,3,85,104.0,4650.3300000300005,1.2257631257631258,2.462371362665849
2023,IN,Critical Care (Intensivists),99215,"Established patient office or other outpatient visit, 40-54 minutes",F,2,2,31,48.0,4647.419999991,1.5354166666666667,2.339178243776071
2023,IN,Critical Care (Intensivists),99214,"Established patient office or other outpatient visit, 30-39 minutes",F,3,3,55,63.0,4640.839999994,1.1611111111111112,2.9648787386991717
2024,IL,Interventional Radiology,99214,"Established patient office or other outpatient visit with moderate level of decision making, if using time, 30 minutes or more",F,2,2,40,62.0,4507.329999998001,1.4933333333333332,4.0592722730838515
2024,IL,Hand Surgery,99215,"Established patient office or other outpatient visit with high level of medical decision making, if using time, 40 minutes or more",F,1,1,38,39.0,4501.76000001,1.0263157894736843,2.427029336271513
2024,IL,Rheumatology,99203,"New patient office or other outpatient visit with low level of medical decision making, if using time, 30 minutes or more",F,3,3,78,78.0,4495.179999997,1.0,3.185175773497118
2023,IL,Plastic and Reconstructive Surgery,99215,"Established patient office or other outpatient visit, 40-54 minutes",F,1,1,33,39.0,4438.98999999,1.1818181818181819,4.253829245499919
2024,IL,General Practice,99213,"Established patient office or other outpatient visit with low level od decision making, if using time, 20 minutes or more",F,2,2,45,100.0,4431.44999998,3.2386363636363638,2.5546527732140323
2024,IN,Certified Nurse Midwife,99213,"Established patient office or other outpatient visit with low level od decision making, if using time, 20 minutes or more",O,4,4,62,75.0,4425.3499999900005,1.2208333333333332,1.8733813157116455
2024,IN,Surgical Oncology,99203,"New patient office or other outpatient visit with low level of medical decision making, if using time, 30 minutes or more",O,2,2,61,61.0,4417.800000005,1.0,1.6017862629216268
2023,IL,Undefined Physician type,99232,"Subsequent hospital care with moderate levelof medical decision making, if using time, at least 35 minutes",F,1,1,27,67.0,4411.95,2.4814814814814814,3.1639758901045467
2024,IN,Hospice and Palliative Care,99204,"New patient office or other outpatient visit with moderate level of medical decision making, if using time, 45 minutes or more",O,2,2,43,43.0,4409.87000002,1.0,2.2803423695190004
2024,IN,Nephrology,99232,"Subsequent hospital care with moderate levelof medical decision making, if using time, at least 35 minutes",O,1,1,18,72.0,4397.479999992001,4.0,1.8969138558085026
2023,IL,Obstetrics & Gynecology,99203,"New patient office or other outpatient visit, 30-44 minutes",F,4,4,81,81.0,4397.160000012,1.0,1.8725038399459486
2023,IL,Certified Clinical Nurse Specialist,93000,Routine electrocardiogram (ecg) using at least 12 leads with interpretation and report,O,5,5,436,488.0,4384.579999987801,1.131843526556316,4.855747117086772
2024,IN,Infectious Disease,99232,"Subsequent hospital care with moderate levelof medical decision making, if using time, at least 35 minutes",O,2,2,50,75.0,4365.99,1.4142857142857141,2.0589698121037046
2023,IL,Allergy/ Immunology,99203,"New patient office or other outpatient visit, 30-44 minutes",F,2,2,74,74.0,4365.700000004,1.0,2.855898468216557
2023,IN,Diagnostic Radiology,99215,"Established patient office or other outpatient visit, 40-54 minutes",F,1,1,24,41.0,4356.60000019,1.7083333333333333,2.07808425454297
2024,IL,Nephrology,99232,"Subsequent hospital care with moderate levelof medical decision making, if using time, at least 35 minutes",O,3,3,62,72.0,4308.229999995,1.1560439560439562,3.6275394729943073
2023,IN,Surgical Oncology,99204,"New patient office or other outpatient visit, 45-59 minutes",F,1,1,43,43.0,4305.83999985,1.0,1.988834486639224
2024,IN,Undefined Physician type,99213,"Established patient office or other outpatient visit with low level od decision making, if using time, 20 minutes or more",O,1,1,63,68.0,4285.3499999880005,1.0793650793650793,1.2356487982093762
2024,IN,Certified Clinical Nurse Specialist,99215,"Established patient office or other outpatient visit with high level of medical decision making, if using time, 40 minutes or more",F,2,2,36,53.0,4275.69,1.5,2.4010097107021693
2024,IN,Geriatric Medicine,99204,"New patient office or other outpatient visit with moderate level of medical decision making, if using time, 45 minutes or more",F,2,2,46,46.0,4266.919999954,1.0,1.936839615451365
2024,IL,Radiation Oncology,99203,"New patient office or other outpatient visit with low level of medical decision making, if using time, 30 minutes or more",O,3,3,59,59.0,4266.329999979,1.0,2.1671561974517375
2024,IL,Podiatry,99215,"Established patient office or other outpatient visit with high level of medical decision making, if using time, 40 minutes or more",F,2,2,25,36.0,4248.6399999000005,1.5,2.0400288608844512
2024,IN,Certified Clinical Nurse Specialist,99204,"New patient office or other outpatient visit with moderate level of medical decision making, if using time, 45 minutes or more",O,3,3,56,56.0,4224.870000003,1.0,2.339337071073766
2024,IN,Geriatric Medicine,99203,"New patient office or other outpatient visit with low level of medical decision making, if using time, 30 minutes or more",O,2,2,84,84.0,4194.960000002,1.0,1.6791261411109266
2023,IL,Diagnostic Radiology,99203,"New patient office or other outpatient visit, 30-44 minutes",F,2,2,66,67.0,4179.90000001,1.0147058823529411,1.0758146012029786
2023,IL,Rheumatology,99203,"New patient office or other outpatient visit, 30-44 minutes",F,2,2,68,68.0,4160.609999976,1.0,2.565379865253472
2023,IL,Sports Medicine,99215,"Established patient office or other outpatient visit, 40-54 minutes",F,2,2,27,34.0,4145.62,1.2333333333333334,1.7659029738068666
2024,IL,Undersea and Hyperbaric Medicine,99213,"Established patient office or other outpatient visit with low level od decision making, if using time, 20 minutes or more",F,2,2,59,85.0,4117.219999995,1.471014492753623,2.2674184496655863
2023,IL,Cardiac Surgery,99214,"Established patient office or other outpatient visit, 30-39 minutes",F,4,4,53,55.0,4110.270000008,1.0358851674641147,3.2992679600434136
2023,IL,Certified Registered Nurse Anesthetist (CRNA),99213,"Established patient office or other outpatient visit, 20-29 minutes",F,2,2,59,91.0,4105.13,1.5316820276497696,3.160047997755683
2023,IN,Medical Oncology,99203,"New patient office or other outpatient visit, 30-44 minutes",F,4,4,72,72.0,4099.629999987001,1.0,1.8924086928487238
2023,IL,Clinical Cardiac Electrophysiology,99203,"New patient office or other outpatient visit, 30-44 minutes",F,3,3,64,64.0,4097.049999998,1.0,2.1816749396274115
2023,IN,Hospitalist,99203,"New patient office or other outpatient visit, 30-44 minutes",F,4,4,72,72.0,4063.1100000039996,1.0,2.430493412918105
2023,IL,Allergy/ Immunology,97110,"Therapy procedure using exercise to develop strength, endurance, range of motion, and flexibility, each 15 minutes",O,1,1,18,228.0,4056.9800000399996,12.666666666666666,4.5570487684513425
2024,IN,Gastroenterology,99203,"New patient office or other outpatient visit with low level of medical decision making, if using time, 30 minutes or more",F,3,3,75,75.0,4042.949999998,1.0,2.5707293773448328
2024,IL,Allergy/ Immunology,99213,"Established patient office or other outpatient visit with low level od decision making, if using time, 20 minutes or more",F,3,3,80,84.0,3999.90999999,1.047863247863248,2.668207248233329
2023,IL,Diagnostic Radiology,99214,"Established patient office or other outpatient visit, 30-39 minutes",F,2,2,40,56.0,3993.209999986,1.3733333333333333,2.3469813141631457
2023,IL,Otolaryngology,97110,"Therapy procedure using exercise to develop strength, endurance, range of motion, and flexibility, each 15 minutes",O,3,3,96,216.0,3988.069999959,2.167283950617284,3.7630087395974083
2024,IL,Gynecological Oncology,99204,"New patient office or other outpatient visit with moderate level of medical decision making, if using time, 45 minutes or more",F,2,2,37,37.0,3966.3400000500005,1.0,4.733185437762707
2024,IL,Cardiac Surgery,99215,"Established patient office or other outpatient visit with high level of medical decision making, if using time, 40 minutes or more",F,1,1,32,36.0,3950.78000004,1.125,3.6974291642942396
2023,IL,Gynecological Oncology,99204,"New patient office or other outpatient visit, 45-59 minutes",F,3,3,37,37.0,3948.050000004,1.0,2.7591101258009854
2024,IN,Sports Medicine,99232,"Subsequent hospital care with moderate levelof medical decision making, if using time, at least 35 minutes",F,1,1,24,69.0,3941.39999997,2.875,1.9570519184030222
2023,IL,General Practice,99213,"Established patient office or other outpatient visit, 20-29 minutes",F,2,2,47,82.0,3937.130000013,2.09375,2.2535043400370505
2024,IN,Infectious Disease,99285,Emergency department visit with high level of medical decision making,F,2,2,32,33.0,3929.65000004,1.0416666666666665,2.0374733413601707
2023,IL,Internal Medicine,99232,"Subsequent hospital care with moderate levelof medical decision making, if using time, at least 35 minutes",O,1,1,26,68.0,3925.020000004,2.6153846153846154,2.102427362285109
2024,IL,Cardiac Surgery,93000,Routine electrocardiogram (ecg) using at least 12 leads with interpretation and report,O,2,2,355,404.0,3916.7299999895995,1.1128675845656977,4.703867010965094
2024,IN,Neurosurgery,99203,"New patient office or other outpatient visit with low level of medical decision making, if using time, 30 minutes or more",F,2,2,70,70.0,3854.089999995,1.0,1.4461412621455132
2024,IL,Hematology,99204,"New patient office or other outpatient visit with moderate level of medical decision making, if using time, 45 minutes or more",F,2,2,37,37.0,3833.9799999999996,1.0,2.6256960002576655
2023,IL,Geriatric Medicine,99213,"Established patient office or other outpatient visit, 20-29 minutes",F,2,2,59,74.0,3827.459999993,1.2609447004608296,2.3344431528330225
2024,IL,Certified Clinical Nurse Specialist,99204,"New patient office or other outpatient visit with moderate level of medical decision making, if using time, 45 minutes or more",F,3,3,51,51.0,3810.250000009,1.0,5.49922833992359
2023,IL,Preventive Medicine,99213,"Established patient office or other outpatient visit, 20-29 minutes",O,1,1,48,57.0,3803.599999977,1.1875,2.1332261185107235
2023,IL,Allergy/ Immunology,99215,"Established patient office or other outpatient visit, 40-54 minutes",F,2,2,29,34.0,3757.32000006,1.2095959595959596,3.7460665850676507
2024,IN,Surgical Oncology,99214,"Established patient office or other outpatient visit with moderate level of decision making, if using time, 30 minutes or more",F,2,2,47,54.0,3745.090000011,1.1481818181818182,2.569885511957524
2024,IL,Certified Clinical Nurse Specialist,93000,Routine electrocardiogram (ecg) using at least 12 leads with interpretation and report,O,4,4,361,398.0,3729.2699999983,1.1095193508114858,5.445705917518467
2024,IL,Critical Care (Intensivists),99213,"Established patient office or other outpatient visit with low level od decision making, if using time, 20 minutes or more",F,4,4,72,75.0,3723.869999996,1.0413978494623657,3.1994625373832184
2024,IN,Neurosurgery,99285,Emergency department visit with high level of medical decision making,F,2,2,29,29.0,3722.9500000199996,1.0,3.6499776361746514
2024,IL,Osteopathic Manipulative Medicine,99204,"New patient office or other outpatient visit with moderate level of medical decision making, if using time, 45 minutes or more",O,1,1,30,30.0,3689.1699998999998,1.0,2.7825950191676925
2023,IN,Interventional Cardiology,99203,"New patient office or other outpatient visit, 30-44 minutes",F,4,4,65,65.0,3652.4,1.0,1.9619557508276584
2023,IL,Psychiatry,99203,"New patient office or other outpatient visit, 30-44 minutes",O,1,1,48,48.0,3616.2000000000003,1.0,2.5304765422977464
2024,IN,Thoracic Surgery,99214,"Established patient office or other outpatient visit with moderate level of decision making, if using time, 30 minutes or more",F,4,4,47,51.0,3605.309999986,1.0871212121212122,2.015547405036393
2023,IN,Endocrinology,99215,"Established patient office or other outpatient visit, 40-54 minutes",F,2,2,35,37.0,3601.279999992,1.0476190476190477,1.9750076662518667
2023,IL,Nurse Practitioner,99232,"Subsequent hospital care with moderate levelof medical decision making, if using time, at least 35 minutes",O,2,2,43,72.0,3592.939999996,1.6261574074074074,1.9495068283753025
2023,IL,Interventional Pain Management,97110,"Therapy procedure using exercise to develop strength, endurance, range of motion, and flexibility, each 15 minutes",O,1,1,65,185.0,3549.75000003,2.8461538461538463,3.176838273207843
2024,IL,Allergy/ Immunology,99215,"Established patient office or other outpatient visit with high level of medical decision making, if using time, 40 minutes or more",F,2,2,27,33.0,3510.75000001,1.2333333333333334,3.5336918350531947
2024,IN,Psychiatry,99232,"Subsequent hospital care with moderate levelof medical decision making, if using time, at least 35 minutes",O,2,2,26,60.0,3492.279999996,2.3076923076923075,1.9798858850225112
2023,IN,Plastic and Reconstructive Surgery,99232,"Subsequent hospital care with moderate levelof medical decision making, if using time, at least 35 minutes",F,2,2,24,60.0,3460.189999995,2.5,2.621736163001898
2023,IN,Clinical Cardiac Electrophysiology,99203,"New patient office or other outpatient visit, 30-44 minutes",O,3,3,45,45.0,3449.199999996,1.0,1.8771957399274706
2024,IN,Physical Medicine and Rehabilitation,97110,"Therapy procedure using exercise to develop strength, endurance, range of motion, and flexibility, each 15 minutes",O,1,1,23,170.0,3431.90000003,7.391304347826087,4.875353976311745
2024,IN,Hospitalist,99203,"New patient office or other outpatient visit with low level of medical decision making, if using time, 30 minutes or more",O,2,2,49,49.0,3423.5400000160002,1.0,1.7080735025128593
2023,IN,Psychiatry,99215,"Established patient office or other outpatient visit, 40-54 minutes",F,1,1,23,38.0,3404.620000004,1.6521739130434783,3.0968524757700115
2023,IL,Geriatric Medicine,93000,Routine electrocardiogram (ecg) using at least 12 leads with interpretation and report,O,7,7,303,315.0,3399.5199999811,1.0303320621662515,5.805486631189055
2024,IN,Sleep Medicine,99214,"Established patient office or other outpatient visit with moderate level of decision making, if using time, 30 minutes or more",F,1,1,40,46.0,3392.290000018,1.15,2.203194046294493
2024,IL,Neuropsychiatry,99214,"Established patient office or other outpatient visit with moderate level of decision making, if using time, 30 minutes or more",F,2,2,34,42.0,3388.500000008,1.1904761904761905,2.8608952888689902
2023,IN,Certified Nurse Midwife,99213,"Established patient office or other outpatient visit, 20-29 minutes",O,3,3,50,61.0,3381.0699999959998,1.1861471861471862,1.4753195904938046
2023,IN,Neurology,99203,"New patient office or other outpatient visit, 30-44 minutes",F,3,3,56,56.0,3368.019999982,1.0,2.6507879060624915
2024,IL,Emergency Medicine,99204,"New patient office or other outpatient visit with moderate level of medical decision making, if using time, 45 minutes or more",F,1,1,32,32.0,3357.69,1.0,2.6299656149765878
2023,IN,Hematopoietic Cell Transplantation and Cellular Therapy,99232,"Subsequent hospital care with moderate levelof medical decision making, if using time, at least 35 minutes",F,1,1,13,56.0,3306.24,4.3076923076923075,1.918998129707113
2024,IL,Allergy/ Immunology,99203,"New patient office or other outpatient visit with low level of medical decision making, if using time, 30 minutes or more",F,2,2,54,54.0,3303.5300000019997,1.0,2.4148887310813896
2024,IL,Allergy/ Immunology,97110,"Therapy procedure using exercise to develop strength, endurance, range of motion, and flexibility, each 15 minutes",O,1,1,17,184.0,3293.840000032,10.823529411764707,4.673394548601586
2023,IN,Undefined Physician type,99213,"Established patient office or other outpatient visit, 20-29 minutes",O,1,1,50,50.0,3249.5399999999995,1.0,1.3244586576250288
2023,IN,Gynecological Oncology,99204,"New patient office or other outpatient visit, 45-59 minutes",F,2,2,34,34.0,3237.579999998,1.0,1.9582996138149276
2024,IL,Osteopathic Manipulative Medicine,99213,"Established patient office or other outpatient visit with low level od decision making, if using time, 20 minutes or more",F,1,1,57,68.0,3236.729999984,1.1929824561403508,1.0159923060128984
2024,IL,Emergency Medicine,99203,"New patient office or other outpatient visit with low level of medical decision making, if using time, 30 minutes or more",F,2,2,55,55.0,3229.54000001,1.0,3.372919571572508
2024,IL,Nurse Practitioner,99232,"Subsequent hospital care with moderate levelof medical decision making, if using time, at least 35 minutes",O,2,2,47,63.0,3214.749999994,1.3672161172161172,2.5914109622254147
2024,IN,Optometry,99213,"Established patient office or other outpatient visit with low level od decision making, if using time, 20 minutes or more",F,1,1,77,82.0,3213.82999996,1.0649350649350648,2.0447247232196437
2024,IN,Neurology,99285,Emergency department visit with high level of medical decision making,F,2,2,25,26.0,3197.4199999800003,1.0384615384615383,2.569105384334913
2023,IN,Hematopoietic Cell Transplantation and Cellular Therapy,99213,"Established patient office or other outpatient visit, 20-29 minutes",F,1,1,70,74.0,3152.7500000200002,1.0571428571428572,2.1778529765489374
2024,IN,Advanced Heart Failure and Transplant Cardiology,93000,Routine electrocardiogram (ecg) using at least 12 leads with interpretation and report,O,9,9,317,335.0,3130.6100000038,1.0397519348394322,5.754379467390395
2023,IL,Hand Surgery,99232,"Subsequent hospital care with moderate levelof medical decision making, if using time, at least 35 minutes",F,3,3,49,52.0,3130.149999995,1.0567595459236327,4.210378273313638
2024,IN,Otolaryngology,99215,"Established patient office or other outpatient visit with high level of medical decision making, if using time, 40 minutes or more",F,2,2,28,30.0,3125.38999995,1.0729166666666665,1.9498748369432248
2024,IN,Geriatric Medicine,99215,"Established patient office or other outpatient visit with high level of medical decision making, if using time, 40 minutes or more",F,1,1,26,32.0,3102.23,1.2307692307692308,1.8786069651741293
2024,IN,Certified Clinical Nurse Specialist,99204,"New patient office or other outpatient visit with moderate level of medical decision making, if using time, 45 minutes or more",F,1,1,39,39.0,3025.0399999949996,1.0,3.5321318210762946
2023,IN,Podiatry,99215,"Established patient office or other outpatient visit, 40-54 minutes",F,2,2,28,28.0,3023.05999999,1.0,2.5773683087947976
2023,IN,Endocrinology,99213,"Established patient office or other outpatient visit, 20-29 minutes",F,2,2,61,68.0,3012.2300000080004,1.0975935828877006,2.5278907812582894
2023,IL,Pain Management,99203,"New patient office or other outpatient visit, 30-44 minutes",F,2,2,48,48.0,3008.32000002,1.0,2.5829539756081115
2024,IN,Addiction Medicine,99213,"Established patient office or other outpatient visit with low level od decision making, if using time, 20 minutes or more",O,1,1,14,58.0,2999.860000004,4.142857142857143,1.1924256131390554
2023,IN,Certified Clinical Nurse Specialist,99203,"New patient office or other outpatient visit, 30-44 minutes",O,1,1,47,47.0,2993.9700000139997,1.0,2.513269887571842
2023,IN,Otolaryngology,99215,"Established patient office or other outpatient visit, 40-54 minutes",F,2,2,29,29.0,2993.6799999960003,1.0,2.186812836672604
2023,IN,Preventive Medicine,99215,"Established patient office or other outpatient visit, 40-54 minutes",O,1,1,21,24.0,2979.0199999200004,1.1428571428571428,2.433537933017332
2024,IL,Geriatric Medicine,93000,Routine electrocardiogram (ecg) using at least 12 leads with interpretation and report,O,8,8,268,285.0,2968.2899999249003,1.048841841029341,5.732635355610476
2024,IN,Sports Medicine,97110,"Therapy procedure using exercise to develop strength, endurance, range of motion, and flexibility, each 15 minutes",O,1,1,26,149.0,2962.229999995,5.730769230769231,6.239491418536925
2024,IN,Certified Nurse Midwife,99214,"Established patient office or other outpatient visit with moderate level of decision making, if using time, 30 minutes or more",O,1,1,29,41.0,2938.229999981,1.4137931034482758,1.5338508179768842
2024,IN,Sleep Medicine,99204,"New patient office or other outpatient visit with moderate level of medical decision making, if using time, 45 minutes or more",F,1,1,29,29.0,2937.5699999599997,1.0,2.6317416279129096
2024,IN,Gynecological Oncology,99204,"New patient office or other outpatient visit with moderate level of medical decision making, if using time, 45 minutes or more",F,2,2,31,31.0,2934.4,1.0,2.500480008886253
2024,IL,Endocrinology,99203,"New patient office or other outpatient visit with low level of medical decision making, if using time, 30 minutes or more",F,2,2,55,55.0,2907.419999998,1.0,2.9347773266689137
2024,IL,Hand Surgery,99232,"Subsequent hospital care with moderate levelof medical decision making, if using time, at least 35 minutes",F,4,4,49,50.0,2899.440000001,1.0192307692307692,3.9118787100873935
2023,IL,Peripheral Vascular Disease,99215,"Established patient office or other outpatient visit, 40-54 minutes",O,1,1,15,19.0,2892.9399999999996,1.2666666666666666,2.2815687099148354
2023,IN,Sports Medicine,99285,Emergency department visit with high level of medical decision making,F,1,1,22,22.0,2891.0099999,1.0,5.049539080768447
2023,IN,Sleep Medicine,99213,"Established patient office or other outpatient visit, 20-29 minutes",F,1,1,50,61.0,2880.519999984,1.22,2.033746813785516
2023,IN,Critical Care (Intensivists),99213,"Established patient office or other outpatient visit, 20-29 minutes",F,2,2,55,57.0,2873.169999999,1.04,2.2255071879939043
2024,IL,Peripheral Vascular Disease,99203,"New patient office or other outpatient visit with low level of medical decision making, if using time, 30 minutes or more",O,2,2,37,37.0,2861.320000011,1.0,3.0712300814875464
2024,IN,Oral Surgery (Dentist only),99204,"New patient office or other outpatient visit with moderate level of medical decision making, if using time, 45 minutes or more",O,2,2,25,25.0,2817.01999999,1.0,3.0681805509715283
2024,IN,Endocrinology,99203,"New patient office or other outpatient visit with low level of medical decision making, if using time, 30 minutes or more",F,1,1,51,51.0,2809.179999984,1.0,1.4472640761300555
2023,IL,Hospitalist,99232,"Subsequent hospital care with moderate levelof medical decision making, if using time, at least 35 minutes",O,1,1,29,49.0,2797.280000011,1.6896551724137931,2.9051277567735188
2024,IL,Diagnostic Radiology,93000,Routine electrocardiogram (ecg) using at least 12 leads with interpretation and report,O,2,2,206,237.0,2790.8199999959998,1.1101973684210527,6.069186200750266
2024,IN,Medical Oncology,99203,"New patient office or other outpatient visit with low level of medical decision making, if using time, 30 minutes or more",F,2,2,47,47.0,2783.400000005,1.0,2.636534508201921
2023,IL,Infectious Disease,99203,"New patient office or other outpatient visit, 30-44 minutes",F,3,3,43,43.0,2757.500000001,1.0,2.900083242361207
2023,IN,General Practice,99203,"New patient office or other outpatient visit, 30-44 minutes",O,2,2,47,47.0,2728.690000011,1.0,2.201043994108967
2024,IN,Pain Management,99203,"New patient office or other outpatient visit with low level of medical decision making, if using time, 30 minutes or more",F,3,3,48,48.0,2721.289999989,1.0,3.0929525548624333
2023,IL,Addiction Medicine,99232,"Subsequent hospital care with moderate levelof medical decision making, if using time, at least 35 minutes",F,1,1,19,41.0,2710.5099999999998,2.1578947368421053,1.9522776572668112
2023,IN,Diagnostic Radiology,99232,"Subsequent hospital care with moderate levelof medical decision making, if using time, at least 35 minutes",F,2,2,38,49.0,2706.5199999939996,1.2391304347826086,1.6262590743869803
2023,IN,Cardiac Surgery,99204,"New patient office or other outpatient visit, 45-59 minutes",F,2,2,26,26.0,2698.90999998,1.0,2.429769544115379
2023,IN,Advanced Heart Failure and Transplant Cardiology,93000,Routine electrocardiogram (ecg) using at least 12 leads with interpretation and report,O,8,8,262,273.0,2695.6900000217997,1.029726368159204,5.916360274185602
2023,IN,Podiatry,97110,"Therapy procedure using exercise to develop strength, endurance, range of motion, and flexibility, each 15 minutes",O,2,2,58,146.0,2690.260000021,5.0,2.89996492994097
2023,IL,Hematology,99203,"New patient office or other outpatient visit, 30-44 minutes",F,2,2,42,42.0,2677.0599999919996,1.0,1.5255049158267464
2023,IL,Endocrinology,99203,"New patient office or other outpatient visit, 30-44 minutes",F,3,3,40,40.0,2666.5099999980002,1.0,3.3584357374328087
2024,IL,Osteopathic Manipulative Medicine,99215,"Established patient office or other outpatient visit with high level of medical decision making, if using time, 40 minutes or more",O,1,1,19,20.0,2656.83,1.0526315789473684,2.234326283760941
2023,IN,Sports Medicine,99232,"Subsequent hospital care with moderate levelof medical decision making, if using time, at least 35 minutes",F,1,1,17,45.0,2655.45,2.6470588235294117,2.0523899540912773
2024,IN,Cardiac Surgery,99213,"Established patient office or other outpatient visit with low level od decision making, if using time, 20 minutes or more",F,1,1,52,54.0,2650.86,1.0384615384615385,1.5829278302181895
2024,IN,Sleep Medicine,99213,"Established patient office or other outpatient visit with low level od decision making, if using time, 20 minutes or more",F,2,2,58,61.0,2645.180000003,1.0789473684210527,2.4646817700807553
2024,IL,Neurosurgery,99285,Emergency department visit with high level of medical decision making,F,1,1,19,19.0,2637.25000002,1.0,4.045568606228976
2024,IL,Hematology,99203,"New patient office or other outpatient visit with low level of medical decision making, if using time, 30 minutes or more",O,2,2,38,38.0,2619.379999992,1.0,1.491002790359679
2023,IN,Medical Genetics and Genomics,99215,"Established patient office or other outpatient visit, 40-54 minutes",O,1,1,22,22.0,2607.0700000399997,1.0,1.8846795956863192
2024,IL,Optometry,99215,"Established patient office or other outpatient visit with high level of medical decision making, if using time, 40 minutes or more",F,1,1,20,20.0,2584.0,1.0,4.76777894282366
2023,IL,Undersea and Hyperbaric Medicine,99204,"New patient office or other outpatient visit, 45-59 minutes",F,1,1,25,25.0,2581.11,1.0,1.9154718847941699
2023,IL,Oral Surgery (Dentist only),99215,"Established patient office or other outpatient visit, 40-54 minutes",O,1,1,21,21.0,2571.85000002,1.0,1.2946819433754808
2023,IN,Interventional Radiology,99213,"Established patient office or other outpatient visit, 20-29 minutes",F,3,3,49,53.0,2553.719999996,1.0833333333333333,2.3190913714826507
2024,IL,Certified Registered Nurse Anesthetist (CRNA),99215,"Established patient office or other outpatient visit with high level of medical decision making, if using time, 40 minutes or more",F,1,1,24,24.0,2537.82,1.0,2.0419311695895415
2024,IN,Optometry,99214,"Established patient office or other outpatient visit with moderate level of decision making, if using time, 30 minutes or more",F,1,1,41,41.0,2533.399999982,1.0,2.044598760490943
2024,IL,Certified Registered Nurse Anesthetist (CRNA),99214,"Established patient office or other outpatient visit with moderate level of decision making, if using time, 30 minutes or more",O,1,1,21,28.0,2518.7000000119997,1.3333333333333333,1.6280600569922559
2023,IN,Orthopedic Surgery,99215,"Established patient office or other outpatient visit, 40-54 minutes",F,2,2,23,25.0,2516.59999998,1.0833333333333335,1.9130347761923714
2023,IL,Gynecological Oncology,99203,"New patient office or other outpatient visit, 30-44 minutes",O,2,2,29,29.0,2491.9799999979996,1.0,2.776329803390614
2023,IL,Emergency Medicine,99204,"New patient office or other outpatient visit, 45-59 minutes",F,2,2,23,23.0,2471.57999996,1.0,3.1150852935457314
2024,IL,Maxillofacial Surgery,99214,"Established patient office or other outpatient visit with moderate level of decision making, if using time, 30 minutes or more",O,1,1,21,27.0,2460.169999989,1.2857142857142858,2.698329560958897
2024,IL,Interventional Radiology,99213,"Established patient office or other outpatient visit with low level od decision making, if using time, 20 minutes or more",F,3,3,46,47.0,2450.209999999,1.0277777777777777,2.768866251895011
2023,IN,Preventive Medicine,99203,"New patient office or other outpatient visit, 30-44 minutes",O,2,2,31,31.0,2449.2799999960002,1.0,2.234744055898507
2023,IN,Physical Medicine and Rehabilitation,97110,"Therapy procedure using exercise to develop strength, endurance, range of motion, and flexibility, each 15 minutes",O,2,2,29,124.0,2436.590000032,3.965686274509804,7.826736259451642
2024,IN,Plastic and Reconstructive Surgery,99214,"Established patient office or other outpatient visit with moderate level of decision making, if using time, 30 minutes or more",F,1,1,33,37.0,2434.710000001,1.121212121212121,2.7783785082518646
2024,IL,Obstetrics & Gynecology,97110,"Therapy procedure using exercise to develop strength, endurance, range of motion, and flexibility, each 15 minutes",O,1,1,13,139.0,2427.230000009,10.692307692307692,3.9999872103520047
2024,IN,Cardiac Surgery,99204,"New patient office or other outpatient visit with moderate level of medical decision making, if using time, 45 minutes or more",F,2,2,24,24.0,2424.31,1.0,2.7845964116888613
2024,IL,Endocrinology,97110,"Therapy procedure using exercise to develop strength, endurance, range of motion, and flexibility, each 15 minutes",O,1,1,23,125.0,2404.5299999999997,5.434782608695652,2.4340824868698183
2024,IN,Infectious Disease,99203,"New patient office or other outpatient visit with low level of medical decision making, if using time, 30 minutes or more",F,3,3,41,41.0,2403.640000012,1.0,2.2141653979340807
2023,IN,Interventional Radiology,99214,"Established patient office or other outpatient visit, 30-39 minutes",F,2,2,25,33.0,2396.46,1.2954545454545454,2.117388919363686
2024,IL,Critical Care (Intensivists),99232,"Subsequent hospital care with moderate levelof medical decision making, if using time, at least 35 minutes",O,1,1,26,41.0,2392.559999991,1.5769230769230769,3.1538461538472045
2023,IL,Diagnostic Radiology,99215,"Established patient office or other outpatient visit, 40-54 minutes",F,1,1,18,20.0,2383.0,1.1111111111111112,2.0795720494817784
2024,IL,Osteopathic Manipulative Medicine,99203,"New patient office or other outpatient visit with low level of medical decision making, if using time, 30 minutes or more",O,2,2,31,31.0,2301.669999993,1.0,1.9019334313763823
2024,IN,Family Practice,99203,"New patient office or other outpatient visit with low level of medical decision making, if using time, 30 minutes or more",F,3,3,41,41.0,2287.499999995,1.0,2.583558910817979
2024,IL,Maxillofacial Surgery,99204,"New patient office or other outpatient visit with moderate level of medical decision making, if using time, 45 minutes or more",O,2,2,23,23.0,2287.170000046,1.0,1.1153526756236938
2023,IL,Undefined Physician type,99215,"Established patient office or other outpatient visit, 40-54 minutes",O,1,1,16,16.0,2283.9,1.0,1.83498297777252
2023,IN,Interventional Radiology,99203,"New patient office or other outpatient visit, 30-44 minutes",F,2,2,39,39.0,2261.07000001,1.0,2.801296729323924
2024,IN,Hospitalist,99203,"New patient office or other outpatient visit with low level of medical decision making, if using time, 30 minutes or more",F,2,2,47,47.0,2261.04,1.0,2.4464795110815665
2023,IN,Pediatric Medicine,99213,"Established patient office or other outpatient visit, 20-29 minutes",F,1,1,29,46.0,2259.06,1.5862068965517242,2.5308241401687215
2024,IL,Preventive Medicine,99213,"Established patient office or other outpatient visit with low level od decision making, if using time, 20 minutes or more",O,1,1,30,35.0,2245.480000015,1.1666666666666667,2.8695319474556817
2023,IN,Family Practice,99203,"New patient office or other outpatient visit, 30-44 minutes",F,2,2,38,38.0,2228.400000008,1.0,1.914536015381937
2024,IL,Hospice and Palliative Care,99214,"Established patient office or other outpatient visit with moderate level of decision making, if using time, 30 minutes or more",F,1,1,12,29.0,2171.1699999859998,2.4166666666666665,3.1287499312042564
2023,IN,Pediatric Medicine,99214,"Established patient office or other outpatient visit, 30-39 minutes",F,1,1,28,30.0,2164.8399999900003,1.0714285714285714,2.3694776179523376
2024,IL,Critical Care (Intensivists),93000,Routine electrocardiogram (ecg) using at least 12 leads with interpretation and report,O,2,2,208,212.0,2162.7499999310003,1.0105820105820107,4.492206650955207
2023,IL,Pulmonary Disease,99285,Emergency department visit with high level of medical decision making,F,1,1,13,13.0,2161.88000002,1.0,5.175276603369258
2023,IL,Hospice and Palliative Care,99213,"Established patient office or other outpatient visit, 20-29 minutes",F,2,2,24,40.0,2155.970000002,1.6713286713286712,1.6618337339416347
2024,IL,Medical Oncology,99203,"New patient office or other outpatient visit with low level of medical decision making, if using time, 30 minutes or more",F,2,2,36,36.0,2152.140000002,1.0,5.089175157355429
2023,IN,Interventional Pain Management,99213,"Established patient office or other outpatient visit, 20-29 minutes",F,1,1,40,52.0,2146.15000002,1.3,1.8277947080264507
2023,IN,Radiation Oncology,99203,"New patient office or other outpatient visit, 30-44 minutes",O,1,1,26,26.0,2144.48,1.0,2.657004830917874
2024,IN,Hand Surgery,99232,"Subsequent hospital care with moderate levelof medical decision making, if using time, at least 35 minutes",F,1,1,22,35.0,2098.18999999,1.5909090909090908,3.345635978370404
2023,IL,Interventional Radiology,99214,"Established patient office or other outpatient visit, 30-39 minutes",F,1,1,19,28.0,2092.419999992,1.4736842105263157,5.204551546014961
2023,IN,Nephrology,99285,Emergency department visit with high level of medical decision making,F,1,1,16,16.0,2091.04,1.0,2.261781381454612
2023,IN,General Practice,99215,"Established patient office or other outpatient visit, 40-54 minutes",F,1,1,20,20.0,2063.14,1.0,2.27103615055497
2024,IL,Geriatric Medicine,99203,"New patient office or other outpatient visit with low level of medical decision making, if using time, 30 minutes or more",O,2,2,34,34.0,2049.160000003,1.0,2.322144447306897
2024,IN,Hematopoietic Cell Transplantation and Cellular Therapy,99213,"Established patient office or other outpatient visit with low level od decision making, if using time, 20 minutes or more",F,1,1,40,46.0,2045.7999999780002,1.15,2.946619217069267
2024,IN,Medical Genetics and Genomics,99215,"Established patient office or other outpatient visit with high level of medical decision making, if using time, 40 minutes or more",O,1,1,17,17.0,2040.2800000299999,1.0,1.670596186449474
2023,IL,Certified Registered Nurse Anesthetist (CRNA),99204,"New patient office or other outpatient visit, 45-59 minutes",F,1,1,21,21.0,2035.990000002,1.0,4.4088330010734555
2023,IL,Clinical Cardiac Electrophysiology,99285,Emergency department visit with high level of medical decision making,F,1,1,16,16.0,2009.85,1.0,3.376740280714229
2023,IL,Hospice and Palliative Care,99204,"New patient office or other outpatient visit, 45-59 minutes",O,1,1,15,15.0,1998.64000005,1.0,2.832114495939701
2023,IL,Interventional Radiology,99213,"Established patient office or other outpatient visit, 20-29 minutes",F,2,2,35,39.0,1997.579999988,1.1079545454545454,1.954909788929505
2024,IL,Diagnostic Radiology,99204,"New patient office or other outpatient visit with moderate level of medical decision making, if using time, 45 minutes or more",F,1,1,21,21.0,1962.0999999929998,1.0,4.472996565224517
2023,IL,Hand Surgery,99215,"Established patient office or other outpatient visit, 40-54 minutes",F,1,1,15,16.0,1950.88,1.0666666666666667,2.428937175868181
2023,IL,Osteopathic Manipulative Medicine,99203,"New patient office or other outpatient visit, 30-44 minutes",O,2,2,23,23.0,1941.1599999999999,1.0,1.8681784416925598
2024,IL,Plastic and Reconstructive Surgery,99232,"Subsequent hospital care with moderate levelof medical decision making, if using time, at least 35 minutes",F,1,1,23,33.0,1940.909999985,1.434782608695652,2.084411821513221
2023,IN,Orthopedic Surgery,93000,Routine electrocardiogram (ecg) using at least 12 leads with interpretation and report,O,5,5,193,194.0,1936.6299999992,1.0032258064516129,4.458204016622804
2023,IN,Hematopoietic Cell Transplantation and Cellular Therapy,99214,"Established patient office or other outpatient visit, 30-39 minutes",O,1,1,24,26.0,1919.509999992,1.0833333333333333,1.9799336657099307
2024,IL,Osteopathic Manipulative Medicine,99214,"Established patient office or other outpatient visit with moderate level of decision making, if using time, 30 minutes or more",F,1,1,24,28.0,1908.6200000000001,1.1666666666666667,1.015092148054801
2024,IL,Adult Congenital Heart Disease,99204,"New patient office or other outpatient visit with moderate level of medical decision making, if using time, 45 minutes or more",F,1,1,19,19.0,1883.920000009,1.0,2.637920533298599
2023,IL,Adult Congenital Heart Disease,99214,"Established patient office or other outpatient visit, 30-39 minutes",O,1,1,22,25.0,1880.35,1.1363636363636365,2.080673648691906
2023,IL,Adult Congenital Heart Disease,99213,"Established patient office or other outpatient visit, 20-29 minutes",F,1,1,35,40.0,1876.97,1.1428571428571428,2.0420207315792713
2023,IL,General Practice,93000,Routine electrocardiogram (ecg) using at least 12 leads with interpretation and report,O,7,7,171,191.0,1869.9900000037,1.1283917340521115,4.757167813239503
2023,IN,Plastic and Reconstructive Surgery,99214,"Established patient office or other outpatient visit, 30-39 minutes",F,1,1,22,26.0,1857.750000002,1.1818181818181819,2.693039115355135
2023,IL,Dentist,99203,"New patient office or other outpatient visit, 30-44 minutes",F,1,1,28,28.0,1834.920000004,1.0,5.655222250658791
2024,IN,Nuclear Medicine,99215,"Established patient office or other outpatient visit with high level of medical decision making, if using time, 40 minutes or more",F,1,1,13,16.0,1830.11,1.2307692307692308,1.62026391198217
2023,IN,Neurosurgery,99285,Emergency department visit with high level of medical decision making,F,1,1,14,14.0,1829.6599999999999,1.0,2.956776199475706
2023,IL,Certified Clinical Nurse Specialist,99203,"New patient office or other outpatient visit, 30-44 minutes",F,2,2,39,39.0,1822.540000006,1.0,4.210800812588858
2023,IN,Interventional Radiology,99215,"Established patient office or other outpatient visit, 40-54 minutes",O,1,1,13,15.0,1822.38,1.1538461538461537,4.487907241811882
2024,IL,Sleep Medicine,99203,"New patient office or other outpatient visit with low level of medical decision making, if using time, 30 minutes or more",F,1,1,36,36.0,1821.890000016,1.0,1.5901026486209857
2023,IL,Critical Care (Intensivists),99203,"New patient office or other outpatient visit, 30-44 minutes",F,2,2,28,28.0,1820.02,1.0,3.390657895548045
2023,IN,Neurosurgery,99213,"Established patient office or other outpatient visit, 20-29 minutes",F,2,2,40,42.0,1819.549999993,1.0520833333333335,2.313050488758759
2024,IL,Peripheral Vascular Disease,99215,"Established patient office or other outpatient visit with high level of medical decision making, if using time, 40 minutes or more",O,1,1,11,12.0,1813.6100000400002,1.0909090909090908,2.246793530507353
2024,IL,Oral Surgery (Dentist only),99215,"Established patient office or other outpatient visit with high level of medical decision making, if using time, 40 minutes or more",O,1,1,16,16.0,1809.65,1.0,1.3269709701336476
2024,IN,Orthopedic Surgery,93000,Routine electrocardiogram (ecg) using at least 12 leads with interpretation and report,O,5,5,190,191.0,1800.5100000066,1.0050000000000001,4.5944342392713775
2023,IL,Sports Medicine,99232,"Subsequent hospital care with moderate levelof medical decision making, if using time, at least 35 minutes",F,2,2,26,28.0,1798.0,1.0787878787878786,2.7963685846725888
2023,IL,General Practice,99203,"New patient office or other outpatient visit, 30-44 minutes",F,1,1,27,27.0,1790.1,1.0,4.5278918135716015
2024,IL,Hematology,99213,"Established patient office or other outpatient visit with low level od decision making, if using time, 20 minutes or more",F,2,2,37,40.0,1785.750000004,1.0839160839160837,3.9001202251277114
2023,IN,Allergy/ Immunology,99214,"Established patient office or other outpatient visit, 30-39 minutes",F,1,1,14,24.0,1783.44,1.7142857142857142,3.5965101249461435
2024,IL,Psychiatry,99203,"New patient office or other outpatient visit with low level of medical decision making, if using time, 30 minutes or more",O,1,1,23,23.0,1781.269999997,1.0,3.266944652998703
2024,IN,Oral Surgery (Dentist only),99213,"Established patient office or other outpatient visit with low level od decision making, if using time, 20 minutes or more",O,1,1,24,30.0,1780.8,1.25,4.364377984878843
2023,IN,Hospice and Palliative Care,99204,"New patient office or other outpatient visit, 45-59 minutes",O,1,1,20,20.0,1775.3999999999999,1.0,1.3407374700670691
2024,IN,Radiation Oncology,99203,"New patient office or other outpatient visit with low level of medical decision making, if using time, 30 minutes or more",F,2,2,32,32.0,1763.9100000059998,1.0,3.8706315875170745
2024,IN,Physical Therapist in Private Practice,97110,"Therapy procedure using exercise to develop strength, endurance, range of motion, and flexibility, each 15 minutes",F,1,1,17,83.0,1762.5600000329998,4.882352941176471,1.8759521022049261
2024,IL,Nephrology,99285,Emergency department visit with high level of medical decision making,F,1,1,11,11.0,1752.4900000300001,1.0,5.103718344109423
2023,IL,Neurosurgery,99285,Emergency department visit with high level of medical decision making,F,1,1,11,12.0,1751.04,1.0909090909090908,3.8961688961506957
2024,IN,Undersea and Hyperbaric Medicine,99204,"New patient office or other outpatient visit with moderate level of medical decision making, if using time, 45 minutes or more",F,1,1,20,20.0,1744.53,1.0,2.9497050294970504
2023,IN,Hospitalist,99232,"Subsequent hospital care with moderate levelof medical decision making, if using time, at least 35 minutes",O,1,1,19,30.0,1730.67999999,1.5789473684210527,5.715400914464146
2023,IL,Obstetrics & Gynecology,97110,"Therapy procedure using exercise to develop strength, endurance, range of motion, and flexibility, each 15 minutes",O,1,1,14,99.0,1714.7500000290001,7.071428571428571,3.9504837236558603
2023,IL,Certified Clinical Nurse Specialist,99204,"New patient office or other outpatient visit, 45-59 minutes",F,1,1,18,18.0,1714.32,1.0,3.011544252969717
2023,IN,Pediatric Medicine,99204,"New patient office or other outpatient visit, 45-59 minutes",O,1,1,16,16.0,1711.55,1.0,1.8972165129136593
2023,IN,Radiation Oncology,99203,"New patient office or other outpatient visit, 30-44 minutes",F,1,1,28,28.0,1711.08,1.0,4.015645371577575
2024,IL,Adult Congenital Heart Disease,99213,"Established patient office or other outpatient visit with low level od decision making, if using time, 20 minutes or more",F,1,1,29,32.0,1685.78,1.103448275862069,2.0659529849174443
2024,IL,Pathology,99214,"Established patient office or other outpatient visit with moderate level of decision making, if using time, 30 minutes or more",O,1,1,16,16.0,1681.6,1.0,1.7360321431278902
2024,IN,Surgical Oncology,99203,"New patient office or other outpatient visit with low level of medical decision making, if using time, 30 minutes or more",F,2,2,30,30.0,1680.570000008,1.0,2.0393799374624564
2024,IN,Preventive Medicine,99204,"New patient office or other outpatient visit with moderate level of medical decision making, if using time, 45 minutes or more",O,1,1,20,20.0,1677.23,1.0,3.0927994506089393
2024,IL,Interventional Radiology,99204,"New patient office or other outpatient visit with moderate level of medical decision making, if using time, 45 minutes or more",F,1,1,17,17.0,1677.000000008,1.0,4.574461821493841
2023,IN,Neurosurgery,99203,"New patient office or other outpatient visit, 30-44 minutes",F,2,2,27,27.0,1673.97,1.0,3.1730458135158512
2023,IL,Gynecological Oncology,99203,"New patient office or other outpatient visit, 30-44 minutes",F,2,2,24,24.0,1642.3200000030001,1.0,3.445507892966003
2024,IN,Cardiac Surgery,99203,"New patient office or other outpatient visit with low level of medical decision making, if using time, 30 minutes or more",F,2,2,27,27.0,1622.010000004,1.0,1.8588857320349859
2024,IN,Obstetrics & Gynecology,99203,"New patient office or other outpatient visit with low level of medical decision making, if using time, 30 minutes or more",F,2,2,32,32.0,1621.82,1.0,2.112250985650396
2024,IN,Thoracic Surgery,99215,"Established patient office or other outpatient visit with high level of medical decision making, if using time, 40 minutes or more",F,1,1,14,15.0,1605.54,1.0714285714285714,2.0917387485298278
2023,IN,Obstetrics & Gynecology,99203,"New patient office or other outpatient visit, 30-44 minutes",F,2,2,31,31.0,1598.829999997,1.0,2.314983991689715
2024,IN,Interventional Radiology,99213,"Established patient office or other outpatient visit with low level od decision making, if using time, 20 minutes or more",F,2,2,31,33.0,1592.51,1.0645833333333332,2.045303984152583
2023,IN,Undersea and Hyperbaric Medicine,99204,"New patient office or other outpatient visit, 45-59 minutes",F,1,1,18,18.0,1582.239999996,1.0,2.847286766257531
2023,IN,Hematology,99213,"Established patient office or other outpatient visit, 20-29 minutes",O,1,1,26,28.0,1565.490000004,1.0769230769230769,1.2731815941182403
2024,IN,Oral Surgery (Dentist only),99203,"New patient office or other outpatient visit with low level of medical decision making, if using time, 30 minutes or more",O,1,1,20,20.0,1554.71,1.0,1.124476096364194
2023,IL,Maxillofacial Surgery,99214,"Established patient office or other outpatient visit, 30-39 minutes",O,1,1,15,17.0,1541.1899999979998,1.1333333333333333,2.655938757228761
2023,IL,Adult Congenital Heart Disease,99204,"New patient office or other outpatient visit, 45-59 minutes",F,1,1,14,14.0,1532.84999994,1.0,2.5620568260781895
2023,IL,Sleep Medicine,99203,"New patient office or other outpatient visit, 30-44 minutes",F,1,1,28,28.0,1531.429999988,1.0,1.7332702861075855
2024,IL,General Practice,93000,Routine electrocardiogram (ecg) using at least 12 leads with interpretation and report,O,5,5,135,149.0,1528.4900000196,1.0778968253968253,4.351415469608645
2024,IL,Maxillofacial Surgery,99214,"Established patient office or other outpatient visit with moderate level of decision making, if using time, 30 minutes or more",F,1,1,13,21.0,1527.2600000070001,1.6153846153846154,5.426099951994131
2024,IN,Sleep Medicine,99203,"New patient office or other outpatient visit with low level of medical decision making, if using time, 30 minutes or more",F,1,1,35,35.0,1524.079999995,1.0,2.9905739891531464
2023,IL,Geriatric Medicine,99204,"New patient office or other outpatient visit, 45-59 minutes",F,1,1,15,15.0,1522.81999995,1.0,4.029933402439544
2024,IL,Obstetrics & Gynecology,93000,Routine electrocardiogram (ecg) using at least 12 leads with interpretation and report,O,3,3,137,151.0,1509.770000011,1.111111111111111,5.711243376545373
2024,IN,Dentist,99213,"Established patient office or other outpatient visit with low level od decision making, if using time, 20 minutes or more",O,1,1,14,23.0,1499.589999991,1.6428571428571428,4.237280439244779
2024,IL,Dentist,99203,"New patient office or other outpatient visit with low level of medical decision making, if using time, 30 minutes or more",F,1,1,22,22.0,1498.790000004,1.0,6.081321730605693
2024,IN,Rheumatology,99203,"New patient office or other outpatient visit with low level of medical decision making, if using time, 30 minutes or more",F,2,2,26,26.0,1485.590000011,1.0,2.2461786740791494
2024,IN,Psychiatry,99215,"Established patient office or other outpatient visit with high level of medical decision making, if using time, 40 minutes or more",F,1,1,15,15.0,1484.55,1.0,3.216764655883274
2023,IN,Infectious Disease,99285,Emergency department visit with high level of medical decision making,F,1,1,11,11.0,1471.25,1.0,1.943427330959363
2023,IL,Certified Registered Nurse Anesthetist (CRNA),99213,"Established patient office or other outpatient visit, 20-29 minutes",O,1,1,15,23.0,1471.169999989,1.5333333333333334,1.5502221168114019
2023,IN,Oral Surgery (Dentist only),99213,"Established patient office or other outpatient visit, 20-29 minutes",O,1,1,19,24.0,1469.16,1.263157894736842,4.329328832423866
2024,IN,Oral Surgery (Dentist only),99215,"Established patient office or other outpatient visit with high level of medical decision making, if using time, 40 minutes or more",O,1,1,12,12.0,1465.3299999600001,1.0,1.8657125487480335
2023,IL,Critical Care (Intensivists),93000,Routine electrocardiogram (ecg) using at least 12 leads with interpretation and report,O,1,1,146,149.0,1464.4799999978002,1.0205479452054795,3.3907141576298985
2023,IN,Critical Care (Intensivists),99204,"New patient office or other outpatient visit, 45-59 minutes",F,1,1,15,15.0,1452.169999995,1.0,1.7808768133365391
2023,IL,Physical Medicine and Rehabilitation,93000,Routine electrocardiogram (ecg) using at least 12 leads with interpretation and report,O,2,2,122,123.0,1431.889999992,1.0052631578947369,2.7022944535260645
2024,IN,Pediatric Medicine,99204,"New patient office or other outpatient visit with moderate level of medical decision making, if using time, 45 minutes or more",O,1,1,14,14.0,1427.8299999600001,1.0,2.8411072707947165
2024,IN,Cardiology,99285,Emergency department visit with high level of medical decision making,F,1,1,11,11.0,1413.28,1.0,2.5550387596899227
2023,IN,Certified Registered Nurse Anesthetist (CRNA),99213,"Established patient office or other outpatient visit, 20-29 minutes",O,1,1,35,35.0,1407.609999985,1.0,1.7398704552710673
2023,IL,Undersea and Hyperbaric Medicine,99203,"New patient office or other outpatient visit, 30-44 minutes",F,1,1,22,22.0,1406.069999994,1.0,2.1083976520213277
2023,IL,Neuropsychiatry,99214,"Established patient office or other outpatient visit, 30-39 minutes",F,1,1,20,20.0,1405.5600000000002,1.0,1.5011524977240591
2023,IN,Thoracic Surgery,99215,"Established patient office or other outpatient visit, 40-54 minutes",F,1,1,14,14.0,1397.280000004,1.0,2.080567793045823
2023,IL,Maxillofacial Surgery,99204,"New patient office or other outpatient visit, 45-59 minutes",F,1,1,13,13.0,1387.66999995,1.0,5.200310888150922
2024,IL,Anesthesiology,99232,"Subsequent hospital care with moderate levelof medical decision making, if using time, at least 35 minutes",O,1,1,16,23.0,1385.98,1.4375,2.935343117810393
2024,IL,Interventional Pain Management,97110,"Therapy procedure using exercise to develop strength, endurance, range of motion, and flexibility, each 15 minutes",O,1,1,25,81.0,1371.9799999709999,3.24,3.3075399660842884
2024,IN,Certified Registered Nurse Anesthetist (CRNA),99213,"Established patient office or other outpatient visit with low level od decision making, if using time, 20 minutes or more",O,1,1,28,28.0,1370.639999988,1.0,2.083530213470246
2023,IN,Certified Clinical Nurse Specialist,99203,"New patient office or other outpatient visit, 30-44 minutes",F,1,1,27,27.0,1369.790000001,1.0,3.744819749557184
2023,IL,Addiction Medicine,99203,"New patient office or other outpatient visit, 30-44 minutes",O,1,1,31,31.0,1361.449999985,1.0,1.10711468816394
2024,IL,Cardiology,99232,"Subsequent hospital care with moderate levelof medical decision making, if using time, at least 35 minutes",O,1,1,15,26.0,1358.5,1.7333333333333334,2.568880249568635
2023,IN,Psychiatry,99203,"New patient office or other outpatient visit, 30-44 minutes",F,1,1,23,23.0,1344.419999994,1.0,2.996572917555155
2023,IN,Pediatric Medicine,99203,"New patient office or other outpatient visit, 30-44 minutes",F,1,1,27,27.0,1344.419999991,1.0,2.820691813319533
2023,IN,Colorectal Surgery (Proctology),99203,"New patient office or other outpatient visit, 30-44 minutes",F,1,1,24,24.0,1340.920000008,1.0,2.7331490560808107
2023,IL,Osteopathic Manipulative Medicine,99232,"Subsequent hospital care with moderate levelof medical decision making, if using time, at least 35 minutes",F,1,1,13,20.0,1331.8000000000002,1.5384615384615385,4.577042894799905
2024,IN,Hematology-Oncology,99232,"Subsequent hospital care with moderate levelof medical decision making, if using time, at least 35 minutes",O,1,1,11,23.0,1328.410000006,2.090909090909091,1.986409409045665
2024,IL,Geriatric Medicine,99204,"New patient office or other outpatient visit with moderate level of medical decision making, if using time, 45 minutes or more",F,1,1,12,12.0,1328.22,1.0,4.626163739346387
2024,IN,Diagnostic Radiology,99215,"Established patient office or other outpatient visit with high level of medical decision making, if using time, 40 minutes or more",O,1,1,11,11.0,1300.50000003,1.0,3.5821478775190565
2023,IL,Interventional Radiology,99204,"New patient office or other outpatient visit, 45-59 minutes",F,1,1,13,13.0,1290.6699999960001,1.0,4.2957268822066474
2023,IL,Certified Nurse Midwife,99204,"New patient office or other outpatient visit, 45-59 minutes",O,1,1,11,11.0,1285.7600000300001,1.0,1.9559255784562009
2023,IL,Obstetrics & Gynecology,93000,Routine electrocardiogram (ecg) using at least 12 leads with interpretation and report,O,2,2,97,114.0,1280.440000005,1.2023809523809523,4.622978603636397
2024,IL,General Practice,99204,"New patient office or other outpatient visit with moderate level of medical decision making, if using time, 45 minutes or more",F,1,1,12,12.0,1271.46,1.0,4.1122340703115485
2023,IL,Peripheral Vascular Disease,99203,"New patient office or other outpatient visit, 30-44 minutes",O,1,1,14,14.0,1257.229999998,1.0,3.183820703214588
2024,IL,Addiction Medicine,99203,"New patient office or other outpatient visit with low level of medical decision making, if using time, 30 minutes or more",O,1,1,28,28.0,1251.849999988,1.0,1.011648593888926
2023,IL,Cardiac Surgery,99213,"Established patient office or other outpatient visit, 20-29 minutes",F,1,1,26,27.0,1235.4199999920002,1.0384615384615385,4.07215173644752
2024,IN,Oral Surgery (Dentist only),99214,"Established patient office or other outpatient visit with moderate level of decision making, if using time, 30 minutes or more",O,1,1,12,13.0,1232.79,1.0833333333333333,2.2762819435389012
2023,IL,Maxillofacial Surgery,99214,"Established patient office or other outpatient visit, 30-39 minutes",F,1,1,13,15.0,1202.73,1.1538461538461537,5.208164008570003
2024,IN,Colorectal Surgery (Proctology),99215,"Established patient office or other outpatient visit with high level of medical decision making, if using time, 40 minutes or more",F,1,1,11,11.0,1176.4799999699999,1.0,2.00653701144664
2023,IN,Oral Surgery (Dentist only),99203,"New patient office or other outpatient visit, 30-44 minutes",O,1,1,16,16.0,1153.88,1.0,1.1095031355523395
2024,IL,Diagnostic Radiology,99203,"New patient office or other outpatient visit with low level of medical decision making, if using time, 30 minutes or more",F,1,1,17,17.0,1147.059999999,1.0,1.0030087238947551
2023,IN,Oral Surgery (Dentist only),99214,"Established patient office or other outpatient visit, 30-39 minutes",O,1,1,12,12.0,1135.8000000000002,1.0,2.5451076128461994
2023,IN,Hematopoietic Cell Transplantation and Cellular Therapy,99213,"Established patient office or other outpatient visit, 20-29 minutes",O,1,1,22,23.0,1131.229999989,1.0454545454545454,2.0770038108049484
2023,IL,Pediatric Medicine,93000,Routine electrocardiogram (ecg) using at least 12 leads with interpretation and report,O,4,4,111,121.0,1123.7099999903999,1.0658422459893049,6.346846334714994
2023,IL,Diagnostic Radiology,99204,"New patient office or other outpatient visit, 45-59 minutes",F,1,1,11,11.0,1122.3499999800001,1.0,1.6854302023222618
2023,IL,Endocrinology,93000,Routine electrocardiogram (ecg) using at least 12 leads with interpretation and report,O,2,2,85,98.0,1111.1700000156002,1.12,2.536270360820262
2024,IN,Interventional Pain Management,99232,"Subsequent hospital care with moderate levelof medical decision making, if using time, at least 35 minutes",F,1,1,19,19.0,1105.23,1.0,2.054513080399945
2023,IL,Ophthalmology,99232,"Subsequent hospital care with moderate levelof medical decision making, if using time, at least 35 minutes",F,1,1,16,20.0,1099.6200000000001,1.25,2.4090110033205288
2024,IL,Certified Registered Nurse Anesthetist (CRNA),99204,"New patient office or other outpatient visit with moderate level of medical decision making, if using time, 45 minutes or more",O,1,1,13,13.0,1088.389999996,1.0,2.009169224173924
2023,IN,Interventional Radiology,99204,"New patient office or other outpatient visit, 45-59 minutes",F,1,1,11,11.0,1087.24,1.0,2.5632758342737385
2024,IN,Thoracic Surgery,99203,"New patient office or other outpatient visit with low level of medical decision making, if using time, 30 minutes or more",F,1,1,18,18.0,1078.599999996,1.0,2.406701533541323
2024,IL,Endocrinology,93000,Routine electrocardiogram (ecg) using at least 12 leads with interpretation and report,O,2,2,93,102.0,1077.800000016,1.0891181988742964,2.5395956530980532
2024,IN,Pediatric Medicine,99203,"New patient office or other outpatient visit with low level of medical decision making, if using time, 30 minutes or more",O,1,1,14,14.0,1063.819999998,1.0,1.7598811004260073
2023,IL,Pediatric Medicine,99213,"Established patient office or other outpatient visit, 20-29 minutes",F,2,2,24,26.0,1054.8200000000002,1.0833333333333333,4.886043751984226
2023,IL,Maxillofacial Surgery,99213,"Established patient office or other outpatient visit, 20-29 minutes",F,1,1,16,20.0,1054.69,1.25,5.200701088986582
2023,IN,Dentist,99213,"Established patient office or other outpatient visit, 20-29 minutes",O,1,1,17,19.0,1052.719999991,1.1176470588235294,3.977307167314457
2023,IL,Maxillofacial Surgery,99203,"New patient office or other outpatient visit, 30-44 minutes",F,1,1,15,15.0,1041.6,1.0,5.1008152296496645
2024,IL,Pediatric Medicine,93000,Routine electrocardiogram (ecg) using at least 12 leads with interpretation and report,O,3,3,95,105.0,1041.1399999973,1.0740740740740742,6.7096231013194725
2024,IN,Plastic and Reconstructive Surgery,99232,"Subsequent hospital care with moderate levelof medical decision making, if using time, at least 35 minutes",F,1,1,11,18.0,1040.410000008,1.6363636363636365,1.957345790104399
2023,IL,Preventive Medicine,99203,"New patient office or other outpatient visit, 30-44 minutes",O,1,1,14,14.0,1038.329999994,1.0,1.505349215843002
2024,IN,Sleep Medicine,99232,"Subsequent hospital care with moderate levelof medical decision making, if using time, at least 35 minutes",O,1,1,12,20.0,1034.9299999999998,1.6666666666666667,1.5039357584872337
2024,IL,Pulmonary Disease,93000,Routine electrocardiogram (ecg) using at least 12 leads with interpretation and report,O,2,2,83,93.0,1004.560000002,1.0735294117647058,5.461021077290318
2023,IN,Interventional Radiology,99232,"Subsequent hospital care with moderate levelof medical decision making, if using time, at least 35 minutes",F,1,1,15,17.0,1003.17,1.1333333333333333,2.2001239058871183
2024,IL,Interventional Cardiology,99203,"New patient office or other outpatient visit with low level of medical decision making, if using time, 30 minutes or more",F,1,1,19,19.0,1001.970000002,1.0,4.377228487773439
2024,IN,Thoracic Surgery,99213,"Established patient office or other outpatient visit with low level od decision making, if using time, 20 minutes or more",F,1,1,18,21.0,993.579999993,1.1666666666666667,2.0879654276058934
2024,IL,Gynecological Oncology,99203,"New patient office or other outpatient visit with low level of medical decision making, if using time, 30 minutes or more",F,1,1,15,15.0,968.43,1.0,4.0960079437888695
2023,IN,Obstetrics & Gynecology,99232,"Subsequent hospital care with moderate levelof medical decision making, if using time, at least 35 minutes",F,1,1,11,16.0,962.88,1.4545454545454546,1.8609597235145552
2024,IN,Maxillofacial Surgery,99203,"New patient office or other outpatient visit with low level of medical decision making, if using time, 30 minutes or more",O,1,1,12,12.0,949.6299999959999,1.0,1.972203190760497
2023,IN,Undersea and Hyperbaric Medicine,99214,"Established patient office or other outpatient visit, 30-39 minutes",F,1,1,11,13.0,944.5799999999999,1.1818181818181819,2.8402237087399933
2023,IN,General Practice,99214,"Established patient office or other outpatient visit, 30-39 minutes",F,1,1,13,13.0,944.0600000000001,1.0,2.369720241360395
2024,IN,Portable X-Ray Supplier,93000,Routine electrocardiogram (ecg) using at least 12 leads with interpretation and report,O,1,1,79,90.0,940.4999999999999,1.139240506329114,1.1987292442833368
2023,IL,Neuropsychiatry,99213,"Established patient office or other outpatient visit, 20-29 minutes",F,1,1,13,20.0,936.87,1.5384615384615385,3.340159796936745
2024,IN,Interventional Radiology,99214,"Established patient office or other outpatient visit with moderate level of decision making, if using time, 30 minutes or more",F,1,1,12,14.0,932.879999996,1.1666666666666667,2.0316886330081494
2024,IL,Neuropsychiatry,99213,"Established patient office or other outpatient visit with low level od decision making, if using time, 20 minutes or more",F,1,1,16,18.0,925.819999992,1.125,3.466991671809872
2023,IN,Diagnostic Radiology,99203,"New patient office or other outpatient visit, 30-44 minutes",F,1,1,16,16.0,923.48,1.0,3.9684444657801676
2023,IN,Surgical Oncology,99203,"New patient office or other outpatient visit, 30-44 minutes",F,1,1,16,16.0,916.65,1.0,2.8263258577882695
2023,IN,Rheumatology,99203,"New patient office or other outpatient visit, 30-44 minutes",F,1,1,19,19.0,916.649999998,1.0,2.052930315249768
2024,IL,Hospitalist,99203,"New patient office or other outpatient visit with low level of medical decision making, if using time, 30 minutes or more",F,1,1,14,14.0,915.430000002,1.0,2.7563763576589824
2023,IN,Nephrology,99204,"New patient office or other outpatient visit, 45-59 minutes",F,1,1,15,15.0,913.5600000000001,1.0,2.5073163436837174
2024,IL,Neuropsychiatry,99203,"New patient office or other outpatient visit with low level of medical decision making, if using time, 30 minutes or more",O,1,1,14,14.0,903.4799999960001,1.0,3.261501028777819
2024,IL,Gynecological Oncology,99203,"New patient office or other outpatient visit with low level of medical decision making, if using time, 30 minutes or more",O,1,1,11,11.0,880.619999996,1.0,2.1696616671087625
2023,IN,Pathology,99213,"Established patient office or other outpatient visit, 20-29 minutes",O,1,1,13,14.0,868.14,1.0769230769230769,1.6683122808240582
2023,IN,Critical Care (Intensivists),99203,"New patient office or other outpatient visit, 30-44 minutes",F,1,1,14,14.0,855.54,1.0,1.4276401564537158
2024,IL,Addiction Medicine,99232,"Subsequent hospital care with moderate levelof medical decision making, if using time, at least 35 minutes",F,1,1,11,15.0,853.420000005,1.3636363636363635,2.115729534896981
2023,IN,Gynecological Oncology,99203,"New patient office or other outpatient visit, 30-44 minutes",O,1,1,11,11.0,850.709999997,1.0,2.108074904153263
2023,IN,Advanced Heart Failure and Transplant Cardiology,99213,"Established patient office or other outpatient visit, 20-29 minutes",O,1,1,14,14.0,847.379999998,1.0,2.725918440231992
2024,IL,Certified Registered Nurse Anesthetist (CRNA),99203,"New patient office or other outpatient visit with low level of medical decision making, if using time, 30 minutes or more",F,1,1,17,17.0,836.2200000050001,1.0,3.0529560804107216
2024,IL,Plastic and Reconstructive Surgery,97110,"Therapy procedure using exercise to develop strength, endurance, range of motion, and flexibility, each 15 minutes",O,1,1,16,36.0,829.940000004,2.25,2.47288980069434
2023,IL,Pathology,99213,"Established patient office or other outpatient visit, 20-29 minutes",O,1,1,12,12.0,827.52,1.0,3.0387059503177354
2023,IN,Advanced Heart Failure and Transplant Cardiology,99214,"Established patient office or other outpatient visit, 30-39 minutes",F,1,1,11,13.0,801.519999995,1.1818181818181819,1.9640603615380285
2024,IN,Hematology,99213,"Established patient office or other outpatient visit with low level od decision making, if using time, 20 minutes or more",O,1,1,13,15.0,798.1399999949999,1.1538461538461537,1.590694645085508
2023,IL,Interventional Radiology,99203,"New patient office or other outpatient visit, 30-44 minutes",F,1,1,13,13.0,795.6,1.0,1.048473700823772
2023,IN,Infectious Disease,99203,"New patient office or other outpatient visit, 30-44 minutes",F,1,1,14,14.0,794.43,1.0,1.8101483651990518
2024,IL,Maxillofacial Surgery,99213,"Established patient office or other outpatient visit with low level od decision making, if using time, 20 minutes or more",F,1,1,15,17.0,779.950000005,1.1333333333333333,5.773010006306847
2023,IL,Pulmonary Disease,93000,Routine electrocardiogram (ecg) using at least 12 leads with interpretation and report,O,1,1,60,67.0,778.880000009,1.1166666666666667,7.9130511170421665
2023,IN,Interventional Pain Management,99232,"Subsequent hospital care with moderate levelof medical decision making, if using time, at least 35 minutes",F,1,1,12,13.0,767.13,1.0833333333333333,2.0253848231163922
2024,IL,Maxillofacial Surgery,99203,"New patient office or other outpatient visit with low level of medical decision making, if using time, 30 minutes or more",F,1,1,11,11.0,761.31,1.0,5.592712177121771
2023,IL,Diagnostic Radiology,93000,Routine electrocardiogram (ecg) using at least 12 leads with interpretation and report,O,1,1,53,62.0,758.600000002,1.169811320754717,5.887380115798754
2023,IL,Certified Registered Nurse Anesthetist (CRNA),99203,"New patient office or other outpatient visit, 30-44 minutes",F,1,1,14,14.0,741.9599999980001,1.0,2.841275991217874
2023,IN,Maxillofacial Surgery,99203,"New patient office or other outpatient visit, 30-44 minutes",O,1,1,14,14.0,741.779999996,1.0,2.64321414840446
2023,IL,Interventional Cardiology,99203,"New patient office or other outpatient visit, 30-44 minutes",F,1,1,14,14.0,712.580000006,1.0,2.4073684947776015
2024,IL,Pediatric Medicine,99213,"Established patient office or other outpatient visit with low level od decision making, if using time, 20 minutes or more",F,1,1,12,14.0,712.020000006,1.1666666666666667,5.563654538952605
2024,IL,General Practice,99203,"New patient office or other outpatient visit with low level of medical decision making, if using time, 30 minutes or more",F,1,1,12,12.0,698.709999996,1.0,4.884157795867251
2023,IL,Certified Nurse Midwife,99203,"New patient office or other outpatient visit, 30-44 minutes",O,1,1,14,14.0,698.3499999979999,1.0,1.4878279853285605
2024,IN,Critical Care (Intensivists),99213,"Established patient office or other outpatient visit with low level od decision making, if using time, 20 minutes or more",F,1,1,14,14.0,680.580000002,1.0,2.949956101836816
2024,IN,Hospice and Palliative Care,99213,"Established patient office or other outpatient visit with low level od decision making, if using time, 20 minutes or more",F,1,1,11,14.0,677.3499999979999,1.2727272727272727,2.083699562878195
2023,IN,Geriatric Medicine,99203,"New patient office or other outpatient visit, 30-44 minutes",F,1,1,13,13.0,672.209999994,1.0,1.8207282913238123
2024,IL,Advanced Heart Failure and Transplant Cardiology,99203,"New patient office or other outpatient visit with low level of medical decision making, if using time, 30 minutes or more",F,1,1,12,12.0,658.569999996,1.0,1.2094362609316227
2023,IL,Interventional Pain Management,99203,"New patient office or other outpatient visit, 30-44 minutes",F,1,1,11,11.0,647.800000001,1.0,4.175878162613609
2023,IN,Portable X-Ray Supplier,93000,Routine electrocardiogram (ecg) using at least 12 leads with interpretation and report,O,1,1,51,59.0,623.63,1.1568627450980393,1.2191511373775434
2024,IN,Plastic and Reconstructive Surgery,93000,Routine electrocardiogram (ecg) using at least 12 leads with interpretation and report,O,1,1,62,62.0,623.520000028,1.0,4.592819398398087
2024,IN,General Practice,93000,Routine electrocardiogram (ecg) using at least 12 leads with interpretation and report,O,2,2,64,66.0,609.059999999,1.035437430786268,2.3281553343958503
2024,IL,Cardiology,97110,"Therapy procedure using exercise to develop strength, endurance, range of motion, and flexibility, each 15 minutes",O,1,1,17,27.0,603.399999996,1.588235294117647,2.1394046644445432
2023,IN,Hematopoietic Cell Transplantation and Cellular Therapy,99203,"New patient office or other outpatient visit, 30-44 minutes",F,1,1,11,11.0,590.830000002,1.0,2.20427531124031
2023,IN,Emergency Medicine,93000,Routine electrocardiogram (ecg) using at least 12 leads with interpretation and report,O,4,4,63,64.0,577.5999999972,1.0113636363636362,9.165756889998786
2024,IN,General Practice,97110,"Therapy procedure using exercise to develop strength, endurance, range of motion, and flexibility, each 15 minutes",O,1,1,16,33.0,574.0099999920001,2.0625,1.8896305753710665
2024,IN,Emergency Medicine,93000,Routine electrocardiogram (ecg) using at least 12 leads with interpretation and report,O,4,4,55,56.0,566.480000006,1.0178571428571428,3.2691270871189007
2024,IL,Nephrology,93000,Routine electrocardiogram (ecg) using at least 12 leads with interpretation and report,O,1,1,58,60.0,550.810000002,1.0344827586206897,6.142292490270313
2023,IN,Clinical Cardiac Electrophysiology,99203,"New patient office or other outpatient visit, 30-44 minutes",F,1,1,12,12.0,549.99,1.0,2.05161499756533
2023,IL,Nephrology,93000,Routine electrocardiogram (ecg) using at least 12 leads with interpretation and report,O,1,1,54,54.0,542.5399999980001,1.0,5.996382491113073
2023,IN,Thoracic Surgery,99213,"Established patient office or other outpatient visit, 20-29 minutes",F,1,1,11,11.0,540.21,1.0,2.5308241401687215
2024,IN,Interventional Radiology,99203,"New patient office or other outpatient visit with low level of medical decision making, if using time, 30 minutes or more",F,1,1,12,12.0,536.300000004,1.0,1.4506353429463106
2024,IN,Preventive Medicine,99203,"New patient office or other outpatient visit with low level of medical decision making, if using time, 30 minutes or more",O,1,1,11,11.0,522.650000004,1.0,3.210731363452815
2024,IL,Otolaryngology,97110,"Therapy procedure using exercise to develop strength, endurance, range of motion, and flexibility, each 15 minutes",O,1,1,11,27.0,468.809999991,2.4545454545454546,3.750414345031018
2023,IN,Independent Diagnostic Testing Facility (IDTF),93000,Routine electrocardiogram (ecg) using at least 12 leads with interpretation and report,O,1,1,41,44.0,456.199999992,1.0731707317073171,3.841586924769211
2024,IN,Interventional Cardiology,99203,"New patient office or other outpatient visit with low level of medical decision making, if using time, 30 minutes or more",F,1,1,11,11.0,419.020000003,1.0,2.4017177529195703
2023,IN,Psychiatry,93000,Routine electrocardiogram (ecg) using at least 12 leads with interpretation and report,O,1,1,45,45.0,412.23000000149995,1.0,3.0076695574466807
2023,IN,Hospice and Palliative Care,99213,"Established patient office or other outpatient visit, 20-29 minutes",F,1,1,12,14.0,392.880000002,1.1666666666666667,2.513349291089256
2023,IN,Plastic and Reconstructive Surgery,93000,Routine electrocardiogram (ecg) using at least 12 leads with interpretation and report,O,1,1,41,41.0,378.7000000019,1.0,4.43931136539098
2023,IN,Cardiac Surgery,93000,Routine electrocardiogram (ecg) using at least 12 leads with interpretation and report,O,1,1,27,31.0,372.359999993,1.1481481481481481,3.3551097152541924
2024,IN,Psychiatry,93000,Routine electrocardiogram (ecg) using at least 12 leads with interpretation and report,O,1,1,40,40.0,366.5,1.0,3.325781038890852
2024,IN,Independent Diagnostic Testing Facility (IDTF),93000,Routine electrocardiogram (ecg) using at least 12 leads with interpretation and report,O,1,1,31,32.0,332.44,1.032258064516129,13.42153197200652
2024,IN,Thoracic Surgery,93000,Routine electrocardiogram (ecg) using at least 12 leads with interpretation and report,O,1,1,25,25.0,326.5,1.0,1.66256157635468
2024,IN,Podiatry,93000,Routine electrocardiogram (ecg) using at least 12 leads with interpretation and report,O,1,1,33,33.0,323.1299999994,1.0,4.585031493166844
2024,IL,Physician Assistant,97110,"Therapy procedure using exercise to develop strength, endurance, range of motion, and flexibility, each 15 minutes",O,1,1,16,16.0,320.32,1.0,4.854996766651744
2023,IN,Podiatry,93000,Routine electrocardiogram (ecg) using at least 12 leads with interpretation and report,O,1,1,30,30.0,295.95999999900005,1.0,4.5164851707603635
2024,IL,Otolaryngology,93000,Routine electrocardiogram (ecg) using at least 12 leads with interpretation and report,O,2,2,24,24.0,283.999999992,1.0,4.848756944725321
2023,IL,Otolaryngology,93000,Routine electrocardiogram (ecg) using at least 12 leads with interpretation and report,O,2,2,25,26.0,278.869999998,1.0454545454545454,4.722743295857101
2023,IN,Neurology,97110,"Therapy procedure using exercise to develop strength, endurance, range of motion, and flexibility, each 15 minutes",O,1,1,12,14.0,240.24,1.1666666666666667,2.692664809656453
2024,IL,Psychiatry,93000,Routine electrocardiogram (ecg) using at least 12 leads with interpretation and report,O,1,1,22,22.0,208.1500000008,1.0,6.561580221116892
2023,IL,Sleep Medicine,93000,Routine electrocardiogram (ecg) using at least 12 leads with interpretation and report,O,1,1,15,18.0,205.52999999399998,1.2,5.921485488662026
2024,IN,Neurology,97110,"Therapy procedure using exercise to develop strength, endurance, range of motion, and flexibility, each 15 minutes",O,1,1,11,14.0,202.210000006,1.2727272727272727,2.740465744215194
2024,IL,Adult Congenital Heart Disease,93000,Routine electrocardiogram (ecg) using at least 12 leads with interpretation and report,O,1,1,13,15.0,177.550000005,1.1538461538461537,5.049371633865561
2024,IN,Nuclear Medicine,93000,Routine electrocardiogram (ecg) using at least 12 leads with interpretation and report,O,1,1,18,18.0,173.98999999979998,1.0,4.542905215855414
2023,IN,Osteopathic Manipulative Medicine,93000,Routine electrocardiogram (ecg) using at least 12 leads with interpretation and report,O,1,1,18,18.0,168.1700000004,1.0,9.777211966651121
2024,IL,Sleep Medicine,93000,Routine electrocardiogram (ecg) using at least 12 leads with interpretation and report,O,1,1,11,13.0,155.09,1.1818181818181819,6.012024048096192
2023,IL,Psychiatry,93000,Routine electrocardiogram (ecg) using at least 12 leads with interpretation and report,O,1,1,13,13.0,145.08,1.0,5.773321179040413
2024,IN,Osteopathic Manipulative Medicine,93000,Routine electrocardiogram (ecg) using at least 12 leads with interpretation and report,O,1,1,15,15.0,125.46000000000001,1.0,10.450685826257349
2023,IL,Sports Medicine,93000,Routine electrocardiogram (ecg) using at least 12 leads with interpretation and report,O,1,1,11,11.0,121.700000004,1.0,4.901087150153251
2023,IL,Undefined Physician type,93000,Routine electrocardiogram (ecg) using at least 12 leads with interpretation and report,O,1,1,12,13.0,121.2199999998,1.0833333333333333,7.721522498943332
2023,IN,General Practice,93000,Routine electrocardiogram (ecg) using at least 12 leads with interpretation and report,O,1,1,15,15.0,119.0200000005,1.0,2.738306690349319
2024,IN,Hospice and Palliative Care,93000,Routine electrocardiogram (ecg) using at least 12 leads with interpretation and report,O,1,1,11,11.0,98.44000000010001,1.0,6.058977631327763
