rendering_npi,provider_last_or_org_name,provider_first_name,provider_middle_initial,provider_credentials,provider_entity_type,provider_city,provider_state,provider_zip5,provider_ruca,provider_ruca_description,provider_country,provider_type,medicare_participating,hcpcs_code,hcpcs_description,hcpcs_drug_indicator,place_of_service,total_beneficiaries,total_services,total_beneficiary_day_services,average_submitted_charge,average_medicare_allowed,average_medicare_payment,average_medicare_standardized,year,extract_state,extract_hcpcs_code,provider_name,code_family,place_of_service_label,estimated_submitted_charge,estimated_allowed_amount,estimated_medicare_payment,estimated_standardized_payment,services_per_beneficiary,beneficiary_days_per_beneficiary,payment_per_beneficiary,charge_to_allowed_ratio,payment_to_allowed_ratio,payment_percentile,services_per_bene_percentile,charge_ratio_percentile,payment_per_bene_percentile,beneficiary_day_percentile,provider_code_services,provider_code_payment,prior_provider_code_services,prior_provider_code_payment,service_growth_rate,payment_growth_rate,high_payment_volume_flag,high_service_intensity_flag,high_charge_ratio_flag,high_payment_per_bene_flag,high_beneficiary_day_flag,rapid_growth_flag,audit_priority_score,audit_priority_decile
1104082809,Farhat,Mohamed,,MD,I,Crown Point,IN,46307,1,"Metropolitan area core: primary flow within an urbanized area of 50,000 and greater",US,Hematology-Oncology,Y,99215,"Established patient office or other outpatient visit with high level of medical decision making, if using time, 40 minutes or more",N,O,210,745.0,745,433.27785235,144.5962953,107.36558389,116.04845638,2024,IN,99215,"Farhat, Mohamed",Established outpatient E/M,Office,322792.00000075,107724.23999850001,79987.35999805,86456.1000031,3.5476190476190474,3.5476190476190474,380.89219046690476,2.9964657908493453,0.7425196037508714,0.9970978441127695,0.9896351575456053,0.9543946932006634,0.9875621890547264,0.9896351575456053,745.0,79987.35999805,386.0,50735.18999916,0.9300518134715026,0.5765656933456702,1,1,1,1,1,1,98.74585406301823,10
1063442051,Cha,Daniel,,MD,I,Skokie,IL,60076,1,"Metropolitan area core: primary flow within an urbanized area of 50,000 and greater",US,Anesthesiology,Y,99213,"Established patient office or other outpatient visit with low level od decision making, if using time, 20 minutes or more",N,O,221,702.0,702,374.37692308,90.203547009,68.099643875,67.516025641,2024,IL,99213,"Cha, Daniel",Established outpatient E/M,Office,262812.60000216,63322.890000318,47805.95000025,47396.249999982,3.176470588235294,3.176470588235294,216.3165158382353,4.150357003618126,0.7549552776256725,0.9771945470760607,0.981080392406676,0.9613326538412537,0.9843929162950694,0.9811440947891451,702.0,47805.95000025,314.0,21603.059999959998,1.2356687898089171,1.2129249282434302,1,1,1,1,1,1,98.04879602497134,10
1245449172,Lindzy,Charles,S,MD,I,Fort Wayne,IN,46814,1,"Metropolitan area core: primary flow within an urbanized area of 50,000 and greater",US,Pain Management,Y,99215,"Established patient office or other outpatient visit with high level of medical decision making, if using time, 40 minutes or more",N,O,49,202.0,202,473.35,166.80237624,125.33485149,133.91009901,2024,IN,99215,"Lindzy, Charles",Established outpatient E/M,Office,95616.70000000001,33694.08000048,25317.64000098,27049.84000002,4.122448979591836,4.122448979591836,516.686530632245,2.8377893089420416,0.7513972781158984,0.9564676616915423,0.9946102819237148,0.9456882255389718,0.996268656716418,0.9946102819237148,202.0,25317.64000098,53.0,6521.58999976,2.811320754716981,2.8821269049283553,1,1,1,1,1,1,97.87935323383084,10
1063605921,Beck,Jeffrey,,MD,I,Terre Haute,IN,47802,1,"Metropolitan area core: primary flow within an urbanized area of 50,000 and greater",US,Physical Medicine and Rehabilitation,Y,99214,"Established patient office or other outpatient visit with moderate level of decision making, if using time, 30 minutes or more",N,O,531,1342.0,1342,765.03,121.41609538,92.240894188,95.420163934,2024,IN,99214,"Beck, Jeffrey",Established outpatient E/M,Office,1026670.26,162940.39999996,123787.280000296,128053.85999942801,2.5273069679849343,2.5273069679849343,233.1210546144934,6.3008944374768445,0.7597089487955497,0.9961923847695391,0.9349699398797595,0.9979959919839679,0.9671342685370742,0.9349699398797595,1342.0,123787.280000296,617.0,56930.489999725,1.1750405186385737,1.1743582393352656,1,1,1,1,1,1,97.43086172344691,10
1235450420,Goreshi,Renato,,MD,I,Merrillville,IN,46410,1,"Metropolitan area core: primary flow within an urbanized area of 50,000 and greater",US,Dermatology,Y,99213,"Established patient office or other outpatient visit with low level od decision making, if using time, 20 minutes or more",N,O,474,956.0,956,276.24329498,90.783138075,66.984895397,66.04333682,2024,IN,99213,"Goreshi, Renato",Established outpatient E/M,Office,264088.59000087995,86788.67999969999,64037.559999532,63137.429999919994,2.0168776371308015,2.0168776371308015,135.10033755175527,3.0428921145222265,0.7378561351521116,0.9940952762209768,0.9475580464371497,0.9543634907926342,0.97337870296237,0.9475580464371497,956.0,64037.559999532,591.0,39140.620000038,0.6175972927241963,0.6360895662733456,1,1,1,1,1,1,97.19525620496398,10
1184732356,Weber,Kim,M,MD,I,Richmond,IN,47374,4,"Micropolitan area core: primary flow within an urban cluster of 10,000 to 49,999",US,Family Practice,Y,99213,"Established patient office or other outpatient visit with low level od decision making, if using time, 20 minutes or more",N,O,110,372.0,372,256.0,60.459086022,47.741236559,50.741021505,2024,IN,99213,"Weber, Kim",Established outpatient E/M,Office,95232.0,22490.780000184,17759.739999948,18875.65999986,3.381818181818182,3.381818181818182,161.4521818177091,4.234268442411552,0.7896453568885875,0.905724579663731,0.9899919935948759,0.9923939151321057,0.9847878302642114,0.9899919935948759,372.0,17759.739999948,151.0,7269.960000064,1.4635761589403973,1.4428937710512375,1,1,1,1,1,1,97.0006004803843,10
1275500522,Adams,Jody,,NP,I,Crown Point,IN,46307,1,"Metropolitan area core: primary flow within an urbanized area of 50,000 and greater",US,Nurse Practitioner,Y,99215,"Established patient office or other outpatient visit with high level of medical decision making, if using time, 40 minutes or more",N,O,85,229.0,229,435.5371179,122.10379913,92.942925764,99.667554585,2024,IN,99215,"Adams, Jody",Established outpatient E/M,Office,99737.9999991,27961.77000077,21283.929999956,22823.869999965,2.6941176470588237,2.6941176470588237,250.39917647007059,3.566941577602328,0.7611796391777019,0.9390547263681592,0.9759535655058044,0.9834162520729685,0.9535655058043118,0.9759535655058044,229.0,21283.929999956,51.0,5423.04000015,3.4901960784313726,2.9247230334585934,1,1,1,1,1,1,96.80970149253731,10
1033555966,Little,Tara,J,FNP,I,Warsaw,IN,46580,4,"Micropolitan area core: primary flow within an urban cluster of 10,000 to 49,999",US,Nurse Practitioner,Y,99214,"Established patient office or other outpatient visit with moderate level of decision making, if using time, 30 minutes or more",N,F,61,362.0,362,259.0,77.259502762,59.030331492,61.367375691,2024,IN,99214,"Little, Tara",Established outpatient E/M,Facility,93758.0,27967.939999844,21368.980000104002,22214.990000142,5.934426229508197,5.934426229508197,350.31114754268856,3.352338427518186,0.7640526974894538,0.9194977843426884,1.0,0.9121122599704579,0.9992614475627769,1.0,362.0,21368.980000104002,199.0,11823.950000028999,0.8190954773869347,0.8072623784819449,1,1,1,1,1,1,96.65805022156573,10
1003956301,Colburn,Megan,,NP,I,Highland,IN,46322,1,"Metropolitan area core: primary flow within an urbanized area of 50,000 and greater",US,Nurse Practitioner,Y,99213,"Established patient office or other outpatient visit with low level od decision making, if using time, 20 minutes or more",N,O,87,308.0,308,240.0,70.39961039,53.737564935,57.693409091,2024,IN,99213,"Colburn, Megan",Established outpatient E/M,Office,73920.0,21683.08000012,16551.16999998,17769.570000028,3.5402298850574714,3.5402298850574714,190.24333333310346,3.409109775898576,0.7633219081370544,0.8951160928742994,0.9910928742994396,0.9698759007205765,0.9917934347477982,0.9910928742994396,308.0,16551.16999998,197.0,7984.679999926,0.5634517766497462,1.0728657880006953,0,1,1,1,1,1,96.5357285828663,10
1043266174,Mushtaq,Mian,,M.D.,I,Jeffersonville,IN,47130,1,"Metropolitan area core: primary flow within an urbanized area of 50,000 and greater",US,Internal Medicine,Y,99215,"Established patient office or other outpatient visit with high level of medical decision making, if using time, 40 minutes or more",N,O,114,289.0,289,355.53633218,141.29294118,110.95844291,108.70968858,2024,IN,99215,"Mushtaq, Mian",Established outpatient E/M,Office,102750.00000002,40833.660001020005,32066.99000099,31417.09999962,2.5350877192982457,2.5350877192982457,281.2893859735965,2.5163064000986775,0.7853077583588878,0.9705638474295191,0.9709784411276948,0.9058872305140961,0.9676616915422885,0.9709784411276948,289.0,32066.99000099,175.0,18406.8599995,0.6514285714285715,0.7421216873416249,1,1,1,1,1,1,96.49668325041458,10
1407219462,Galvez,Carlos,,M.D.,I,Chicago,IL,60612,1,"Metropolitan area core: primary flow within an urbanized area of 50,000 and greater",US,Hematology-Oncology,Y,99215,"Established patient office or other outpatient visit with high level of medical decision making, if using time, 40 minutes or more",N,F,35,143.0,143,815.23076923,148.47825175,116.30993007,109.89335664,2024,IL,99215,"Galvez, Carlos",Established outpatient E/M,Facility,116577.99999989,21232.39000025,16632.32000001,15714.74999952,4.085714285714285,4.085714285714285,475.20914285742856,5.49057359998179,0.7833465756711403,0.8911192214111923,0.9908759124087592,0.9586374695863747,0.9927007299270073,0.9908759124087592,143.0,16632.32000001,80.0,8861.630000000001,0.7875,0.8768917230814194,0,1,1,1,1,1,96.27433090024331,10
1689690521,Zielinski,Anjanette,,N.P.,I,La Porte,IN,46350,1,"Metropolitan area core: primary flow within an urbanized area of 50,000 and greater",US,Nurse Practitioner,Y,99214,"Established patient office or other outpatient visit with moderate level of decision making, if using time, 30 minutes or more",N,O,192,671.0,671,269.48733234,99.582757079,73.515722802,79.873740686,2024,IN,99214,"Zielinski, Anjanette",Established outpatient E/M,Office,180826.00000014002,66820.030000009,49329.050000142,53595.280000306004,3.4947916666666665,3.4947916666666665,256.92213541740625,2.7061646036392926,0.738237471610464,0.9424849699398797,0.977755511022044,0.9100200400801604,0.9758517034068136,0.977755511022044,671.0,49329.050000142,74.0,5047.070000026,8.067567567567568,8.773799451937041,1,1,1,1,1,1,96.18286573146293,10
1992414304,Rhodes,Natasha,C,AGNP-C,I,Mount Vernon,IL,62864,4,"Micropolitan area core: primary flow within an urban cluster of 10,000 to 49,999",US,Nurse Practitioner,Y,99213,"Established patient office or other outpatient visit with low level od decision making, if using time, 20 minutes or more",N,O,255,609.0,609,280.0,73.333990148,57.991740558,60.23182266,2024,IL,99213,"Rhodes, Natasha",Established outpatient E/M,Office,170520.0,44660.400000132,35316.969999821995,36681.17999994,2.388235294117647,2.388235294117647,138.49792156792938,3.8181476206996803,0.7907893793991458,0.9585934513950822,0.955472034654096,0.9498662249968148,0.9430500700726208,0.955472034654096,609.0,35316.969999821995,29.0,1313.4999999919999,20.0,25.887681766301565,1,1,1,1,1,1,96.02274175054147,10
1215056296,Holemon,Lance,D,M.D.,I,Chicago,IL,60612,1,"Metropolitan area core: primary flow within an urbanized area of 50,000 and greater",US,Psychiatry,Y,99214,"Established patient office or other outpatient visit with moderate level of decision making, if using time, 30 minutes or more",N,O,40,438.0,438,450.0,100.08593607,78.033972603,98.647671233,2024,IL,99214,"Holemon, Lance",Established outpatient E/M,Office,197100.0,43837.63999866,34178.880000114,43207.680000053995,10.95,10.95,854.4720000028499,4.496136197250236,0.7796697085235144,0.8517166244626347,0.9994111065308285,0.9716153347859372,0.9988811024085743,0.9994111065308285,438.0,34178.880000114,243.0,18835.030000089002,0.8024691358024691,0.814644309032292,0,1,1,1,1,1,95.8326953654084,10
1124449558,Pond,Robin,K,"M.M.S., PA-C",I,Crystal Lake,IL,60014,1,"Metropolitan area core: primary flow within an urbanized area of 50,000 and greater",US,Physician Assistant,Y,99214,"Established patient office or other outpatient visit with moderate level of decision making, if using time, 30 minutes or more",N,O,126,460.0,460,620.99706522,104.38308696,82.894282609,85.314652174,2024,IL,99214,"Pond, Robin",Established outpatient E/M,Office,285658.6500012,48016.2200016,38131.37000014,39244.74000004,3.6507936507936507,3.6507936507936507,302.6299206360317,5.949211537094783,0.7941351901267818,0.8758612566986632,0.9731464578057829,0.9976444261233143,0.9668452976856486,0.9732053471527001,460.0,38131.37000014,42.0,3450.4799999879997,9.952380952380953,10.051033479478976,0,1,1,1,1,1,95.55885990224368,10
1538347521,Kandra,Ajay,K,MD,I,Madison,IN,47250,4,"Micropolitan area core: primary flow within an urban cluster of 10,000 to 49,999",US,Hematology-Oncology,Y,99215,"Established patient office or other outpatient visit with high level of medical decision making, if using time, 40 minutes or more",N,O,151,314.0,314,355.0,141.95101911,111.56754777,108.63503185,2024,IN,99215,"Kandra, Ajay",Established outpatient E/M,Office,111470.0,44572.62000054,35032.20999978,34111.4000009,2.0794701986754967,2.0794701986754967,232.0013907270199,2.500862637167156,0.7859580612348025,0.9759535655058044,0.9481757877280266,0.9050580431177446,0.9411276948590381,0.9481757877280266,382.0,42112.30999998,228.0,23806.63000012,0.6754385964912281,0.7689320159874679,1,1,1,1,1,1,95.53689883913765,10
1487367363,Dowell,Melanie,R,FNP,I,Shelbyville,IN,46176,4,"Micropolitan area core: primary flow within an urban cluster of 10,000 to 49,999",US,Nurse Practitioner,Y,99215,"Established patient office or other outpatient visit with high level of medical decision making, if using time, 40 minutes or more",N,F,46,179.0,179,338.26815642,112.2377095,87.930111732,93.524357542,2024,IN,99215,"Dowell, Melanie",Established outpatient E/M,Facility,60549.99999918001,20090.5500005,15739.490000028,16740.860000018,3.891304347826087,3.891304347826087,342.1628260875652,3.0138547724016056,0.7834275318314475,0.9081455805892548,0.9844020797227037,0.902946273830156,0.9740034662045061,0.9844020797227037,179.0,15739.490000028,18.0,2032.3799999999999,8.944444444444445,6.744363750887138,1,1,1,1,1,1,95.3899480069324,10
1639395114,Gupta,Amit,K,M.D.,I,Springfield,IL,62702,1,"Metropolitan area core: primary flow within an urbanized area of 50,000 and greater",US,Hematology-Oncology,Y,99215,"Established patient office or other outpatient visit with high level of medical decision making, if using time, 40 minutes or more",N,O,98,207.0,207,813.33816425,176.70550725,136.9852657,136.64376812,2024,IL,99215,"Gupta, Amit",Established outpatient E/M,Office,168360.99999975,36578.04000075,28355.949999900004,28285.26000084,2.1122448979591835,2.1122448979591835,289.3464285704082,4.602788995700641,0.7752178629395831,0.9276642738818333,0.9420209828823854,0.9779127553837659,0.9501196392416713,0.9420209828823854,207.0,28355.949999900004,93.0,12726.489999570002,1.2258064516129032,1.2281045284959236,1,1,1,1,1,1,95.37272225289895,10
1861428583,Narula,Sunil,,,I,Chicago,IL,60637,1,"Metropolitan area core: primary flow within an urbanized area of 50,000 and greater",US,Hematology-Oncology,Y,99215,"Established patient office or other outpatient visit with high level of medical decision making, if using time, 40 minutes or more",N,O,137,294.0,294,660.88435374,149.28295918,115.27180272,108.31663265,2024,IL,99215,"Narula, Sunil",Established outpatient E/M,Office,194299.99999956,43889.18999892,33889.90999968,31845.0899991,2.145985401459854,2.145985401459854,247.3716058370803,4.427058234712038,0.772169866896927,0.9460703110620283,0.9445978280876127,0.9720228234861035,0.9184612552917357,0.9445978280876127,294.0,33889.90999968,110.0,12759.849999600001,1.6727272727272726,1.6559802819580471,1,1,1,1,1,1,95.34695380084669,10
1265745145,Ranganath,Praveen,,MD,I,Anderson,IN,46016,1,"Metropolitan area core: primary flow within an urbanized area of 50,000 and greater",US,Hematology-Oncology,Y,99214,"Established patient office or other outpatient visit with moderate level of decision making, if using time, 30 minutes or more",N,F,90,277.0,277,381.0,94.561046931,68.608772563,68.727184116,2024,IN,99214,"Ranganath, Praveen",Established outpatient E/M,Facility,105537.0,26193.409999887,19004.629999951,19037.430000132,3.077777777777778,3.077777777777778,211.16255555501112,4.029143208175464,0.7255500524762902,0.8988183161004432,0.9564254062038404,0.9689807976366323,0.9682422451994092,0.9564254062038404,295.0,20617.879999951,180.0,12985.48000008,0.6388888888888888,0.5877641796702147,0,1,1,1,1,1,95.22156573116692,10
1487096483,Ali,Natasha,M,PAC,I,Libertyville,IL,60048,1,"Metropolitan area core: primary flow within an urbanized area of 50,000 and greater",US,Physician Assistant,Y,99215,"Established patient office or other outpatient visit with high level of medical decision making, if using time, 40 minutes or more",N,O,144,367.0,367,394.0,120.6319891,92.657792916,92.289836512,2024,IL,99215,"Ali, Natasha",Established outpatient E/M,Office,144598.0,44271.9399997,34005.410000172,33870.369999903996,2.548611111111111,2.548611111111111,236.14868055675,3.266132001465936,0.7681030015942928,0.9466224921774342,0.9668691330756488,0.9304251794588625,0.9018958218295601,0.9668691330756488,408.0,37692.960000154,111.0,11156.61,2.675675675675676,2.3785316507571745,1,1,1,1,1,1,95.15645131603165,10
1629488002,Khan,Shaan,,M.D.,I,La Porte,IN,46350,1,"Metropolitan area core: primary flow within an urbanized area of 50,000 and greater",US,Pain Management,Y,99213,"Established patient office or other outpatient visit with low level od decision making, if using time, 20 minutes or more",N,O,178,325.0,325,506.65261538,81.787969231,62.862707692,69.3228,2024,IN,99213,"Khan, Shaan",Established outpatient E/M,Office,164662.0999985,26581.090000075,20430.3799999,22529.91,1.8258426966292134,1.8258426966292134,114.77741572977529,6.194708343338643,0.7686058020887162,0.9233386709367494,0.9245396317053642,0.9975980784627703,0.9495596477181746,0.9245396317053642,325.0,20430.3799999,197.0,11653.920000055,0.649746192893401,0.7530908054803516,1,1,1,1,1,1,95.02702161729384,10
1861033060,Deenihan,Erica,L,FNP,I,Dyer,IN,46311,1,"Metropolitan area core: primary flow within an urbanized area of 50,000 and greater",US,Nurse Practitioner,Y,99215,"Established patient office or other outpatient visit with high level of medical decision making, if using time, 40 minutes or more",N,F,54,173.0,173,370.0,108.17115607,83.382254335,93.168439306,2024,IN,99215,"Deenihan, Erica",Established outpatient E/M,Facility,64010.0,18713.61000011,14425.129999955,16118.139999938,3.2037037037037037,3.2037037037037037,267.1320370362037,3.420505183105972,0.7708363057619673,0.8925476603119584,0.9688041594454073,0.9566724436741768,0.951473136915078,0.9688041594454073,173.0,14425.129999955,80.0,7161.359999968001,1.1625,1.0143003563596098,0,1,1,1,1,1,95.0,10
1437101714,Levy,David,B,MD,I,Chicago,IL,60638,1,"Metropolitan area core: primary flow within an urbanized area of 50,000 and greater",US,Family Practice,Y,99214,"Established patient office or other outpatient visit with moderate level of decision making, if using time, 30 minutes or more",N,O,296,762.0,762,533.0,131.24597113,86.207060367,82.965498688,2024,IL,99214,"Levy, David",Established outpatient E/M,Office,406146.0,100009.43000105998,65689.779999654,63219.710000256,2.574324324324324,2.574324324324324,221.9249324312635,4.061077040392044,0.6568358603679448,0.9617219245038573,0.9254460868028973,0.9552440963429716,0.9232082916200459,0.9255049761498145,762.0,65689.779999654,323.0,30307.990000094,1.3591331269349844,1.1674080003144474,1,1,1,1,1,1,94.98380542959778,10
1942459292,Smith,Eleanor,G,MD,I,Winnetka,IL,60093,1,"Metropolitan area core: primary flow within an urbanized area of 50,000 and greater",US,Internal Medicine,Y,99215,"Established patient office or other outpatient visit with high level of medical decision making, if using time, 40 minutes or more",N,O,190,347.0,347,750.0,192.69138329,144.13317003,131.01587896,2024,IL,99215,"Smith, Eleanor",Established outpatient E/M,Office,260250.0,66863.91000163,50014.21000041,45462.509999120004,1.8263157894736841,1.8263157894736841,263.2326842126842,3.8922342410675004,0.7480000795524934,0.9742315479477268,0.9076016933554206,0.9532486655623045,0.9346585680103073,0.9076016933554206,347.0,50014.21000041,90.0,13065.270000299999,2.8555555555555556,2.828027281430969,1,1,1,1,1,1,94.90244800294496,10
1659366276,Kline,Randall,I,D.P.M.,I,South Bend,IN,46617,1,"Metropolitan area core: primary flow within an urbanized area of 50,000 and greater",US,Podiatry,Y,99213,"Established patient office or other outpatient visit with low level od decision making, if using time, 20 minutes or more",N,F,56,186.0,186,214.0,60.086989247,47.005215054,50.340215054,2024,IN,99213,"Kline, Randall",Established outpatient E/M,Facility,39804.0,11176.179999942,8742.970000043999,9363.280000044,3.3214285714285716,3.3214285714285716,156.12446428649997,3.5615031254155327,0.7822860762880852,0.9068901303538175,0.962756052141527,0.9059590316573557,0.9674115456238361,0.962756052141527,236.0,11764.040000043999,148.0,7612.019999986,0.5945945945945946,0.5454557397465634,1,1,1,1,1,1,94.65549348230914,10
1689788630,Davis,Dennon,W,M.D.,I,Mount Vernon,IL,62864,4,"Micropolitan area core: primary flow within an urban cluster of 10,000 to 49,999",US,Family Practice,Y,99214,"Established patient office or other outpatient visit with moderate level of decision making, if using time, 30 minutes or more",N,O,446,1105.0,1105,402.360181,122.40774661,84.553800905,87.601393665,2024,IL,99214,"Davis, Dennon",Established outpatient E/M,Office,444608.00000500004,135260.56000405,93431.950000025,96799.539999825,2.477578475336323,2.477578475336323,209.48867713010088,3.28704834573868,0.690755309583425,0.9852187739237972,0.9169660208468288,0.9230905129262117,0.9090159590130146,0.9169660208468288,1105.0,93431.950000025,499.0,47173.800000153,1.214428857715431,0.9805898613154328,1,1,1,1,1,1,94.62104705258818,10
1295012227,Casey,Andrea,G,APRN,I,Madison,IN,47250,4,"Micropolitan area core: primary flow within an urban cluster of 10,000 to 49,999",US,Nurse Practitioner,Y,99215,"Established patient office or other outpatient visit with high level of medical decision making, if using time, 40 minutes or more",N,F,58,166.0,166,402.0,113.52,88.234819277,92.981084337,2024,IN,99215,"Casey, Andrea",Established outpatient E/M,Facility,66732.0,18844.32,14646.979999982,15434.859999942,2.8620689655172415,2.8620689655172415,252.53413793072414,3.54122621564482,0.7772623262596899,0.8960138648180243,0.9566724436741768,0.9618717504332756,0.9358752166377816,0.9566724436741768,166.0,14646.979999982,45.0,4166.55,2.688888888888889,2.5153736304573324,0,1,1,1,1,1,94.56672443674177,10
1174671937,Srokowski,Tomasz,P,M.D.,I,Springfield,IL,62702,1,"Metropolitan area core: primary flow within an urbanized area of 50,000 and greater",US,Hematology-Oncology,Y,99215,"Established patient office or other outpatient visit with high level of medical decision making, if using time, 40 minutes or more",N,O,52,131.0,131,813.53435115,176.92030534,136.45961832,135.8451145,2024,IL,99215,"Srokowski, Tomasz",Established outpatient E/M,Office,106573.00000065,23176.55999954,17876.20999992,17795.7099995,2.519230769230769,2.519230769230769,343.7732692292308,4.598309671614995,0.7713055777162271,0.8510951592122216,0.966132891588441,0.97736057426836,0.9690778575372723,0.966132891588441,131.0,17876.20999992,83.0,11425.0599999,0.5783132530120482,0.5646491134467971,0,1,1,1,1,1,94.45794220504325,10
1942647813,Miller,Adam,R,M.D.,I,Indianapolis,IN,46202,1,"Metropolitan area core: primary flow within an urbanized area of 50,000 and greater",US,Hematology-Oncology,Y,99215,"Established patient office or other outpatient visit with high level of medical decision making, if using time, 40 minutes or more",N,O,120,491.0,491,623.0509165,143.03804481,109.57032587,108.74433809,2024,IN,99215,"Miller, Adam",Established outpatient E/M,Office,305918.0000015,70231.68000171,53799.03000217,53393.47000219,4.091666666666667,4.091666666666667,448.32525001808335,4.3558405550607855,0.766022256634899,0.9929519071310116,0.9933665008291874,0.9954394693200663,0.99212271973466,0.9933665008291874,491.0,53799.03000217,438.0,48062.34999822,0.12100456621004566,0.11935912422431405,1,1,1,1,1,0,94.4382255389718,10
1760596886,Rock,Michael,H,M.D.,I,Chicago,IL,60631,1,"Metropolitan area core: primary flow within an urbanized area of 50,000 and greater",US,Interventional Pain Management,Y,99214,"Established patient office or other outpatient visit with moderate level of decision making, if using time, 30 minutes or more",N,O,295,1809.0,1809,624.88944168,136.16313433,101.31101714,92.573388612,2024,IL,99214,"Rock, Michael",Established outpatient E/M,Office,1130424.99999912,246319.11000296997,183271.63000626,167465.259999108,6.132203389830509,6.132203389830509,621.2597627330848,4.589270398003183,0.7440414590814745,0.9987044343678229,0.9956421883281314,0.9729109004181143,0.9969377539603086,0.9956421883281314,1809.0,183271.63000626,1819.0,179399.35999997,-0.005497526113249038,0.021584636680368557,1,1,1,1,1,0,94.38460632471586,10
1629092937,Brown,Jeffrey,L,MD,I,Kankakee,IL,60901,1,"Metropolitan area core: primary flow within an urbanized area of 50,000 and greater",US,General Surgery,Y,99213,"Established patient office or other outpatient visit with low level od decision making, if using time, 20 minutes or more",N,O,73,291.0,291,203.27491409,63.799793814,49.990034364,50.304948454,2024,IL,99213,"Brown, Jeffrey",Established outpatient E/M,Office,59153.000000190004,18565.739999874,14547.099999924001,14638.740000114,3.9863013698630136,3.9863013698630136,199.27534246471234,3.186137476911314,0.7835453905970206,0.8424003057714359,0.9911453688367945,0.9216460695630017,0.980443368581985,0.9912090712192636,291.0,14547.099999924001,24.0,1250.16,11.125,10.636190567546555,0,1,1,1,1,1,94.32634730538923,10
1396263323,Alig,Kendall,J,FNP-BC,I,Richmond,IN,47374,4,"Micropolitan area core: primary flow within an urban cluster of 10,000 to 49,999",US,Nurse Practitioner,Y,99213,"Established patient office or other outpatient visit with low level od decision making, if using time, 20 minutes or more",N,O,50,200.0,200,256.0,62.8712,49.1312,52.11625,2024,IN,99213,"Alig, Kendall",Established outpatient E/M,Office,51200.0,12574.24,9826.24,10423.25,4.0,4.0,196.5248,4.071816666454593,0.7814579648551324,0.7898318654923939,0.9939451561248999,0.991293034427542,0.9922938350680545,0.9939451561248999,200.0,9826.24,122.0,5711.3899999820005,0.639344262295082,0.7204638450589028,0,1,1,1,1,1,94.3179543634908,10
1295937555,Primus,Gregory,L,M.D.,I,Tinley Park,IL,60477,1,"Metropolitan area core: primary flow within an urbanized area of 50,000 and greater",US,Orthopedic Surgery,Y,99213,"Established patient office or other outpatient visit with low level od decision making, if using time, 20 minutes or more",N,O,102,242.0,242,367.88,93.233099174,71.411157025,68.431404959,2024,IL,99213,"Primus, Gregory",Established outpatient E/M,Office,89026.95999999999,22562.410000108,17281.50000005,16560.400000078,2.372549019607843,2.372549019607843,169.4264705887255,3.945808980493389,0.7659421134518554,0.8709389731175946,0.9544527965345904,0.955472034654096,0.9683399159128552,0.9545164989170595,242.0,17281.50000005,105.0,7596.8100000449995,1.3047619047619048,1.274836411592186,0,1,1,1,1,1,94.26487450630654,10
1174162754,Varner,Katina,A,"DNP, FNP-BC",I,Crown Point,IN,46307,1,"Metropolitan area core: primary flow within an urbanized area of 50,000 and greater",US,Nurse Practitioner,Y,99214,"Established patient office or other outpatient visit with moderate level of decision making, if using time, 30 minutes or more",N,O,175,510.0,510,269.69470588,96.227803922,71.324117647,81.087098039,2024,IN,99214,"Varner, Katina",Established outpatient E/M,Office,137544.2999988,49076.18000022,36375.29999997,41354.41999989,2.914285714285714,2.914285714285714,207.8588571426857,2.802669237870254,0.7412007209975783,0.8948897795591182,0.9584168336673347,0.9281563126252504,0.9475951903807616,0.9584168336673347,510.0,36375.29999997,28.0,1809.6399999999999,17.214285714285715,19.100848787587587,0,1,1,1,1,1,94.26102204408816,10
1164650461,Kim,Scott,S,M.D.,I,Greenwood,IN,46143,1,"Metropolitan area core: primary flow within an urbanized area of 50,000 and greater",US,Pain Management,Y,99214,"Established patient office or other outpatient visit with moderate level of decision making, if using time, 30 minutes or more",N,O,243,1055.0,1055,576.45023697,116.81739336,83.053971564,90.841772512,2024,IN,99214,"Kim, Scott",Established outpatient E/M,Office,608155.00000335,123242.3499948,87621.94000002,95838.07000016,4.341563786008231,4.341563786008231,360.5841152264197,4.934626774229882,0.7109726486367475,0.9892785571142284,0.9900801603206413,0.9948897795591183,0.9933867735470941,0.9900801603206413,1055.0,87621.94000002,1072.0,95232.859999648,-0.01585820895522388,-0.07991905314674093,1,1,1,1,1,0,94.25851703406815,10
1497813927,Mclean,Keith,A,MD,I,Madison,IN,47250,4,"Micropolitan area core: primary flow within an urban cluster of 10,000 to 49,999",US,Cardiology,Y,99214,"Established patient office or other outpatient visit with moderate level of decision making, if using time, 30 minutes or more",N,O,208,510.0,510,330.95490196,118.13186275,87.644196078,94.214862745,2024,IN,99214,"Mclean, Keith",Established outpatient E/M,Office,168786.9999996,60247.2500025,44698.53999978,48049.57999995,2.451923076923077,2.451923076923077,214.89682692201922,2.801571855853936,0.7419183447862799,0.9291583166332665,0.9265531062124248,0.9278557114228457,0.9533066132264529,0.9265531062124248,510.0,44698.53999978,86.0,8040.820000022,4.930232558139535,4.55895294256776,1,1,1,1,1,1,94.2429859719439,10
1366760910,Dolny,Sandra,J,P.A.-C.,I,Indianapolis,IN,46260,1,"Metropolitan area core: primary flow within an urbanized area of 50,000 and greater",US,Physician Assistant,Y,99214,"Established patient office or other outpatient visit with moderate level of decision making, if using time, 30 minutes or more",N,O,218,1062.0,1062,592.85310734,99.23586629,69.742363465,76.482080979,2024,IN,99214,"Dolny, Sandra",Established outpatient E/M,Office,629609.9999950799,105388.48999998001,74066.38999982999,81223.969999698,4.871559633027523,4.871559633027523,339.75408256802746,5.9741818105108,0.7027939199038153,0.982064128256513,0.9937875751503006,0.9974949899799599,0.9912825651302605,0.9937875751503006,1062.0,74066.38999982999,939.0,70095.299999871,0.13099041533546327,0.05665272849914755,1,1,1,1,1,0,94.19689378757515,10
1275996837,De Gorordo,Alejandro,J,MD,I,Elgin,IL,60123,1,"Metropolitan area core: primary flow within an urbanized area of 50,000 and greater",US,Internal Medicine,Y,99213,"Established patient office or other outpatient visit with low level od decision making, if using time, 20 minutes or more",N,O,138,308.0,308,292.44,91.276915584,69.499090909,68.522272727,2024,IL,99213,"De Gorordo, Alejandro",Established outpatient E/M,Office,90071.52,28113.289999872,21405.719999972,21104.859999916,2.2318840579710146,2.2318840579710146,155.11391304327535,3.2038768852884205,0.7614092836544376,0.9032360810294305,0.9451522486941012,0.9224104981526309,0.9594852847496497,0.9451522486941012,308.0,21405.719999972,84.0,6214.54999998,2.6666666666666665,2.444452132502094,1,1,1,1,1,1,94.163906230093,10
1730136953,Naqvi,Tahir,A,MD,I,Anderson,IN,46011,1,"Metropolitan area core: primary flow within an urbanized area of 50,000 and greater",US,Hematology,Y,99214,"Established patient office or other outpatient visit with moderate level of decision making, if using time, 30 minutes or more",N,F,508,2164.0,2164,376.53789279,91.016742144,69.094154344,71.939357671,2024,IN,99214,"Naqvi, Tahir",Established outpatient E/M,Facility,814827.99999756,196960.229999616,149519.750000416,155676.770000044,4.25984251968504,4.25984251968504,294.330216536252,4.1370179147290225,0.7591367556826447,1.0,0.9896602658788775,0.9748892171344166,0.9896602658788775,0.9896602658788775,2176.0,150392.780000416,2143.0,149610.76000073997,0.015398973401773215,0.005227030460056262,1,1,1,1,1,0,94.15805022156574,10
1679733208,Holcomb,Linda,S,"MSN, FNP-C",I,Mishawaka,IN,46544,1,"Metropolitan area core: primary flow within an urbanized area of 50,000 and greater",US,Nurse Practitioner,Y,99213,"Established patient office or other outpatient visit with low level od decision making, if using time, 20 minutes or more",N,O,75,250.0,250,248.80504,71.61832,42.8268,46.6766,2024,IN,99213,"Holcomb, Linda",Established outpatient E/M,Office,62201.259999999995,17904.579999999998,10706.699999999999,11669.15,3.3333333333333335,3.3333333333333335,142.75599999999997,3.4740418373399433,0.5979866603963903,0.8086469175340272,0.9890412329863891,0.9713771016813451,0.9766813450760609,0.9890412329863891,250.0,10706.699999999999,154.0,6671.850000046,0.6233766233766234,0.6047573011872539,0,1,1,1,1,1,94.10828662930345,10
1083776223,Engel,Andrew,J,MD,I,Chicago,IL,60640,1,"Metropolitan area core: primary flow within an urbanized area of 50,000 and greater",US,Anesthesiology,Y,99213,"Established patient office or other outpatient visit with low level od decision making, if using time, 20 minutes or more",N,O,232,1012.0,1012,400.0,89.79208498,71.139189723,70.603231225,2024,IL,99213,"Engel, Andrew",Established outpatient E/M,Office,404800.0,90869.58999975999,71992.859999676,71450.4699997,4.362068965517241,4.362068965517241,310.3140517227414,4.45473562718913,0.7922657073710374,0.9917823926614855,0.9931201426933367,0.9713976302713722,0.9950949165498789,0.9931838450758058,1012.0,71992.859999676,1450.0,101722.8299999,-0.3020689655172414,-0.29226447986408977,1,1,1,1,1,0,94.08618932348068,10
1609154244,Smith,Jeremy,,DPT,I,Barrington,IL,60010,1,"Metropolitan area core: primary flow within an urbanized area of 50,000 and greater",US,Physical Therapist in Private Practice,Y,97110,"Therapy procedure using exercise to develop strength, endurance, range of motion, and flexibility, each 15 minutes",N,O,91,2327.0,1493,115.0,21.87195101,16.997761066,16.491877954,2024,IL,97110,"Smith, Jeremy",Therapeutic procedure,Office,267605.0,50896.03000027,39553.790000582,38376.599998958,25.571428571428573,16.406593406593405,434.65703297342856,5.2578757124785644,0.7771488267429143,0.9623181492964464,0.9153350822799905,0.9036489387073694,0.9134271404722156,0.9437157166706416,2327.0,39553.790000582,1095.0,19458.05000022,1.1251141552511414,1.032772554296797,1,1,1,1,1,1,94.05795373241116,10
1245229111,Mason,Gretchen,B,PA-C,I,Herrin,IL,62948,1,"Metropolitan area core: primary flow within an urbanized area of 50,000 and greater",US,Physician Assistant,Y,99213,"Established patient office or other outpatient visit with low level od decision making, if using time, 20 minutes or more",N,O,292,578.0,578,299.0,73.078079585,55.111193772,57.502560554,2024,IL,99213,"Mason, Gretchen",Established outpatient E/M,Office,172822.0,42239.13000013,31854.270000216,33236.480000212,1.9794520547945205,1.9794520547945205,109.0899657541644,4.091514195473915,0.7541412429687345,0.9500573321442222,0.921263855268187,0.9598674990444642,0.8843801758185756,0.921263855268187,578.0,31854.270000216,172.0,9059.359999928001,2.36046511627907,2.5161722241382574,1,1,1,0,1,1,94.05306408459677,10
1366581209,Williamson,Michael,J,D.O.,I,Richmond,IN,47374,4,"Micropolitan area core: primary flow within an urban cluster of 10,000 to 49,999",US,Hematology-Oncology,Y,99215,"Established patient office or other outpatient visit with high level of medical decision making, if using time, 40 minutes or more",N,F,68,345.0,345,508.0,132.54826087,101.55536232,107.73985507,2024,IN,99215,"Williamson, Michael",Established outpatient E/M,Facility,175260.0,45729.15000015,35036.6000004,37170.24999915,5.073529411764706,5.073529411764706,515.2441176529412,3.832566317095881,0.7661764979293311,0.9809358752166378,0.9948006932409013,0.9774696707105719,0.9948006932409013,0.9948006932409013,436.0,46618.64000084,464.0,50974.61000177,-0.0603448275862069,-0.08545371903343148,1,1,1,1,1,0,93.95147313691508,10
1215912993,Patel,Pradip,D,M.D.,I,Terre Haute,IN,47802,1,"Metropolitan area core: primary flow within an urbanized area of 50,000 and greater",US,Cardiology,Y,99213,"Established patient office or other outpatient visit with low level od decision making, if using time, 20 minutes or more",N,O,144,629.0,629,292.5,80.348616852,55.621081081,63.657503975,2024,IN,99213,"Patel, Pradip",Established outpatient E/M,Office,183982.5,50539.279999908,34985.659999949,40040.570000275,4.368055555555555,4.368055555555555,242.95597222186805,3.640386250067965,0.6922469018160268,0.9712770216172938,0.9963971176941553,0.985088070456365,0.9959967974379503,0.9963971176941553,629.0,34985.659999949,739.0,41127.589999897,-0.14884979702300405,-0.14933843680029346,1,1,1,1,1,0,93.89011208967173,10
1467066001,Maloney,Cora,E,,I,Indianapolis,IN,46260,1,"Metropolitan area core: primary flow within an urbanized area of 50,000 and greater",US,Nurse Practitioner,Y,99214,"Established patient office or other outpatient visit with moderate level of decision making, if using time, 30 minutes or more",N,O,169,848.0,848,584.75235849,99.178974057,71.124540094,77.849351415,2024,IN,99214,"Maloney, Cora",Established outpatient E/M,Office,495869.99999952,84103.77000033601,60313.609999711996,66016.24999992,5.017751479289941,5.017751479289941,356.8852662704852,5.895930705574066,0.7171332509763955,0.967434869739479,0.9946893787575151,0.9973947895791583,0.9932865731462925,0.9946893787575151,848.0,60313.609999711996,1080.0,79168.52999952,-0.21481481481481482,-0.23816180494853603,1,1,1,1,1,0,93.8867735470942,10
1215498118,Khiella,Marco,N,MD,I,Dyer,IN,46311,1,"Metropolitan area core: primary flow within an urbanized area of 50,000 and greater",US,Internal Medicine,Y,99232,"Subsequent hospital care with moderate levelof medical decision making, if using time, at least 35 minutes",N,F,138,442.0,442,498.38914027,81.159321267,63.40418552,59.651764706,2024,IN,99232,"Khiella, Marco",Subsequent hospital care,Facility,220287.99999933998,35872.420000014,28024.64999984,26366.080000052,3.2028985507246377,3.2028985507246377,203.07717391188405,6.140873685111125,0.7812310961967178,0.9218671992011982,0.9001497753369945,0.9887668497254118,0.927109335996006,0.9041437843235147,442.0,28024.64999984,149.0,9748.229999984,1.9664429530201342,1.8748449718447346,1,1,1,1,1,1,93.82925611582625,10
1669406807,Brahmbhatt,Vishwajit,,MD,I,Richmond,IN,47374,4,"Micropolitan area core: primary flow within an urban cluster of 10,000 to 49,999",US,Anesthesiology,Y,99213,"Established patient office or other outpatient visit with low level od decision making, if using time, 20 minutes or more",N,O,517,2173.0,2173,228.57,78.255255407,55.282945237,65.305508514,2024,IN,99213,"Brahmbhatt, Vishwajit",Established outpatient E/M,Office,496682.61,170048.669999411,120129.840000001,141908.870000922,4.203094777562863,4.203094777562863,232.35945841392842,2.920826196416122,0.7064438669259635,0.9993995196156925,0.9950960768614892,0.9361489191353083,0.9950960768614892,0.9950960768614892,2173.0,120129.840000001,2588.0,158450.60000096,-0.16035548686244205,-0.24184673330821607,1,1,1,1,1,0,93.80654523618895,10
1710984794,Goodman,Ira,J,M.D.,I,Burr Ridge,IL,60527,1,"Metropolitan area core: primary flow within an urbanized area of 50,000 and greater",US,Interventional Pain Management,Y,99214,"Established patient office or other outpatient visit with moderate level of decision making, if using time, 30 minutes or more",N,O,137,755.0,755,625.0,138.7010596,105.21498013,93.818543046,2024,IL,99214,"Goodman, Ira",Established outpatient E/M,Office,471875.0,104719.299998,79437.30999815,70832.99999973,5.510948905109489,5.510948905109489,579.8343795485401,4.5060939101866815,0.7585737299587292,0.9751486956009657,0.9933455037983628,0.9717920028266887,0.9964666391849715,0.9933455037983628,755.0,79437.30999815,816.0,77417.82000019199,-0.07475490196078431,0.02608559628717264,1,1,1,1,1,0,93.70296213414994,10
1154325959,Sanapati,Mahendra,R,M.D.,I,Evansville,IN,47714,1,"Metropolitan area core: primary flow within an urbanized area of 50,000 and greater",US,Interventional Pain Management,Y,99213,"Established patient office or other outpatient visit with low level od decision making, if using time, 20 minutes or more",N,O,536,1343.0,1343,334.0,79.131422189,55.878719285,64.36996277,2024,IN,99213,"Sanapati, Mahendra",Established outpatient E/M,Office,448562.0,106273.499999827,75045.119999755,86448.86000011,2.5055970149253732,2.5055970149253732,140.00955223834887,4.220826452509141,0.7061508278157506,0.9961969575660529,0.9746797437950361,0.9921937550040032,0.975880704563651,0.9746797437950361,1343.0,75045.119999755,1003.0,52195.589999755,0.3389830508474576,0.437767443573437,1,1,1,1,1,0,93.66643314651722,10
1871509323,Lowenthal,Robert,A,M.D.,I,Springfield,IL,62703,1,"Metropolitan area core: primary flow within an urbanized area of 50,000 and greater",US,Ophthalmology,Y,99213,"Established patient office or other outpatient visit with low level od decision making, if using time, 20 minutes or more",N,O,678,2083.0,2083,412.89822372,88.393667787,61.544738358,61.97818531,2024,IL,99213,"Lowenthal, Robert",Established outpatient E/M,Office,860067.0000087599,184124.010000321,128197.689999714,129100.56000073,3.0722713864306783,3.0722713864306783,189.08213864264602,4.67112898533581,0.6962573213536383,0.9989170594980252,0.9783411899605046,0.9764938208689005,0.9770034399286533,0.9784048923429737,2083.0,128197.689999714,1659.0,105300.099999696,0.25557564798071125,0.21745079064582182,1,1,1,1,1,0,93.62625812205377,10
1629488002,Khan,Shaan,,M.D.,I,La Porte,IN,46350,1,"Metropolitan area core: primary flow within an urbanized area of 50,000 and greater",US,Pain Management,Y,99214,"Established patient office or other outpatient visit with moderate level of decision making, if using time, 30 minutes or more",N,O,252,863.0,863,716.83904983,114.20855156,84.863082271,94.951714948,2024,IN,99214,"Khan, Shaan",Established outpatient E/M,Office,618632.10000329,98561.97999628,73236.839999873,81943.330000124,3.4246031746031744,3.4246031746031744,290.622380951877,6.276579468336968,0.7430536602718123,0.9814629258517034,0.9761523046092184,0.9977955911823647,0.984869739478958,0.9761523046092184,863.0,73236.839999873,679.0,60812.810000096,0.2709867452135493,0.20429955464576285,1,1,1,1,1,0,93.56112224448897,10
1598728453,Kagan,Aleksandr,,D.O.,I,Springfield,IL,62703,1,"Metropolitan area core: primary flow within an urbanized area of 50,000 and greater",US,Ophthalmology,Y,99213,"Established patient office or other outpatient visit with low level od decision making, if using time, 20 minutes or more",N,O,252,811.0,811,413.47595561,87.838335388,64.198877928,65.19919852,2024,IL,99213,"Kagan, Aleksandr",Established outpatient E/M,Office,335328.99999971,71236.889999668,52065.289999608,52876.549999719995,3.2182539682539684,3.2182539682539684,206.6082936492381,4.707238061645768,0.7308753933509822,0.9819722257612434,0.9817174162313671,0.980443368581985,0.9821633329086508,0.9817811186138362,811.0,52065.289999608,616.0,39174.350000016,0.31655844155844154,0.3290658300542763,1,1,1,1,1,0,93.44056567715633,10
1417328675,Cox,Nancy,,NP,I,Gary,IN,46403,1,"Metropolitan area core: primary flow within an urbanized area of 50,000 and greater",US,Nurse Practitioner,Y,99214,"Established patient office or other outpatient visit with moderate level of decision making, if using time, 30 minutes or more",N,O,87,821.0,821,302.02192448,96.573325213,70.073252132,79.489183922,2024,IN,99214,"Cox, Nancy",Established outpatient E/M,Office,247959.99999808,79286.699999873,57530.140000372,65260.61999996199,9.436781609195402,9.436781609195402,661.2659770157701,3.127384542407203,0.7255963484476481,0.9632264529058117,0.9995991983967936,0.9585170340681363,0.999498997995992,0.9995991983967936,821.0,57530.140000372,562.0,40958.220000116,0.4608540925266904,0.4046054735828134,1,1,1,1,1,0,93.43887775551103,10
1295735058,Birhiray,Ruemu,E,MD,I,Indianapolis,IN,46260,1,"Metropolitan area core: primary flow within an urbanized area of 50,000 and greater",US,Hematology-Oncology,Y,99215,"Established patient office or other outpatient visit with high level of medical decision making, if using time, 40 minutes or more",N,O,264,670.0,670,527.42113433,165.88665672,126.76098507,135.99319403,2024,IN,99215,"Birhiray, Ruemu",Established outpatient E/M,Office,353372.1600011,111144.06000239999,84929.8599969,91115.4400001,2.537878787878788,2.537878787878788,321.70401513977276,3.1794066187025147,0.7641421412450298,0.9987562189054726,0.9713930348258707,0.9730514096185738,0.9800995024875622,0.9713930348258707,670.0,84929.8599969,584.0,74751.06999752,0.14726027397260275,0.13616915449795847,1,1,1,1,1,0,93.40796019900498,10
1023736337,Grimes,Stephanie,N,FNP-C,I,Muncie,IN,47304,1,"Metropolitan area core: primary flow within an urbanized area of 50,000 and greater",US,Nurse Practitioner,Y,99214,"Established patient office or other outpatient visit with moderate level of decision making, if using time, 30 minutes or more",N,O,303,1123.0,1122,335.89314337,99.395992876,74.421353517,80.829439003,2024,IN,99214,"Grimes, Stephanie",Established outpatient E/M,Office,377208.00000451005,111621.69999974799,83575.179999591,90771.460000369,3.706270627062706,3.702970297029703,275.8256765663069,3.3793429055941777,0.7487359536701169,0.9872745490981963,0.9822645290581162,0.968937875751503,0.9801603206412826,0.9821643286573146,1123.0,83575.179999591,831.0,60063.329999781,0.35138387484957884,0.3914509901448308,1,1,1,1,1,0,93.38527054108216,10
1194995357,Jagarlamudi,Kuppuswamy,,M.D.,I,Mattoon,IL,61938,4,"Micropolitan area core: primary flow within an urban cluster of 10,000 to 49,999",US,Hematology-Oncology,Y,99214,"Established patient office or other outpatient visit with moderate level of decision making, if using time, 30 minutes or more",N,F,314,874.0,874,695.83524027,95.35104119,71.919450801,70.822208238,2024,IL,99214,"Jagarlamudi, Kuppuswamy",Established outpatient E/M,Facility,608159.99999598,83336.81000006001,62857.600000073995,61898.610000012,2.78343949044586,2.78343949044586,200.1834394906815,7.2976155434260335,0.754259732284314,0.9948733413751508,0.968335343787696,0.9906513872135102,0.9707478890229192,0.968335343787696,874.0,62857.600000073995,740.0,54664.40000014,0.1810810810810811,0.1498818243667362,1,1,1,1,1,0,93.3428829915561,10
1396269668,Maricle,Elizabeth,S,NP,I,Springfield,IL,62702,1,"Metropolitan area core: primary flow within an urbanized area of 50,000 and greater",US,Nurse Practitioner,Y,99214,"Established patient office or other outpatient visit with moderate level of decision making, if using time, 30 minutes or more",N,O,125,376.0,376,585.11170213,106.62356383,82.690505319,82.618537234,2024,IL,99214,"Maricle, Elizabeth",Established outpatient E/M,Office,220002.00000088,40090.46000008,31091.629999943998,31064.569999984,3.008,3.008,248.73303999955198,5.487639702823091,0.77553687335795,0.8304575702255462,0.9520051822625287,0.9898710323302514,0.9439962310817973,0.9520051822625287,376.0,31091.629999943998,178.0,11778.429999967999,1.1123595505617978,1.639709197238382,0,1,1,1,1,1,93.32960367469525,10
1326272469,Rampurwala,Murtuza,M,,I,Chicago,IL,60637,1,"Metropolitan area core: primary flow within an urbanized area of 50,000 and greater",US,Hematology-Oncology,Y,99215,"Established patient office or other outpatient visit with high level of medical decision making, if using time, 40 minutes or more",N,O,205,730.0,730,590.8260274,186.65390411,147.0040274,139.45364384,2024,IL,99215,"Rampurwala, Murtuza",Established outpatient E/M,Office,431303.000002,136257.3500003,107312.940002,101801.16000320001,3.5609756097560976,3.5609756097560976,523.4777561073171,3.165355850536139,0.7875754225497834,0.9972390944229708,0.9869317136020614,0.9243511871893981,0.9904288606662985,0.9869317136020614,730.0,107312.940002,721.0,103348.65999962001,0.012482662968099861,0.03835831061955297,1,1,1,1,1,0,93.26062948647156,10
1508949827,Alexander,Anthony,,M.D.,I,Seymour,IN,47274,4,"Micropolitan area core: primary flow within an urban cluster of 10,000 to 49,999",US,Interventional Pain Management,Y,99215,"Established patient office or other outpatient visit with high level of medical decision making, if using time, 40 minutes or more",N,O,108,562.0,562,406.67615658,165.84419929,131.91023132,141.69558719,2024,IN,99215,"Alexander, Anthony",Established outpatient E/M,Office,228551.99999796,93204.44000098,74133.55000184,79632.92000078,5.203703703703703,5.203703703703703,686.4217592762964,2.4521578585264487,0.7953864644330305,0.9966832504145937,0.9975124378109452,0.8946932006633499,0.9979270315091211,0.9975124378109452,562.0,74133.55000184,165.0,17913.50000055,2.4060606060606062,3.138417952916173,1,1,0,1,1,1,93.23175787728027,10
1447356704,Bush,Jocelyn,L,M.D.,I,Indianapolis,IN,46260,1,"Metropolitan area core: primary flow within an urbanized area of 50,000 and greater",US,Interventional Pain Management,Y,99214,"Established patient office or other outpatient visit with moderate level of decision making, if using time, 30 minutes or more",N,O,177,659.0,659,589.47647951,113.99754173,83.141911988,93.747192716,2024,IN,99214,"Bush, Jocelyn",Established outpatient E/M,Office,388464.99999708997,75124.38000007,54790.520000092,61779.399999844,3.7231638418079096,3.7231638418079096,309.5509604524972,5.17095781684625,0.7293307445604337,0.958316633266533,0.9825651302605211,0.9953907815631262,0.9885771543086173,0.9825651302605211,659.0,54790.520000092,613.0,54362.470000101996,0.07504078303425775,0.00787399836668942,1,1,1,1,1,0,93.1943887775551,10
1124776901,Karney,Cassandra,,FNP-C,I,Hobart,IN,46342,1,"Metropolitan area core: primary flow within an urbanized area of 50,000 and greater",US,Nurse Practitioner,Y,99214,"Established patient office or other outpatient visit with moderate level of decision making, if using time, 30 minutes or more",N,F,58,197.0,197,270.0,73.366446701,57.486548223,63.661167513,2024,IN,99214,"Karney, Cassandra",Established outpatient E/M,Facility,53190.0,14453.190000097,11324.849999931,12541.250000061,3.396551724137931,3.396551724137931,195.25603448156897,3.680156422190743,0.7835536653053752,0.8146233382570163,0.9697193500738552,0.9571639586410635,0.9579025110782866,0.9697193500738552,239.0,14461.669999923,66.0,4123.219999974,2.621212121212121,2.5073728784819127,0,1,1,1,1,1,93.18316100443131,10
1669583431,Shakir,Abdur,R,MD,I,Mattoon,IL,61938,4,"Micropolitan area core: primary flow within an urban cluster of 10,000 to 49,999",US,Hematology-Oncology,Y,99214,"Established patient office or other outpatient visit with moderate level of decision making, if using time, 30 minutes or more",N,F,227,640.0,640,691.3359375,94.05984375,70.670046875,70.80396875,2024,IL,99214,"Shakir, Abdur",Established outpatient E/M,Facility,442455.0,60198.3,45228.83,45314.53999999999,2.8193832599118944,2.8193832599118944,199.24594713656387,7.349958387529216,0.7513306854180267,0.9852231604342582,0.9695416164053076,0.991556091676719,0.9701447527141134,0.9695416164053076,640.0,45228.83,533.0,38708.459999885,0.20075046904315197,0.16844818936569345,1,1,1,1,1,0,93.14234016887816,10
1093704801,Abdel-Latief,Ahmed,A,MD,I,South Bend,IN,46617,1,"Metropolitan area core: primary flow within an urbanized area of 50,000 and greater",US,Cardiology,Y,93000,Routine electrocardiogram (ecg) using at least 12 leads with interpretation and report,N,O,1106,1870.0,1866,97.0,12.782668449,8.894315508,9.8562887701,2024,IN,93000,"Abdel-Latief, Ahmed",Electrocardiogram,Office,181390.0,23903.589999630003,16632.36999996,18431.260000087,1.6907775768535263,1.6871609403254972,15.03830922238698,7.588399901554858,0.6958105456217015,1.0,0.9935275080906149,0.9039913700107874,0.9848975188781014,0.9935275080906149,1870.0,16632.36999996,1565.0,14461.269999975,0.19488817891373802,0.15013204234405086,1,1,1,1,1,0,93.13915857605178,10
1790155893,Rismiller,Amy,F,PA-C,I,Richmond,IN,47374,4,"Micropolitan area core: primary flow within an urban cluster of 10,000 to 49,999",US,Physician Assistant,Y,99213,"Established patient office or other outpatient visit with low level od decision making, if using time, 20 minutes or more",N,O,96,254.0,254,256.0,52.209448819,39.899488189,42.043228346,2024,IN,99213,"Rismiller, Amy",Established outpatient E/M,Office,65024.0,13261.200000026001,10134.470000006,10678.979999883999,2.6458333333333335,2.6458333333333335,105.56739583339584,4.903326999055327,0.7642196784594253,0.7956365092073658,0.9788831064851882,0.9951961569255404,0.9299439551641313,0.9788831064851882,254.0,10134.470000006,90.0,3844.7999999999997,1.8222222222222222,1.6358900332932795,0,1,1,1,1,1,93.13450760608487,10
1659323046,Emmert,Jennifer,M,N.P.,I,Lafayette,IN,47905,1,"Metropolitan area core: primary flow within an urbanized area of 50,000 and greater",US,Nurse Practitioner,Y,99214,"Established patient office or other outpatient visit with moderate level of decision making, if using time, 30 minutes or more",N,O,213,774.0,774,633.63049096,97.620077519,72.418656331,80.780788114,2024,IN,99214,"Emmert, Jennifer",Established outpatient E/M,Office,490430.00000303995,75557.93999970601,56052.04000019399,62524.330000236005,3.6338028169014085,3.6338028169014085,263.15511737180276,6.490780452788261,0.7418418236443727,0.961122244488978,0.9808617234468938,0.9985971943887776,0.9779559118236473,0.9808617234468938,774.0,56052.04000019399,565.0,39385.479999835,0.36991150442477877,0.42316508521487656,1,1,1,1,1,0,93.10220440881764,10
1063659928,Altman,Igor,,D.O.,I,Chicago,IL,60612,1,"Metropolitan area core: primary flow within an urbanized area of 50,000 and greater",US,Family Practice,Y,99213,"Established patient office or other outpatient visit with low level od decision making, if using time, 20 minutes or more",N,F,79,362.0,362,374.22375691,68.483259669,54.206519337,50.559033149,2024,IL,99213,"Altman, Igor",Established outpatient E/M,Facility,135469.00000142,24790.940000178,19622.759999994,18302.369999938,4.582278481012659,4.582278481012659,248.38936708853163,5.464455966592929,0.7915294861692661,0.9809818664307829,0.9893852277753207,0.9318885448916409,0.9929234851835471,0.9893852277753207,362.0,19622.759999994,417.0,22188.300000006002,-0.13189448441247004,-0.11562580278846547,1,1,1,1,1,0,93.07828394515701,10
1508091786,Hou,Joshua,H,MD,I,Chicago,IL,60612,1,"Metropolitan area core: primary flow within an urbanized area of 50,000 and greater",US,Ophthalmology,Y,99214,"Established patient office or other outpatient visit with moderate level of decision making, if using time, 30 minutes or more",N,F,114,262.0,262,491.54198473,92.115496183,69.109618321,70.981068702,2024,IL,99214,"Hou, Joshua",Established outpatient E/M,Facility,128783.99999926,24134.259999946,18106.720000102,18597.039999924,2.2982456140350878,2.2982456140350878,158.8308771938772,5.33614869482421,0.7502496451162171,0.9010856453558505,0.9339565741857659,0.9034981905910736,0.9306393244873341,0.9339565741857659,262.0,18106.720000102,107.0,7366.500000051001,1.4485981308411215,1.4579814022909985,1,1,1,1,1,1,93.05790108564536,10
1467617514,Pontinen,Thomas,,M.D.,I,Des Plaines,IL,60016,1,"Metropolitan area core: primary flow within an urbanized area of 50,000 and greater",US,Pain Management,Y,99213,"Established patient office or other outpatient visit with low level od decision making, if using time, 20 minutes or more",N,O,136,521.0,521,425.0,91.007543186,64.077101727,63.602015355,2024,IL,99213,"Pontinen, Thomas",Established outpatient E/M,Office,221425.0,47414.929999906,33384.169999767,33136.649999955,3.8308823529411766,3.8308823529411766,245.47183823358088,4.66994256873181,0.7040856118491197,0.9541342846222449,0.9901898330997579,0.9763664161039622,0.9901261307172888,0.990253535482227,521.0,33384.169999767,403.0,26424.910000033997,0.29280397022332505,0.26335983735513385,1,1,1,1,1,0,93.05707733469231,10
1245449172,Lindzy,Charles,S,MD,I,Fort Wayne,IN,46814,1,"Metropolitan area core: primary flow within an urbanized area of 50,000 and greater",US,Pain Management,Y,99214,"Established patient office or other outpatient visit with moderate level of decision making, if using time, 30 minutes or more",N,O,115,691.0,691,338.71,117.98743849,85.243111433,91.828914616,2024,IN,99214,"Lindzy, Charles",Established outpatient E/M,Office,234048.61,81529.31999659,58902.990000203,63453.779999656006,6.008695652173913,6.008695652173913,512.1999130452434,2.8707293279250847,0.7224761595296838,0.9657314629258517,0.9978957915831663,0.9329659318637274,0.9985971943887776,0.9978957915831663,691.0,58902.990000203,785.0,67936.38000025999,-0.1197452229299363,-0.13296837423516564,1,1,1,1,1,0,93.05360721442887,10
1891854766,Bowers,Tasha,C,PA,I,Fort Wayne,IN,46825,1,"Metropolitan area core: primary flow within an urbanized area of 50,000 and greater",US,Physician Assistant,Y,99213,"Established patient office or other outpatient visit with low level od decision making, if using time, 20 minutes or more",N,O,129,527.0,527,249.0,71.239924099,49.98601518,53.86426945,2024,IN,99213,"Bowers, Tasha",Established outpatient E/M,Office,131223.0,37543.440000173,26342.62999986,28386.470000150002,4.0852713178294575,4.0852713178294575,204.20643410744188,3.4952311242495444,0.7016573334712699,0.9484587670136109,0.9943955164131305,0.9726781425140112,0.9929943955164131,0.9943955164131305,527.0,26342.62999986,504.0,25068.039999911998,0.04563492063492063,0.050845219648304255,1,1,1,1,1,0,93.02842273819056,10
1255695136,Usman-Oyowe,Ibrahim,A,M.D,I,Chicago,IL,60637,1,"Metropolitan area core: primary flow within an urbanized area of 50,000 and greater",US,Physical Medicine and Rehabilitation,Y,99213,"Established patient office or other outpatient visit with low level od decision making, if using time, 20 minutes or more",N,O,280,779.0,779,451.52,85.155802311,63.591489089,66.889101412,2024,IL,99213,"Usman-Oyowe, Ibrahim",Established outpatient E/M,Office,351734.07999999996,66336.370000269,49537.770000331,52106.609999948,2.782142857142857,2.782142857142857,176.92060714403928,5.302281086507652,0.7467663666270874,0.9794878328449484,0.970696904064212,0.9880876544782775,0.971970951713594,0.9708880112116193,779.0,49537.770000331,602.0,37067.300000079995,0.29401993355481726,0.3364277948548746,1,1,1,1,1,0,93.01089310740221,10
1801335591,Sipes,Susan,E,"RN, MSN, AGPCNP-C",I,Greenwood,IN,46143,1,"Metropolitan area core: primary flow within an urbanized area of 50,000 and greater",US,Nurse Practitioner,Y,99214,"Established patient office or other outpatient visit with moderate level of decision making, if using time, 30 minutes or more",N,O,149,676.0,676,584.28994083,99.238713018,70.24897929,76.935428994,2024,IN,99214,"Sipes, Susan",Established outpatient E/M,Office,394980.00000108,67085.370000168,47488.31000003999,52008.349999944,4.5369127516778525,4.5369127516778525,318.71348993315434,5.887721868420654,0.7078787819150595,0.9379759519038077,0.9910821643286574,0.9972945891783567,0.9894789579158316,0.9910821643286574,676.0,47488.31000003999,742.0,56098.589999886,-0.0889487870619946,-0.15348478455275794,1,1,1,1,1,0,92.98346693386773,10
1962035329,Tatum,Alaina,,PA-C,I,Crown Point,IN,46307,1,"Metropolitan area core: primary flow within an urbanized area of 50,000 and greater",US,Physician Assistant,Y,99214,"Established patient office or other outpatient visit with moderate level of decision making, if using time, 30 minutes or more",N,O,242,798.0,798,715.93977444,98.945964912,75.456390977,82.360213033,2024,IN,99214,"Tatum, Alaina",Established outpatient E/M,Office,571319.94000312,78958.87999977599,60214.199999646,65723.45000033399,3.2975206611570247,3.2975206611570247,248.819008263,7.235664183746537,0.7626020024576947,0.9672344689378758,0.9735470941883767,0.9993987975951903,0.9729458917835672,0.9735470941883767,798.0,60214.199999646,,,,,1,1,1,1,1,0,92.97244488977955,10
1366821449,Tolbert,Ashley,,M.D.,I,Indianapolis,IN,46260,1,"Metropolitan area core: primary flow within an urbanized area of 50,000 and greater",US,Pain Management,Y,99214,"Established patient office or other outpatient visit with moderate level of decision making, if using time, 30 minutes or more",N,O,170,620.0,620,570.20967742,116.15614516,84.162967742,92.520258065,2024,IN,99214,"Tolbert, Ashley",Established outpatient E/M,Office,353530.0000004,72016.80999919999,52181.040000040004,57362.56000029999,3.6470588235294117,3.6470588235294117,306.9472941178824,4.908992775496821,0.7245675002908302,0.9512024048096193,0.981062124248497,0.9946893787575151,0.987875751503006,0.981062124248497,620.0,52181.040000040004,613.0,52635.929999914995,0.011419249592169658,-0.008642195547332893,1,1,1,1,1,0,92.95040080160321,10
1275874497,Westlund,Ted,J,PA,I,Indianapolis,IN,46260,1,"Metropolitan area core: primary flow within an urbanized area of 50,000 and greater",US,Physician Assistant,Y,99214,"Established patient office or other outpatient visit with moderate level of decision making, if using time, 30 minutes or more",N,O,153,699.0,699,571.10872675,97.017281831,67.460443491,76.346051502,2024,IN,99214,"Westlund, Ted",Established outpatient E/M,Office,399204.99999825,67815.079999869,47154.85000020901,53365.889999898,4.568627450980392,4.568627450980392,308.2016339882942,5.8866700444653475,0.6953446047737478,0.9367735470941884,0.9913827655310621,0.9971943887775551,0.988376753507014,0.9913827655310621,699.0,47154.85000020901,801.0,57702.849999957,-0.12734082397003746,-0.18279859659888292,1,1,1,1,1,0,92.94438877755512,10
1528226941,Rayani,Shayan,,,I,Chicago,IL,60637,1,"Metropolitan area core: primary flow within an urbanized area of 50,000 and greater",US,Hematology-Oncology,Y,99215,"Established patient office or other outpatient visit with high level of medical decision making, if using time, 40 minutes or more",N,O,73,153.0,153,657.79084967,149.23803922,118.33843137,111.23934641,2024,IL,99215,"Rayani, Shayan",Established outpatient E/M,Office,100641.99999951,22833.420000659997,18105.77999961,17019.62000073,2.095890410958904,2.095890410958904,248.02438355630136,4.407662102155566,0.792950858832652,0.853303883673845,0.9403644395361679,0.9718387631143015,0.9193815571507454,0.9403644395361679,153.0,18105.77999961,79.0,9200.65999977,0.9367088607594937,0.967878391339601,0,1,1,1,1,1,92.91183508190687,10
1336525872,Asava,Caroline,,NP,I,Indianapolis,IN,46260,1,"Metropolitan area core: primary flow within an urbanized area of 50,000 and greater",US,Nurse Practitioner,Y,99214,"Established patient office or other outpatient visit with moderate level of decision making, if using time, 30 minutes or more",N,O,155,646.0,646,624.78328173,98.045216718,73.729303406,81.59628483,2024,IN,99214,"Asava, Caroline",Established outpatient E/M,Office,403609.99999758,63337.209999828,47629.130000275996,52711.200000180004,4.167741935483871,4.167741935483871,307.2847096792,6.372399415741174,0.7519928648641981,0.9381763527054108,0.9885771543086173,0.9982965931863728,0.9879759519038076,0.9885771543086173,646.0,47629.130000275996,798.0,57768.079999812006,-0.19047619047619047,-0.17551128580989717,1,1,1,1,1,0,92.90581162324648,10
1770994808,Mahngar,Naina,,M.D.,I,Granger,IN,46530,1,"Metropolitan area core: primary flow within an urbanized area of 50,000 and greater",US,Hematology-Oncology,Y,99214,"Established patient office or other outpatient visit with moderate level of decision making, if using time, 30 minutes or more",N,O,294,728.0,728,250.0,89.80239011,62.649024725,66.61010989,2024,IN,99214,"Mahngar, Naina",Established outpatient E/M,Office,182000.0,65376.140000080006,45608.4899998,48492.159999920004,2.4761904761904763,2.4761904761904763,155.13091836666666,2.78389026944352,0.6976320412882159,0.931563126252505,0.9293587174348698,0.9264529058116232,0.855811623246493,0.9293587174348698,1198.0,78745.63999976,624.0,41244.21999984,0.9198717948717948,0.909252738930824,1,1,1,0,1,1,92.90380761523046,10
1053490920,Khan,Mansoor,,MD,I,Elk Grove Village,IL,60007,1,"Metropolitan area core: primary flow within an urbanized area of 50,000 and greater",US,Internal Medicine,Y,99214,"Established patient office or other outpatient visit with moderate level of decision making, if using time, 30 minutes or more",N,O,518,2189.0,2189,395.61483783,126.89347647,95.562101416,94.496779351,2024,IL,99214,"Khan, Mansoor",Established outpatient E/M,Office,866000.88000987,277769.81999283,209185.439999624,206853.449999339,4.225868725868726,4.225868725868726,403.8328957521699,3.117692483770281,0.7530891585162983,0.9995288852246629,0.9828043107001944,0.908368176196926,0.9869854543313115,0.9828043107001944,2189.0,209185.439999624,2195.0,213645.92999979,-0.002733485193621868,-0.02087795447435101,1,1,1,1,1,0,92.90265590954596,10
1629545595,Lawrence,Emily,A,,I,Joliet,IL,60436,1,"Metropolitan area core: primary flow within an urbanized area of 50,000 and greater",US,Nurse Practitioner,Y,99214,"Established patient office or other outpatient visit with moderate level of decision making, if using time, 30 minutes or more",N,O,95,384.0,384,347.41940104,112.09783854,75.935807292,72.501640625,2024,IL,99214,"Lawrence, Emily",Established outpatient E/M,Office,133409.04999936,43045.56999936,29159.350000128004,27840.629999999997,4.042105263157895,4.042105263157895,306.9405263171369,3.0992515606447664,0.6774065252373599,0.8158530121900948,0.9799776220481715,0.9053059301572346,0.9679053059301572,0.9799776220481715,384.0,29159.350000128004,162.0,11435.250000005999,1.3703703703703705,1.5499529962276912,0,1,1,1,1,1,92.8938225075084,10
1942229810,Khan,Naeem,A,MD,I,Centralia,IL,62801,4,"Micropolitan area core: primary flow within an urban cluster of 10,000 to 49,999",US,Cardiology,Y,93000,Routine electrocardiogram (ecg) using at least 12 leads with interpretation and report,N,O,224,440.0,440,200.0,12.655636364,9.0077727273,10.317045455,2024,IL,93000,"Khan, Naeem",Electrocardiogram,Office,88000.0,5568.48000016,3963.4200000120004,4539.500000200001,1.9642857142857142,1.9642857142857142,17.693839285767858,15.803235352820067,0.7117597620711791,0.9327768014059754,0.9934094903339191,0.9964850615114236,0.9850615114235501,0.9938488576449912,440.0,3963.4200000120004,647.0,6775.099999997,-0.31993817619783615,-0.41500199258848497,1,1,1,1,1,0,92.84929701230229,10
1871980755,Frazier,Katie,A,FNP-BC,I,Roxana,IL,62084,1.1,"Secondary flow 30% to <50% to a larger urbanized area of 50,000 and greater",US,Nurse Practitioner,Y,99214,"Established patient office or other outpatient visit with moderate level of decision making, if using time, 30 minutes or more",N,O,241,1141.0,1141,357.0,105.0837248,75.658948291,77.399184926,2024,IL,99214,"Frazier, Katie",Established outpatient E/M,Office,407337.0,119900.5299968,86326.860000031,88312.470000566,4.734439834024896,4.734439834024896,358.20273858934024,3.397291071281097,0.7199873095000912,0.9813320770272658,0.9882221306165715,0.9285083328425888,0.9809787409457629,0.9882221306165715,1141.0,86326.860000031,1122.0,86023.130000016,0.01693404634581105,0.003530794566704821,1,1,1,1,1,0,92.82227195100407,10
1508867300,Shah,Syed,A,M.D.,I,Centralia,IL,62801,4,"Micropolitan area core: primary flow within an urban cluster of 10,000 to 49,999",US,Neurology,Y,99232,"Subsequent hospital care with moderate levelof medical decision making, if using time, at least 35 minutes",N,F,284,1917.0,1917,325.0,72.08801252,56.256953573,60.551262389,2024,IL,99232,"Shah, Syed",Subsequent hospital care,Facility,623025.0,138192.72000084003,107844.57999944099,116076.769999713,6.75,6.75,379.73443661774996,4.508377865318903,0.7803926284885735,0.9938287153652393,0.9856423173803527,0.9132241813602016,0.9788413098236776,0.986272040302267,1917.0,107844.57999944099,1746.0,107311.70999982601,0.0979381443298969,0.00496562769911918,1,1,1,1,1,0,92.8022670025189,10
1891769303,Zorub,Ossama,H,M.D.,I,Michigan City,IN,46360,1,"Metropolitan area core: primary flow within an urbanized area of 50,000 and greater",US,Internal Medicine,Y,99214,"Established patient office or other outpatient visit with moderate level of decision making, if using time, 30 minutes or more",N,O,133,537.0,537,478.52,132.17975791,91.68264432,87.256815642,2024,IN,99214,"Zorub, Ossama",Established outpatient E/M,Office,256965.24,70980.52999767,49233.579999839996,46856.909999754,4.037593984962406,4.037593984962406,370.1772932318797,3.6202214890257243,0.6936209126848747,0.9421843687374749,0.9869739478957916,0.9807615230460922,0.9940881763527054,0.9869739478957916,537.0,49233.579999839996,459.0,45996.35999976,0.16993464052287582,0.07037991702162702,1,1,1,1,1,0,92.78657314629257,10
1760724603,Gordon,David,M,MD,I,Indianapolis,IN,46260,1,"Metropolitan area core: primary flow within an urbanized area of 50,000 and greater",US,Anesthesiology,Y,99214,"Established patient office or other outpatient visit with moderate level of decision making, if using time, 30 minutes or more",N,O,239,738.0,738,593.3604336,114.99204607,83.385,93.005325203,2024,IN,99214,"Gordon, David",Established outpatient E/M,Office,437899.9999968,84864.12999966,61538.130000000005,68637.929999814,3.087866108786611,3.087866108786611,257.4817154811716,5.1600128346163965,0.725137110346227,0.9685370741482966,0.9667334669338677,0.995190380761523,0.9761523046092184,0.9667334669338677,738.0,61538.130000000005,745.0,66911.62000033,-0.009395973154362415,-0.08030727697675676,1,1,1,1,1,0,92.78557114228455,10
1780821264,Elbaridi,Nidal,,M.D.,I,Chicago,IL,60616,1,"Metropolitan area core: primary flow within an urbanized area of 50,000 and greater",US,Pain Management,Y,99214,"Established patient office or other outpatient visit with moderate level of decision making, if using time, 30 minutes or more",N,O,67,287.0,287,385.5254007,120.90905923,89.94738676,94.931707317,2024,IL,99214,"Elbaridi, Nidal",Established outpatient E/M,Office,110645.7900009,34700.89999901,25814.90000012,27245.399999979003,4.2835820895522385,4.2835820895522385,385.2970149271642,3.1885567810649484,0.7439259500720871,0.7871150108945292,0.9834520935162829,0.9169660208468288,0.9852776632707143,0.9834520935162829,287.0,25814.90000012,171.0,16034.389999983001,0.6783625730994152,0.609970818980165,0,1,1,1,1,1,92.71509333961487,10
1528062221,Mitra,Raman,L,M.D.,I,South Bend,IN,46601,1,"Metropolitan area core: primary flow within an urbanized area of 50,000 and greater",US,Clinical Cardiac Electrophysiology,Y,93000,Routine electrocardiogram (ecg) using at least 12 leads with interpretation and report,N,O,260,419.0,419,139.0,16.552816229,12.546229117,10.608257757,2024,IN,93000,"Mitra, Raman",Electrocardiogram,Office,58241.0,6935.629999951,5256.870000023,4444.860000183,1.6115384615384616,1.6115384615384616,20.21873076931923,8.397362604465847,0.757951332475945,0.9611650485436893,0.9848975188781014,0.9439050701186623,0.9978425026968716,0.9859762675296656,419.0,5256.870000023,405.0,5217.529999814999,0.0345679012345679,0.007539966269364157,1,1,1,1,1,0,92.71305285868391,10
1427096700,Pisick,Evan,P,M.D.,I,Zion,IL,60099,1,"Metropolitan area core: primary flow within an urbanized area of 50,000 and greater",US,Medical Oncology,Y,99214,"Established patient office or other outpatient visit with moderate level of decision making, if using time, 30 minutes or more",N,F,339,1072.0,1072,516.0,97.223348881,74.175447761,72.401231343,2024,IL,99214,"Pisick, Evan",Established outpatient E/M,Facility,553152.0,104223.43000043201,79516.079999792,77614.119999696,3.162241887905605,3.162241887905605,234.5607079639882,5.307367067056871,0.7629386213777689,0.9987937273823885,0.9822074788902292,0.9004825090470446,0.9834137515078407,0.9822074788902292,1102.0,82618.97999979199,876.0,64905.290000304005,0.2579908675799087,0.2729159672409601,1,1,1,1,1,0,92.69451145958988,10
1689705535,Borhan,Arman,,MD,I,Mishawaka,IN,46545,1,"Metropolitan area core: primary flow within an urbanized area of 50,000 and greater",US,Physical Medicine and Rehabilitation,Y,99213,"Established patient office or other outpatient visit with low level od decision making, if using time, 20 minutes or more",N,O,264,611.0,611,518.56,83.94207856,56.113846154,60.464484452,2024,IN,99213,"Borhan, Arman",Established outpatient E/M,Office,316840.16,51288.61000016,34285.560000094,36943.800000172,2.3143939393939394,2.3143939393939394,129.86954545490153,6.177593036719294,0.6684829243761342,0.9695756605284227,0.9651721377101682,0.997497998398719,0.9675740592473979,0.9651721377101682,611.0,34285.560000094,699.0,45453.409999874995,-0.12589413447782546,-0.2456988375528196,1,1,1,1,1,0,92.67063650920737,10
1609258763,Shumsky,Philip,M,MD,I,Indianapolis,IN,46202,1,"Metropolitan area core: primary flow within an urbanized area of 50,000 and greater",US,Anesthesiology,Y,99213,"Established patient office or other outpatient visit with low level od decision making, if using time, 20 minutes or more",N,O,358,870.0,870,269.81609195,97.15716092,72.514195402,66.281517241,2024,IN,99213,"Shumsky, Philip",Established outpatient E/M,Office,234739.9999965,84526.7300004,63087.34999974,57664.919999670004,2.430167597765363,2.430167597765363,176.22164804396647,2.7771096787417324,0.7463597609826081,0.993795036028823,0.9712770216172938,0.9230384307445957,0.9889911929543634,0.9712770216172938,870.0,63087.34999974,747.0,54536.150000268,0.1646586345381526,0.15679874724251677,1,1,1,1,1,0,92.66363090472377,10
1568421683,Dubois,Bradley,M,MD,I,Connersville,IN,47331,4,"Micropolitan area core: primary flow within an urban cluster of 10,000 to 49,999",US,Family Practice,Y,99214,"Established patient office or other outpatient visit with moderate level of decision making, if using time, 30 minutes or more",N,O,351,1128.0,1128,362.0,118.91116135,76.93177305,82.907597518,2024,IN,99214,"Dubois, Bradley",Established outpatient E/M,Office,408336.0,134131.7900028,86779.04000040001,93519.77000030401,3.213675213675214,3.213675213675214,247.23373219487183,3.0442895005835378,0.6469684777828469,0.9887775551102205,0.9708416833667335,0.9480961923847695,0.9725450901803607,0.9708416833667335,1128.0,86779.04000040001,1234.0,98473.030000458,-0.08589951377633712,-0.11875322613718299,1,1,1,1,1,0,92.65430861723448,10
1083956239,Cook,Andrew,G,M.D.,I,Brownsburg,IN,46112,1,"Metropolitan area core: primary flow within an urbanized area of 50,000 and greater",US,Pain Management,Y,99214,"Established patient office or other outpatient visit with moderate level of decision making, if using time, 30 minutes or more",N,O,191,628.0,628,578.04140127,117.67230892,83.699872611,90.599076433,2024,IN,99214,"Cook, Andrew",Established outpatient E/M,Office,363009.99999756005,73898.21000176,52563.519999708005,56896.219999924,3.287958115183246,3.287958115183246,275.2016753911414,4.912297604893466,0.7112962546515824,0.9522044088176352,0.9733466933867736,0.9947895791583167,0.980060120240481,0.9733466933867736,628.0,52563.519999708005,820.0,72640.68999994,-0.23414634146341465,-0.2763901334121218,1,1,1,1,1,0,92.62825651302605,10
1447314737,Jha,Gautam,,MD,I,Salem,IL,62881,7,"Small town core: primary flow within an urban cluster of 2,500 to 9,999",US,Internal Medicine,Y,99214,"Established patient office or other outpatient visit with moderate level of decision making, if using time, 30 minutes or more",N,O,329,1427.0,1427,360.0,114.99161177,76.949088998,87.353482831,2024,IL,99214,"Jha, Gautam",Established outpatient E/M,Office,513720.0,164093.02999579,109806.35000014599,124653.41999983699,4.3373860182370825,4.3373860182370825,333.75790273600603,3.130663136716898,0.6691713231388512,0.9908721512278429,0.9840998763323715,0.9109004181143631,0.9755020316824686,0.9840998763323715,1427.0,109806.35000014599,1607.0,134462.070000632,-0.11200995644057249,-0.18336561381488564,1,1,1,1,1,0,92.59083681761969,10
1205835410,Dichoso,Michael,D,DPM,I,Munster,IN,46321,1,"Metropolitan area core: primary flow within an urbanized area of 50,000 and greater",US,Podiatry,Y,99213,"Established patient office or other outpatient visit with low level od decision making, if using time, 20 minutes or more",N,O,247,568.0,568,337.81176056,84.145880282,58.975704225,63.244419014,2024,IN,99213,"Dichoso, Michael",Established outpatient E/M,Office,191877.07999807998,47794.860000176,33498.1999998,35922.829999952,2.299595141700405,2.299595141700405,135.62024291417006,4.014596548611575,0.7008745291790089,0.9679743795036029,0.9640712570056045,0.9909927942353883,0.9734787830264211,0.9640712570056045,568.0,33498.1999998,463.0,27778.080000116,0.2267818574514039,0.20592207955553865,1,1,1,1,1,0,92.58857085668535,10
1972057420,Raymond,Elsa,K,NP,I,O Fallon,IL,62269,1,"Metropolitan area core: primary flow within an urbanized area of 50,000 and greater",US,Nurse Practitioner,Y,99214,"Established patient office or other outpatient visit with moderate level of decision making, if using time, 30 minutes or more",N,O,247,1101.0,1101,357.0,105.49003633,75.073088102,76.387475023,2024,IL,99214,"Raymond, Elsa",Established outpatient E/M,Office,393057.0,116144.52999933,82655.470000302,84102.610000323,4.4574898785425106,4.4574898785425106,334.6375303655951,3.3842058683458225,0.7116604630521887,0.9787998351098286,0.9849832165361286,0.927801660679583,0.9757375890701372,0.9849832165361286,1101.0,82655.470000302,1132.0,87988.83000012001,-0.027385159010600707,-0.06061405748673712,1,1,1,1,1,0,92.57258112007538,10
1013909241,Wegg,Daniel,L,MD,I,Winchester,IN,47394,7,"Small town core: primary flow within an urban cluster of 2,500 to 9,999",US,Family Practice,Y,99214,"Established patient office or other outpatient visit with moderate level of decision making, if using time, 30 minutes or more",N,O,347,1086.0,1085,362.0,118.72516575,78.664355433,84.751206262,2024,IN,99214,"Wegg, Daniel",Established outpatient E/M,Office,393132.0,128935.5300045,85429.490000238,92039.810000532,3.1296829971181555,3.126801152737752,246.19449567791932,3.0490587038830896,0.6625752420396178,0.9882765531062124,0.9677354709418837,0.9491983967935872,0.9720440881763527,0.9677354709418837,1086.0,85429.490000238,1067.0,85776.830000015,0.01780693533270853,-0.004049345257652237,1,1,1,1,1,0,92.55761523046093,10
1942416235,Chivu,Simona,C,MD,I,New Lenox,IL,60451,1,"Metropolitan area core: primary flow within an urbanized area of 50,000 and greater",US,Hematology-Oncology,Y,99215,"Established patient office or other outpatient visit with high level of medical decision making, if using time, 40 minutes or more",N,O,123,374.0,374,584.38502674,158.71898396,127.30505348,110.56409091,2024,IL,99215,"Chivu, Simona",Established outpatient E/M,Office,218560.00000076,59360.90000104,47612.09000152,41350.97000034,3.040650406504065,3.040650406504065,387.09016261398375,3.6818848770306856,0.8020783040803936,0.9712865819988956,0.9793852383581815,0.9490152770108595,0.9769924535247562,0.9793852383581815,374.0,47612.09000152,298.0,35324.090001460005,0.2550335570469799,0.3478645875817923,1,1,1,1,1,0,92.55383765875206,10
1629243886,Davis-Jackson,Jami,V,ACNP BC,I,Alton,IL,62002,1.1,"Secondary flow 30% to <50% to a larger urbanized area of 50,000 and greater",US,Nurse Practitioner,Y,99232,"Subsequent hospital care with moderate levelof medical decision making, if using time, at least 35 minutes",N,F,123,476.0,476,304.36470588,65.921890756,52.501092437,51.245462185,2024,IL,99232,"Davis-Jackson, Jami",Subsequent hospital care,Facility,144877.59999887997,31378.819999855998,24990.520000012,24392.84000006,3.869918699186992,3.869918699186992,203.17495934969105,4.617050609281829,0.7964136318741968,0.8914357682619647,0.9307304785894207,0.9234256926952141,0.8913098236775818,0.9340050377833753,476.0,24990.520000012,146.0,7802.599999938,2.26027397260274,2.202845205471327,0,1,1,0,1,1,92.46158690176323,10
1619234218,Neerukonda,Anu,R,,I,Chicago,IL,60637,1,"Metropolitan area core: primary flow within an urbanized area of 50,000 and greater",US,Hematology-Oncology,Y,99215,"Established patient office or other outpatient visit with high level of medical decision making, if using time, 40 minutes or more",N,O,99,345.0,345,592.96231884,199.10872464,158.74768116,138.95086957,2024,IL,99215,"Neerukonda, Anu",Established outpatient E/M,Office,204571.9999998,68692.5100008,54767.950000200006,47938.05000165,3.484848484848485,3.484848484848485,553.2116161636364,2.9780830544322447,0.7972914368620709,0.9795692987299834,0.9861954721148537,0.9002392784833425,0.9919013436407141,0.9861954721148537,379.0,59028.96000022,284.0,38656.45000038,0.3345070422535211,0.5270145085655754,1,1,1,1,1,0,92.45720596355605,10
1023017019,Nguyen,Paul,H,M.D.,I,Sycamore,IL,60178,1,"Metropolitan area core: primary flow within an urbanized area of 50,000 and greater",US,Cardiology,Y,99232,"Subsequent hospital care with moderate levelof medical decision making, if using time, at least 35 minutes",N,F,177,934.0,934,423.8137045,77.037184154,61.316616702,60.884218415,2024,IL,99232,"Nguyen, Paul",Subsequent hospital care,Facility,395842.00000299996,71952.729999836,57269.719999668,56865.85999961,5.27683615819209,5.27683615819209,323.5577401111186,5.501417388942743,0.7959353314293778,0.9753148614609571,0.9680100755667507,0.9659949622166247,0.966624685138539,0.9692695214105793,934.0,57269.719999668,1161.0,71739.149999553,-0.19552110249784668,-0.2016950298404032,1,1,1,1,1,0,92.4250629722922,10
1205263019,Morrill,Timothy,D,"ARNP, CAP",I,Skokie,IL,60076,1,"Metropolitan area core: primary flow within an urbanized area of 50,000 and greater",US,Nurse Practitioner,Y,99213,"Established patient office or other outpatient visit with low level od decision making, if using time, 20 minutes or more",N,O,64,254.0,254,179.59055118,58.617047244,42.787283465,56.818070866,2024,IL,99213,"Morrill, Timothy",Established outpatient E/M,Office,45615.99999972,14888.729999976,10867.970000110001,14431.789999964,3.96875,3.96875,169.81203125171876,3.0637938897268966,0.7299460733136754,0.7788890304497388,0.9909861128806218,0.9126003312523888,0.9685947254427315,0.9910498152630909,254.0,10867.970000110001,147.0,6838.639999968,0.7278911564625851,0.5892004843303429,0,1,1,1,1,1,92.42037202191362,10
1578103974,Kuklov,Yuri,S,PA-C,I,Hoffman Estates,IL,60169,1,"Metropolitan area core: primary flow within an urbanized area of 50,000 and greater",US,Physician Assistant,Y,99214,"Established patient office or other outpatient visit with moderate level of decision making, if using time, 30 minutes or more",N,O,276,1028.0,1028,410.0,111.31399805,82.04631323,79.103287938,2024,IL,99214,"Kuklov, Yuri",Established outpatient E/M,Office,421480.0,114430.78999539999,84343.61000043999,81318.180000264,3.7246376811594204,3.7246376811594204,305.5927898566666,3.6832744055768827,0.7370709404682999,0.9798009540074201,0.9750309169071315,0.9432895589187916,0.9675519698486543,0.9750898062540486,1028.0,84343.61000043999,954.0,82454.820000174,0.07756813417190776,0.022906968934769394,1,1,1,1,1,0,92.40916318238031,10
1730715756,Parsell,Connor,,,I,Crawfordsville,IN,47933,4,"Micropolitan area core: primary flow within an urban cluster of 10,000 to 49,999",US,Emergency Medicine,Y,99285,Emergency department visit with high level of medical decision making,N,F,328,378.0,378,2194.0,160.89097884,124.93441799,132.17375661,2024,IN,99285,"Parsell, Connor",Emergency department E/M,Facility,829332.0,60816.79000152,47225.21000022,49961.67999858,1.1524390243902438,1.1524390243902438,143.97929878115855,13.636563192159146,0.7765159917029442,0.948005698005698,0.9914529914529915,0.9715099715099715,0.9586894586894587,0.9914529914529915,378.0,47225.21000022,173.0,22396.149999849997,1.1849710982658959,1.1086307245011444,1,0,1,1,1,1,92.39672364672364,10
1679963920,Clayton,Tricia,A,"MSN,FNP-BC,NP-C",I,Alton,IL,62002,1.1,"Secondary flow 30% to <50% to a larger urbanized area of 50,000 and greater",US,Nurse Practitioner,Y,99214,"Established patient office or other outpatient visit with moderate level of decision making, if using time, 30 minutes or more",N,O,192,909.0,909,357.0,104.57839384,74.084422442,76.356886689,2024,IL,99214,"Clayton, Tricia",Established outpatient E/M,Office,324513.0,95061.76000056001,67342.739999778,69408.41000030101,4.734375,4.734375,350.7434374988438,3.4137070468513135,0.7084104060284734,0.9634297155644543,0.9881632412696543,0.929391673046346,0.9793887285790001,0.9881632412696543,909.0,67342.739999778,940.0,71468.77000002,-0.03297872340425532,-0.057731929628015745,1,1,1,1,1,0,92.36234615158118,10
1235315995,Oommen,Bino,V,M.D.,I,Des Plaines,IL,60016,1,"Metropolitan area core: primary flow within an urbanized area of 50,000 and greater",US,Internal Medicine,Y,99214,"Established patient office or other outpatient visit with moderate level of decision making, if using time, 30 minutes or more",N,O,287,1519.0,1519,350.25016458,120.95512179,95.569315339,99.55080316,2024,IL,99214,"Oommen, Bino",Established outpatient E/M,Office,532029.99999702,183730.82999901002,145169.789999941,151217.67000004,5.2926829268292686,5.2926829268292686,505.8180836234878,2.8957034592391855,0.7901221041712119,0.9964666391849715,0.99216771686002,0.8513632883811318,0.9941110653082857,0.99216771686002,1519.0,145169.789999941,930.0,95978.8500036,0.6333333333333333,0.5125185391833296,1,1,0,1,1,1,92.35881279076615,10
1639395114,Gupta,Amit,K,M.D.,I,Springfield,IL,62702,1,"Metropolitan area core: primary flow within an urbanized area of 50,000 and greater",US,Hematology-Oncology,Y,99214,"Established patient office or other outpatient visit with moderate level of decision making, if using time, 30 minutes or more",N,O,301,929.0,929,584.90204521,124.56575888,94.983250807,95.638202368,2024,IL,99214,"Gupta, Amit",Established outpatient E/M,Office,543374.00000009,115721.58999952,88239.439999703,88847.889999872,3.086378737541528,3.086378737541528,293.154285713299,4.695528293400945,0.7625149291508093,0.9823920852717744,0.9546552028738001,0.97815205229374,0.9646075025027973,0.9546552028738001,929.0,88239.439999703,932.0,86256.66999972399,-0.003218884120171674,0.022986860030480543,1,1,1,1,1,0,92.34085153995642,10
1417137365,Park,Chandler,H,"M.D., MSC",I,Corydon,IN,47112,7.1,"Secondary flow 30% to <50% to a urbanized area of 50,000 and greater",US,Hematology-Oncology,Y,99215,"Established patient office or other outpatient visit with high level of medical decision making, if using time, 40 minutes or more",N,O,116,341.0,341,355.45454545,140.83859238,108.87489736,107.01994135,2024,IN,99215,"Park, Chandler",Established outpatient E/M,Office,121209.99999845,48025.960001579995,37126.33999976,36493.80000035,2.939655172413793,2.939655172413793,320.0546551703448,2.523843354603684,0.7730473268736031,0.9796849087893864,0.9834162520729685,0.9083747927031509,0.9796849087893864,0.9834162520729685,779.0,84658.96999916,751.0,78742.94999722,0.037283621837549935,0.07513078951384056,1,1,1,1,1,0,92.31550580431178,10
1306883061,Afzal,Muhammad,,M.D.,I,New Castle,IN,47362,4,"Micropolitan area core: primary flow within an urban cluster of 10,000 to 49,999",US,Allergy/ Immunology,Y,99213,"Established patient office or other outpatient visit with low level od decision making, if using time, 20 minutes or more",N,F,58,265.0,265,234.9,62.58354717,50.007849057,50.843396226,2024,IN,99213,"Afzal, Muhammad",Established outpatient E/M,Facility,62248.5,16584.64000005,13252.080000105001,13473.49999989,4.568965517241379,4.568965517241379,228.48413793284485,3.7533826480292807,0.7990574411060504,0.9618249534450651,0.9813780260707635,0.9329608938547486,0.9888268156424581,0.9813780260707635,281.0,14037.020000105002,348.0,17579.599999974,-0.1925287356321839,-0.20151653051686266,1,1,1,1,1,0,92.31378026070763,10
1417937004,Miller,Robert,,MD,I,Maywood,IL,60153,1,"Metropolitan area core: primary flow within an urbanized area of 50,000 and greater",US,Family Practice,Y,99214,"Established patient office or other outpatient visit with moderate level of decision making, if using time, 30 minutes or more",N,O,212,755.0,755,533.0,131.56299338,91.616490066,87.832529801,2024,IL,99214,"Miller, Robert",Established outpatient E/M,Office,402415.0,99330.0600019,69170.44999983,66313.559999755,3.561320754716981,3.561320754716981,326.2757075463679,4.051291220324467,0.696369759552213,0.9660797361757258,0.971085330663683,0.9548318709145516,0.9735586832342029,0.9711442200106001,755.0,69170.44999983,747.0,69487.329999672,0.0107095046854083,-0.0045602558026548974,1,1,1,1,1,0,92.21100053000413,10
1922284504,Charles,Candace,D,PA,I,O Fallon,IL,62269,1,"Metropolitan area core: primary flow within an urbanized area of 50,000 and greater",US,Physician Assistant,Y,99214,"Established patient office or other outpatient visit with moderate level of decision making, if using time, 30 minutes or more",N,O,187,876.0,876,357.0,103.80748858,72.398116438,75.437111872,2024,IL,99214,"Charles, Candace",Established outpatient E/M,Office,312732.0,90935.35999607999,63420.749999688,66082.909999872,4.684491978609626,4.684491978609626,339.1483957202567,3.439058249876408,0.6974267216011673,0.9584830104234144,0.9873387904128144,0.9309816854131088,0.9767387079677287,0.9873976797597315,876.0,63420.749999688,930.0,68620.96000035,-0.05806451612903226,-0.0757816562262532,1,1,1,1,1,0,92.19863376715153,10
1609258763,Shumsky,Philip,M,MD,I,Indianapolis,IN,46202,1,"Metropolitan area core: primary flow within an urbanized area of 50,000 and greater",US,Anesthesiology,Y,99214,"Established patient office or other outpatient visit with moderate level of decision making, if using time, 30 minutes or more",N,O,350,1028.0,1028,372.89202335,136.57651751,101.80271401,93.257324903,2024,IN,99214,"Shumsky, Philip",Established outpatient E/M,Office,383333.00000379997,140400.66000028,104653.19000228,95868.530000284,2.9371428571428573,2.9371428571428573,299.00911429222856,2.730279188167887,0.745389587214699,0.9932865731462925,0.9594188376753507,0.9161322645290582,0.9865731462925852,0.9594188376753507,1028.0,104653.19000228,1252.0,127263.80000511999,-0.17891373801916932,-0.17766725496119354,1,1,1,1,1,0,92.15531062124249,10
1386171908,Nicholas,Brianne,N,M.D.,I,Lawrenceburg,IN,47025,4.1,"Secondary flow 30% to <50% to a urbanized area of 50,000 and greater",US,General Surgery,Y,99213,"Established patient office or other outpatient visit with low level od decision making, if using time, 20 minutes or more",N,F,87,379.0,379,213.0,60.662849604,46.254986807,49.07591029,2024,IN,99213,"Nicholas, Brianne",Established outpatient E/M,Facility,80727.0,22991.219999916,17530.639999853,18599.76999991,4.35632183908046,4.35632183908046,201.50160919371265,3.511209931456223,0.7624928124700233,0.984171322160149,0.9776536312849162,0.9003724394785847,0.9804469273743017,0.9776536312849162,415.0,19648.639999840998,401.0,19582.63,0.034912718204488775,0.00337084445965618,1,1,1,1,1,0,92.1461824953445,10
1649225988,Ennis,William,J,D.O.,I,Chicago,IL,60612,1,"Metropolitan area core: primary flow within an urbanized area of 50,000 and greater",US,Family Practice,Y,99213,"Established patient office or other outpatient visit with low level od decision making, if using time, 20 minutes or more",N,F,51,243.0,243,374.55144033,68.569506173,52.56308642,49.017860082,2024,IL,99213,"Ennis, William",Established outpatient E/M,Facility,91016.00000019,16662.390000039,12772.83000006,11911.339999926,4.764705882352941,4.764705882352941,250.44764705999998,5.462361641995955,0.7665665009659541,0.9420610349402919,0.9907120743034056,0.9310039805395842,0.9938080495356038,0.9907120743034056,243.0,12772.83000006,397.0,21085.04000003,-0.3879093198992443,-0.39422310794564175,1,1,1,1,1,0,92.14506855373729,10
1053627034,Hilsen,Nattinee,M,P.T.,I,Westchester,IL,60154,1,"Metropolitan area core: primary flow within an urbanized area of 50,000 and greater",US,Physical Therapist in Private Practice,Y,97110,"Therapy procedure using exercise to develop strength, endurance, range of motion, and flexibility, each 15 minutes",N,O,35,1642.0,817,153.19732034,23.298897686,18.133118149,17.649744214,2024,IL,97110,"Hilsen, Nattinee",Therapeutic procedure,Office,251549.99999828002,38256.790000412,29774.580000658003,28980.879999388,46.91428571428571,23.34285714285714,850.7022857330858,6.575303364332736,0.7782822343520549,0.9234438349630336,0.9825900310040544,0.9880753637014071,0.9842594800858574,0.9816360601001669,1642.0,29774.580000658003,1680.0,31543.209999840004,-0.02261904761904762,-0.05607007020499728,1,1,1,1,1,0,92.13927975196756,10
1164780276,Djuric,Corinne,M,NP,I,Wheatfield,IN,46392,2,"Metropolitan area high commuting: primary flow 30% or more to a urbanized area of 50,000 and greater",US,Nurse Practitioner,Y,99213,"Established patient office or other outpatient visit with low level od decision making, if using time, 20 minutes or more",N,F,196,681.0,681,190.0,50.992305433,39.45743025,42.439809104,2024,IN,99213,"Djuric, Corinne",Established outpatient E/M,Facility,129390.0,34725.759999873,26870.51000025,28901.509999824,3.4744897959183674,3.4744897959183674,137.09443877678572,3.7260523599907738,0.7737918479062308,0.9953445065176909,0.9664804469273743,0.9283054003724395,0.9553072625698324,0.9664804469273743,681.0,26870.51000025,494.0,19237.350000206,0.3785425101214575,0.39678853896000554,1,1,1,1,1,0,92.13221601489758,10
1124776901,Karney,Cassandra,,FNP-C,I,Hobart,IN,46342,1,"Metropolitan area core: primary flow within an urbanized area of 50,000 and greater",US,Nurse Practitioner,Y,99213,"Established patient office or other outpatient visit with low level od decision making, if using time, 20 minutes or more",N,F,40,131.0,131,190.0,49.08519084,38.670076336,43.564198473,2024,IN,99213,"Karney, Cassandra",Established outpatient E/M,Facility,24890.0,6430.16000004,5065.7800000160005,5706.909999963,3.275,3.275,126.64450000040001,3.8708212548125034,0.7878155442453201,0.8026070763500931,0.9599627560521415,0.9394785847299814,0.9441340782122905,0.9599627560521415,147.0,5823.950000016001,77.0,3561.019999983,0.9090909090909091,0.635472420835548,0,1,1,1,1,1,92.11824953445065,10
1578513362,Kesani,Mohan,K,M.D.,I,Munster,IN,46321,1,"Metropolitan area core: primary flow within an urbanized area of 50,000 and greater",US,Cardiology,Y,99214,"Established patient office or other outpatient visit with moderate level of decision making, if using time, 30 minutes or more",N,O,525,1407.0,1407,362.16,118.52842217,86.297562189,92.451769723,2024,IN,99214,"Kesani, Mohan",Established outpatient E/M,Office,509559.12000000005,166769.48999318999,121420.669999923,130079.640000261,2.68,2.68,231.27746666652,3.0554696786612934,0.7280748415365497,0.9958917835671343,0.9455410821643286,0.9504008016032064,0.9662324649298597,0.9456412825651302,1422.0,122426.569999923,1263.0,109105.179999729,0.12589073634204276,0.12209676937636764,1,1,1,1,1,0,92.01402805611222,10
1154342293,Hashimi,May,,M.D.,I,Chicago,IL,60640,1,"Metropolitan area core: primary flow within an urbanized area of 50,000 and greater",US,Hematology-Oncology,Y,99215,"Established patient office or other outpatient visit with high level of medical decision making, if using time, 40 minutes or more",N,O,202,502.0,502,616.0,147.67806773,110.55247012,105.01930279,2024,IL,99215,"Hashimi, May",Established outpatient E/M,Office,309232.0,74134.39000046,55497.34000024,52719.69000058,2.485148514851485,2.485148514851485,274.7393069318812,4.171235508892448,0.7486045275329795,0.9804896005889931,0.9641082274986196,0.9630038652678078,0.9405484999079698,0.9641082274986196,502.0,55497.34000024,363.0,40416.39000168,0.38292011019283745,0.3731394614396071,1,1,1,1,1,0,91.98877231732007,10
1922034156,Mulherin,Brian,P,M.D.,I,Indianapolis,IN,46260,1,"Metropolitan area core: primary flow within an urbanized area of 50,000 and greater",US,Hematology-Oncology,Y,99214,"Established patient office or other outpatient visit with moderate level of decision making, if using time, 30 minutes or more",N,O,298,812.0,811,390.0,118.61948276,87.038682266,92.936539409,2024,IN,99214,"Mulherin, Brian",Established outpatient E/M,Office,316680.0,96319.02000111999,70675.409999992,75464.470000108,2.7248322147651005,2.721476510067114,237.16580536910067,3.287824149335382,0.7337637986679078,0.9785571142284569,0.9484969939879759,0.9666332665330661,0.9688376753507014,0.9484969939879759,960.0,81215.129999944,910.0,76599.840000089,0.054945054945054944,0.06025195352692168,1,1,1,1,1,0,91.95090180360721,10
1730525361,Smith,Janelle,R,DO,I,Morton,IL,61550,1,"Metropolitan area core: primary flow within an urbanized area of 50,000 and greater",US,Family Practice,Y,99213,"Established patient office or other outpatient visit with low level od decision making, if using time, 20 minutes or more",N,O,113,219.0,219,413.88584475,88.634474886,64.483789954,64.713013699,2024,IL,99213,"Smith, Janelle",Established outpatient E/M,Office,90641.00000025,19410.950000034,14121.949999926,14172.150000081001,1.9380530973451326,1.9380530973451326,124.97300884890267,4.669580829381933,0.7275249279350708,0.8373041151739075,0.9170594980252261,0.9763027137214931,0.9234934386546056,0.9171232004076952,219.0,14121.949999926,94.0,5905.210000026,1.3297872340425532,1.3914390851237846,0,1,1,1,1,1,91.94196712957064,10
1427215128,Brooks,Jason,A,M.D.,I,Munster,IN,46321,1,"Metropolitan area core: primary flow within an urbanized area of 50,000 and greater",US,Ophthalmology,Y,99213,"Established patient office or other outpatient visit with low level od decision making, if using time, 20 minutes or more",N,O,162,378.0,378,350.0,84.835714286,60.836005291,64.457354497,2024,IN,99213,"Brooks, Jason",Established outpatient E/M,Office,132300.0,32067.900000108,22996.009999998,24364.879999866,2.3333333333333335,2.3333333333333335,141.95067901233335,4.1256209480369606,0.7171037080669627,0.9358486789431545,0.9661729383506805,0.9918935148118495,0.9764811849479583,0.9661729383506805,378.0,22996.009999998,459.0,28806.989999823,-0.17647058823529413,-0.2017211794727843,1,1,1,1,1,0,91.9070256204964,10
1982679494,Chartier,Gavin,D,M.D.,I,Vincennes,IN,47591,4,"Micropolitan area core: primary flow within an urban cluster of 10,000 to 49,999",US,Interventional Pain Management,Y,99213,"Established patient office or other outpatient visit with low level od decision making, if using time, 20 minutes or more",N,O,259,602.0,602,333.68003322,78.254534884,47.36423588,56.998936877,2024,IN,99213,"Chartier, Gavin",Established outpatient E/M,Office,200875.37999843998,47109.230000168,28513.269999760003,34313.359999954,2.324324324324324,2.324324324324324,110.08984555891892,4.264034457742647,0.6052586722317117,0.9568654923939152,0.9654723779023219,0.9927942353883107,0.9409527622097679,0.9654723779023219,602.0,28513.269999760003,861.0,46330.850000274004,-0.3008130081300813,-0.384572698329701,1,1,1,1,1,0,91.8920136108887,10
1336670454,Krause,Therese,,,I,Belleville,IL,62220,1,"Metropolitan area core: primary flow within an urbanized area of 50,000 and greater",US,Nurse Practitioner,Y,99232,"Subsequent hospital care with moderate levelof medical decision making, if using time, at least 35 minutes",N,F,246,1131.0,1131,431.64190981,65.961962865,52.56265252,51.772838196,2024,IL,99232,"Krause, Therese",Subsequent hospital care,Facility,488186.99999511003,74602.980000315,59448.36000012,58555.079999676,4.597560975609756,4.597560975609756,241.66000000048783,6.54380026096878,0.7968630743687315,0.9772040302267002,0.9555415617128463,0.9886649874055415,0.9297229219143577,0.9571788413098237,1131.0,59448.36000012,967.0,53243.020000000004,0.16959669079627715,0.11654748359728652,1,1,1,1,1,0,91.88853904282115,10
1235239906,Mink,Scott,A,M.D.,I,Springfield,IL,62702,1,"Metropolitan area core: primary flow within an urbanized area of 50,000 and greater",US,Hematology-Oncology,Y,99214,"Established patient office or other outpatient visit with moderate level of decision making, if using time, 30 minutes or more",N,O,310,890.0,890,584.26067416,123.37695506,92.725449438,94.594280899,2024,IL,99214,"Mink, Scott",Established outpatient E/M,Office,519992.0000024,109805.4900034,82525.64999982,84188.91000011,2.870967741935484,2.870967741935484,266.21177419296777,4.73557378584895,0.7515621486436124,0.9786231670690771,0.9445262352040515,0.9812142983334314,0.9549496496083858,0.9445851245509688,890.0,82525.64999982,1091.0,99680.919999526,-0.1842346471127406,-0.17210184255710695,1,1,1,1,1,0,91.84441434544492,10
1922647841,Hash,Sherry,D,NP,I,Carmel,IN,46032,1,"Metropolitan area core: primary flow within an urbanized area of 50,000 and greater",US,Nurse Practitioner,Y,99214,"Established patient office or other outpatient visit with moderate level of decision making, if using time, 30 minutes or more",N,O,149,517.0,517,676.81818182,98.790135397,78.244332689,85.427369439,2024,IN,99214,"Hash, Sherry",Established outpatient E/M,Office,349915.00000094,51074.500000249,40452.320000213,44165.949999963,3.469798657718121,3.469798657718121,271.4920805383423,6.851070495046139,0.7920257662828963,0.9120240480961924,0.9773547094188377,0.9988977955911824,0.9795591182364729,0.9773547094188377,517.0,40452.320000213,,,,,1,1,1,1,1,0,91.79809619238478,10
1497998520,Vasudevamurthy,Ashwin,K,M.D.,I,Indianapolis,IN,46260,1,"Metropolitan area core: primary flow within an urbanized area of 50,000 and greater",US,Medical Oncology,Y,99214,"Established patient office or other outpatient visit with moderate level of decision making, if using time, 30 minutes or more",N,O,221,630.0,630,390.0,118.71947619,88.76131746,94.564857143,2024,IN,99214,"Vasudevamurthy, Ashwin",Established outpatient E/M,Office,245700.0,74793.2699997,55919.6299998,59575.86000009,2.8506787330316743,2.8506787330316743,253.02999999909503,3.2850549254095394,0.747655905404648,0.9608216432865732,0.9554108216432866,0.9662324649298597,0.9745490981963928,0.9554108216432866,691.0,60037.459999796,690.0,59949.58000004599,0.0014492753623188406,0.0014658985058768152,1,1,1,1,1,0,91.79458917835672,10
1801886205,Kumar,Supriya,S,MD,I,Marion,IN,46952,4,"Micropolitan area core: primary flow within an urban cluster of 10,000 to 49,999",US,Physical Medicine and Rehabilitation,Y,99232,"Subsequent hospital care with moderate levelof medical decision making, if using time, at least 35 minutes",N,F,354,1760.0,1760,230.25454545,77.546147727,61.703017045,60.784738636,2024,IN,99232,"Kumar, Supriya",Subsequent hospital care,Facility,405247.999992,136481.21999952002,108597.3099992,106981.13999936,4.971751412429379,4.971751412429379,306.7720621446328,2.9692583345417427,0.7956941621681132,0.990763854218672,0.9710434348477284,0.8769345981028457,0.9787818272591113,0.9730404393409885,1760.0,108597.3099992,509.0,29519.830000151,2.4577603143418467,2.678791849365139,1,1,0,1,1,1,91.75611582626061,10
1083132963,Sloan,Sarah,I,,I,Springfield,IL,62702,1,"Metropolitan area core: primary flow within an urbanized area of 50,000 and greater",US,Nurse Practitioner,Y,99214,"Established patient office or other outpatient visit with moderate level of decision making, if using time, 30 minutes or more",N,F,101,341.0,341,511.51906158,78.87856305,58.400557185,59.992111437,2024,IL,99214,"Sloan, Sarah",Established outpatient E/M,Facility,174427.99999878,26897.59000005,19914.590000084998,20457.310000016998,3.376237623762376,3.376237623762376,197.17415841668316,6.484893256178556,0.7403856628065184,0.9158624849215923,0.9870325693606755,0.979794933655006,0.9680337756332931,0.9870325693606755,341.0,19914.590000084998,350.0,21563.5,-0.025714285714285714,-0.07646764207642553,1,1,1,1,1,0,91.72496984318457,10
1336142728,Allaw,Mohammed,A,M.D.,I,Newburgh,IN,47630,1,"Metropolitan area core: primary flow within an urbanized area of 50,000 and greater",US,Internal Medicine,Y,99232,"Subsequent hospital care with moderate levelof medical decision making, if using time, at least 35 minutes",N,F,192,1140.0,1140,211.0,72.249035088,57.491929825,60.874894737,2024,IN,99232,"Allaw, Mohammed",Subsequent hospital care,Facility,240540.0,82363.90000032,65540.8000005,69397.38000018,5.9375,5.9375,341.3583333359375,2.9204542281152963,0.7957466802840244,0.9782825761357963,0.9832750873689465,0.864952571143285,0.9857713429855217,0.9840239640539191,1140.0,65540.8000005,477.0,28029.749999831998,1.389937106918239,1.338258457563583,1,1,0,1,1,1,91.72366450324513,10
1083145262,Brownlee,Maurice,,APRN,I,Chicago,IL,60657,1,"Metropolitan area core: primary flow within an urbanized area of 50,000 and greater",US,Nurse Practitioner,Y,99214,"Established patient office or other outpatient visit with moderate level of decision making, if using time, 30 minutes or more",N,O,107,613.0,613,349.91843393,111.92313214,85.171353997,81.468384992,2024,IL,99214,"Brownlee, Maurice",Established outpatient E/M,Office,214499.99999908998,68608.88000182,52210.040000160996,49940.120000096,5.728971962616822,5.728971962616822,487.94429906692517,3.126417454903795,0.7609807943049939,0.932336140392203,0.9944644013897885,0.9098404098698546,0.9934043931452801,0.9944644013897885,613.0,52210.040000160996,467.0,41148.26000019399,0.31263383297644537,0.26882740606564776,1,1,1,1,1,0,91.69100759672575,10
1750492328,Sood,Romil,K,PT,I,Skokie,IL,60077,1,"Metropolitan area core: primary flow within an urbanized area of 50,000 and greater",US,Physical Therapist in Private Practice,Y,97110,"Therapy procedure using exercise to develop strength, endurance, range of motion, and flexibility, each 15 minutes",N,O,24,1387.0,643,159.6553713,22.584693583,17.641391492,17.183251622,2024,IL,97110,"Sood, Romil",Therapeutic procedure,Office,221441.9999931,31324.969999621,24468.609999404,23833.169999714,57.791666666666664,26.791666666666668,1019.5254166418334,7.06918474289933,0.781121578079725,0.8869544478893394,0.9904602909611256,0.9952301454805629,0.9904602909611256,0.9918912473169569,1387.0,24468.609999404,981.0,17813.989999953,0.4138634046890928,0.37356145363663956,0,1,1,1,1,0,91.6873360362509,10
1841273513,Springer,Elizabeth,A,MD,I,Whiting,IN,46394,1,"Metropolitan area core: primary flow within an urbanized area of 50,000 and greater",US,Dermatology,Y,99213,"Established patient office or other outpatient visit with low level od decision making, if using time, 20 minutes or more",N,O,179,421.0,421,270.26779097,89.262660333,62.707292162,62.944228029,2024,IN,99213,"Springer, Elizabeth",Established outpatient E/M,Office,113782.73999837002,37579.580000193,26399.770000202,26499.520000209002,2.35195530726257,2.35195530726257,147.48474860448044,3.027781044859619,0.7025030615048496,0.9489591673338671,0.967173738991193,0.9505604483586869,0.9790832666132906,0.967173738991193,421.0,26399.770000202,298.0,19289.219999851997,0.412751677852349,0.36862817679535825,1,1,1,1,1,0,91.68384707766212,10
1700110822,Kara,Firas,M,M.D.,I,Fort Wayne,IN,46804,1,"Metropolitan area core: primary flow within an urbanized area of 50,000 and greater",US,Internal Medicine,Y,99213,"Established patient office or other outpatient visit with low level od decision making, if using time, 20 minutes or more",N,O,53,267.0,267,255.54,83.68494382,62.054681648,66.644981273,2024,IN,99213,"Kara, Firas",Established outpatient E/M,Office,68229.18,22343.87999994,16568.600000016,17794.209999890998,5.037735849056604,5.037735849056604,312.6150943399245,3.053595883981798,0.7415274339130219,0.8956164931945556,0.997497998398719,0.9562650120096077,0.9981985588470776,0.997497998398719,267.0,16568.600000016,221.0,12034.809999966,0.2081447963800905,0.3767230226370675,0,1,1,1,1,0,91.63230584467573,10
1811153034,Seba,Amber,,M.D.,I,Libertyville,IL,60048,1,"Metropolitan area core: primary flow within an urbanized area of 50,000 and greater",US,Internal Medicine,Y,99215,"Established patient office or other outpatient visit with high level of medical decision making, if using time, 40 minutes or more",N,O,115,507.0,507,394.0,144.89325444,112.06157791,108.73136095,2024,IL,99215,"Seba, Amber",Established outpatient E/M,Office,199758.0,73460.88000107999,56815.22000037,55126.80000165,4.408695652173913,4.408695652173913,494.0453913075652,2.7192432216584286,0.7734078328429325,0.981225842076201,0.9939260077305356,0.8284557334805817,0.988772317320081,0.9939260077305356,538.0,59885.680000363995,141.0,15885.59000067,2.8156028368794326,2.7698115082812933,1,1,0,1,1,1,91.60684704583102,10
1255019394,Shu,Hsiaojung,,NP,I,Avon,IN,46123,1,"Metropolitan area core: primary flow within an urbanized area of 50,000 and greater",US,Nurse Practitioner,Y,99214,"Established patient office or other outpatient visit with moderate level of decision making, if using time, 30 minutes or more",N,O,139,504.0,504,631.07142857,100.08009921,74.62765873,80.476190476,2024,IN,99214,"Shu, Hsiaojung",Established outpatient E/M,Office,318059.99999928,50440.37000184,37612.33999992,40559.999999904,3.6258992805755397,3.6258992805755397,270.59237410014384,6.305663499052001,0.7456793040683077,0.9008016032064128,0.9807615230460922,0.9980961923847695,0.9793587174348697,0.9807615230460922,504.0,37612.33999992,,,,,1,1,1,1,1,0,91.60470941883767,10
1730604901,Gonzalez,Dawn,,FNP,I,Hinsdale,IL,60521,1,"Metropolitan area core: primary flow within an urbanized area of 50,000 and greater",US,Nurse Practitioner,Y,99213,"Established patient office or other outpatient visit with low level od decision making, if using time, 20 minutes or more",N,O,351,912.0,912,241.93,78.228311404,57.229429825,55.806842105,2024,IL,99213,"Gonzalez, Dawn",Established outpatient E/M,Office,220640.16,71344.220000448,52193.240000399994,50895.83999976,2.5982905982905984,2.5982905982905984,148.69868945982904,3.0926143701425923,0.7315692848008186,0.9821633329086508,0.9655370110842145,0.9148299146388075,0.9540705822397758,0.9655370110842145,912.0,52193.240000399994,718.0,43205.990000284,0.27019498607242337,0.2080093524082406,1,1,1,1,1,0,91.55370110842145,10
1992286868,Gloude,Christopher,M,FNP,I,Orland Park,IL,60487,1,"Metropolitan area core: primary flow within an urbanized area of 50,000 and greater",US,Nurse Practitioner,Y,99232,"Subsequent hospital care with moderate levelof medical decision making, if using time, at least 35 minutes",N,F,126,1814.0,1814,222.9,67.242442117,53.584570011,51.819266814,2024,IL,99232,"Gloude, Christopher",Subsequent hospital care,Facility,404340.60000000003,121977.79000023799,97202.40999995399,94000.15000059601,14.396825396825397,14.396825396825397,771.4476984123332,3.3148706825989476,0.7968861380400837,0.9914357682619648,0.9983627204030227,0.7889168765743073,0.9976070528967255,0.9984886649874055,1814.0,97202.40999995399,906.0,49933.679999916,1.0022075055187638,0.9466302103133097,1,1,0,1,1,1,91.53589420654912,10
1669861449,Breen,Michael,J,"MD, PHD",I,Libertyville,IL,60048,1,"Metropolitan area core: primary flow within an urbanized area of 50,000 and greater",US,Hematology-Oncology,Y,99215,"Established patient office or other outpatient visit with high level of medical decision making, if using time, 40 minutes or more",N,O,192,633.0,633,394.0,142.6528752,108.38483412,107.3535387,2024,IL,99215,"Breen, Michael",Established outpatient E/M,Office,249402.0,90299.2700016,68607.59999796,67954.7899971,3.296875,3.296875,357.331249989375,2.7619492383003856,0.7597802285305777,0.9889563776918829,0.9828823854224186,0.849438615866004,0.9714706423706976,0.9828823854224186,633.0,68607.59999796,246.0,26075.720000340003,1.5731707317073171,1.6310912986128636,1,1,0,1,1,1,91.52401987852015,10
1780677211,Havey,Robert,J,MD,I,Chicago,IL,60611,1,"Metropolitan area core: primary flow within an urbanized area of 50,000 and greater",US,Internal Medicine,Y,93000,Routine electrocardiogram (ecg) using at least 12 leads with interpretation and report,N,O,552,794.0,792,140.0,15.382355164,10.375743073,9.3629974811,2024,IL,93000,"Havey, Robert",Electrocardiogram,Office,111160.0,12213.590000216,8238.339999962,7434.219999993401,1.4384057971014492,1.434782608695652,14.924528985438405,9.101337116935651,0.674522396757735,0.9784710017574693,0.9666080843585237,0.9086115992970123,0.9582601054481547,0.9679261862917399,794.0,8238.339999962,763.0,7924.719999672,0.04062909567496723,0.0395748998454179,1,1,1,1,1,0,91.47627416520211,10
1568673952,Ibrahim,Sulfikar,,M.D.,I,Richmond,IN,47374,4,"Micropolitan area core: primary flow within an urban cluster of 10,000 to 49,999",US,Hematology-Oncology,Y,99214,"Established patient office or other outpatient visit with moderate level of decision making, if using time, 30 minutes or more",N,F,250,691.0,691,362.0,91.784008683,69.403270622,71.191085384,2024,IN,99214,"Ibrahim, Sulfikar",Established outpatient E/M,Facility,250142.0,63422.749999953,47957.659999801996,49193.040000344,2.764,2.764,191.830639999208,3.944042161530135,0.7561586339261154,0.9881831610044313,0.9342688330871491,0.9645494830132939,0.9512555391432792,0.9342688330871491,691.0,47957.659999801996,583.0,40964.829999962,0.18524871355060035,0.1707032593531203,1,1,1,1,1,0,91.46971935007386,10
1639375496,Rakic,Andrei,M,MD,I,Des Plaines,IL,60616,1,"Metropolitan area core: primary flow within an urbanized area of 50,000 and greater",US,Anesthesiology,Y,99213,"Established patient office or other outpatient visit with low level od decision making, if using time, 20 minutes or more",N,O,55,273.0,273,425.0,93.891208791,68.55047619,65.11970696,2024,IL,99213,"Rakic, Andrei",Established outpatient E/M,Office,116025.0,25632.299999943,18714.27999987,17777.68000008,4.963636363636364,4.963636363636364,340.2596363612727,4.526515373191559,0.7301053748556164,0.8822779971970952,0.9952860236972862,0.9724168683908778,0.9964326665817301,0.9952860236972862,273.0,18714.27999987,228.0,16243.619999903998,0.19736842105263158,0.15210033231389328,0,1,1,1,1,0,91.4482736654351,10
1548442007,James,Edward,S,"M.D.,",I,Park Ridge,IL,60068,1,"Metropolitan area core: primary flow within an urbanized area of 50,000 and greater",US,Internal Medicine,Y,99215,"Established patient office or other outpatient visit with high level of medical decision making, if using time, 40 minutes or more",N,O,110,466.0,466,394.0,145.57401288,113.87373391,110.24148069,2024,IL,99215,"James, Edward",Established outpatient E/M,Office,183604.0,67837.49000208,53065.16000206,51372.53000154,4.236363636363636,4.236363636363636,482.41054547327275,2.7065270250177362,0.7822394372261259,0.9779127553837659,0.992821645499724,0.8260629486471562,0.9871157739738634,0.992821645499724,466.0,53065.16000206,137.0,15002.82000048,2.4014598540145986,2.5370123750309763,1,1,0,1,1,1,91.43014908890116,10
1619222544,Nawaz,Muhammad Sarfraz,,MD,I,Indianapolis,IN,46260,1,"Metropolitan area core: primary flow within an urbanized area of 50,000 and greater",US,Internal Medicine,Y,99214,"Established patient office or other outpatient visit with moderate level of decision making, if using time, 30 minutes or more",N,O,358,894.0,894,390.0,118.04334452,87.185615213,93.653154362,2024,IN,99214,"Nawaz, Muhammad Sarfraz",Established outpatient E/M,Office,348660.0,105530.75000088,77943.94000042201,83725.919999628,2.4972067039106145,2.4972067039106145,217.7205027944749,3.303871146533997,0.7385898422949903,0.9837675350701403,0.9321643286573146,0.9671342685370742,0.9567134268537074,0.9321643286573146,1058.0,89322.05000039001,1279.0,108841.71999998,-0.17279124315871774,-0.1793399626502924,1,1,1,1,1,0,91.41683366733467,10
1487270401,Facer,Braxton,,DPM,I,Evansville,IN,47714,1,"Metropolitan area core: primary flow within an urbanized area of 50,000 and greater",US,Podiatry,Y,99213,"Established patient office or other outpatient visit with low level od decision making, if using time, 20 minutes or more",N,O,212,512.0,512,217.43359375,83.623144531,65.297832031,69.971171875,2024,IN,99213,"Facer, Braxton",Established outpatient E/M,Office,111326.0,42815.049999872,33432.489999872,35825.24,2.4150943396226414,2.4150943396226414,157.70042452769812,2.600160457603876,0.7808583663915364,0.9676741393114492,0.9701761409127302,0.8901120896717374,0.984187349879904,0.9702762209767815,512.0,33432.489999872,152.0,10150.56,2.3684210526315788,2.2936596601440713,1,1,0,1,1,1,91.41263010408326,10
1467066001,Maloney,Cora,E,,I,Indianapolis,IN,46260,1,"Metropolitan area core: primary flow within an urbanized area of 50,000 and greater",US,Nurse Practitioner,Y,99213,"Established patient office or other outpatient visit with low level od decision making, if using time, 20 minutes or more",N,O,100,182.0,182,479.21978022,71.196483516,55.931428571,59.830879121,2024,IN,99213,"Maloney, Cora",Established outpatient E/M,Office,87218.00000004,12957.759999912,10179.519999922,10889.220000022,1.82,1.82,101.79519999922,6.730947324277678,0.7855925715548931,0.7971377101681345,0.9230384307445957,0.9985988791032826,0.9188350680544436,0.9230384307445957,182.0,10179.519999922,55.0,3053.6400000149997,2.309090909090909,2.333569117470297,0,1,1,1,1,1,91.38110488390713,10
1053585463,Jain,Shikha,,MD,I,Chicago,IL,60612,1,"Metropolitan area core: primary flow within an urbanized area of 50,000 and greater",US,Hematology-Oncology,Y,99215,"Established patient office or other outpatient visit with high level of medical decision making, if using time, 40 minutes or more",N,F,46,167.0,167,815.97005988,149.42646707,114.80670659,107.57437126,2024,IL,99215,"Jain, Shikha",Established outpatient E/M,Facility,136266.99999996,24954.22000069,19172.72000053,17964.920000420003,3.630434782608696,3.630434782608696,416.79826088108695,5.460679596324475,0.7683157397826845,0.9111922141119222,0.982360097323601,0.9555961070559611,0.9854014598540146,0.982360097323601,167.0,19172.72000053,121.0,12963.91999991,0.38016528925619836,0.47892921282012724,1,1,1,1,1,0,91.36557177615572,10
1255343521,Kleinman,Marlon,B,M.D.,I,Morton Grove,IL,60053,1,"Metropolitan area core: primary flow within an urbanized area of 50,000 and greater",US,Hematology-Oncology,Y,99215,"Established patient office or other outpatient visit with high level of medical decision making, if using time, 40 minutes or more",N,O,101,255.0,255,577.0,186.9272549,148.93505882,141.16011765,2024,IL,99215,"Kleinman, Marlon",Established outpatient E/M,Office,147135.0,47666.4499995,37978.439999099995,35995.83000075,2.5247524752475248,2.5247524752475248,376.02415840693067,3.086762282518278,0.7967541111095618,0.9560095711393337,0.9663169519602429,0.9175409534327259,0.9753359101785386,0.9663169519602429,255.0,37978.439999099995,940.0,131685.970003,-0.7287234042553191,-0.7115984337721415,1,1,1,1,1,0,91.2829007914596,10
1568605806,Moten,Hadi,,M.D.,I,Elgin,IL,60120,1,"Metropolitan area core: primary flow within an urbanized area of 50,000 and greater",US,Pain Management,Y,99214,"Established patient office or other outpatient visit with moderate level of decision making, if using time, 30 minutes or more",N,O,112,269.0,269,792.0202974,128.65583643,99.74739777,98.360148699,2024,IL,99214,"Moten, Hadi",Established outpatient E/M,Office,213053.4600006,34608.41999967,26832.050000130002,26458.880000031,2.4017857142857144,2.4017857142857144,239.57187500116075,6.1561163440177715,0.7753041023076422,0.7973028679111949,0.9092515164006831,0.9982333195924857,0.9377539603085802,0.9092515164006831,269.0,26832.050000130002,164.0,16971.32999964,0.6402439024390244,0.5810222298841148,0,1,1,1,1,1,91.24992638831634,10
1386694230,Bhagwat,Ravi,S,M.D.,I,Munster,IN,46321,1,"Metropolitan area core: primary flow within an urbanized area of 50,000 and greater",US,Cardiology,Y,99214,"Established patient office or other outpatient visit with moderate level of decision making, if using time, 30 minutes or more",N,O,478,1185.0,1185,362.16,118.43578903,85.198860759,91.422632911,2024,IN,99214,"Bhagwat, Ravi",Established outpatient E/M,Office,429159.60000000003,140346.41000055,100960.64999941499,108335.81999953499,2.4790794979079496,2.4790794979079496,211.21474895275102,3.0578594778328725,0.7193675278122137,0.992184368737475,0.9297595190380762,0.9512024048096193,0.950501002004008,0.9297595190380762,1227.0,103816.919999397,1131.0,96648.410000103,0.08488063660477453,0.07417100808266121,1,1,1,1,1,0,91.22294589178357,10
1932335627,Panjwani,Poornima,A,PA-C,I,Bolingbrook,IL,60440,1,"Metropolitan area core: primary flow within an urbanized area of 50,000 and greater",US,Physician Assistant,Y,99214,"Established patient office or other outpatient visit with moderate level of decision making, if using time, 30 minutes or more",N,O,84,466.0,466,646.26218884,106.16944206,77.308669528,79.389463519,2024,IL,99214,"Panjwani, Poornima",Established outpatient E/M,Office,301158.17999944004,49474.959999959996,36025.840000047996,36995.489999854,5.5476190476190474,5.5476190476190474,428.879047619619,6.087082839474423,0.7281630950298318,0.8630822684176432,0.9936399505329486,0.9979977622048172,0.9893999175549143,0.9936399505329486,466.0,36025.840000047996,472.0,34897.04000016,-0.012711864406779662,0.03234658297330723,0,1,1,1,1,0,91.19722042282551,10
1457732166,Williamson,Joseph,,D.O.,I,Richmond,IN,47374,4,"Micropolitan area core: primary flow within an urban cluster of 10,000 to 49,999",US,Pain Management,Y,99214,"Established patient office or other outpatient visit with moderate level of decision making, if using time, 30 minutes or more",N,O,221,616.0,616,362.0,117.88170455,85.282792208,91.952467532,2024,IN,99214,"Williamson, Joseph",Established outpatient E/M,Office,222992.0,72615.1300028,52534.200000128,56642.719999712,2.7873303167420813,2.7873303167420813,237.71131221777378,3.0708751742426346,0.7234607993967967,0.9519038076152304,0.9514028056112225,0.9535070140280562,0.9692384769539079,0.9515030060120241,616.0,52534.200000128,556.0,49230.749999727996,0.1079136690647482,0.06710135434496244,1,1,1,1,1,0,91.18186372745491,10
1376524470,Sipes Saathoff,Mary,L,DPM,I,Springfield,IL,62702,1,"Metropolitan area core: primary flow within an urbanized area of 50,000 and greater",US,Podiatry,Y,99213,"Established patient office or other outpatient visit with low level od decision making, if using time, 20 minutes or more",N,O,347,733.0,733,413.06548431,87.631336971,62.686930423,63.874324693,2024,IL,99213,"Sipes Saathoff, Mary",Established outpatient E/M,Office,302776.99999922997,64233.769999742995,45949.520000059,46819.879999969,2.112391930835735,2.112391930835735,132.41936599440632,4.713673197142896,0.7153483284609147,0.9755382851318639,0.9350235698815136,0.9810166900242069,0.9350235698815136,0.9350235698815136,788.0,48611.440000083996,724.0,45448.029999676,0.08839779005524862,0.06960499718976923,1,1,1,1,1,0,91.17976812332782,10
1467742577,Landphair,William,R,D.O.,I,Chicago,IL,60612,1,"Metropolitan area core: primary flow within an urbanized area of 50,000 and greater",US,Anesthesiology,Y,99214,"Established patient office or other outpatient visit with moderate level of decision making, if using time, 30 minutes or more",N,O,139,363.0,363,491.0,95.733608815,75.791487603,75.249118457,2024,IL,99214,"Landphair, William",Established outpatient E/M,Office,178233.0,34751.299999844996,27512.309999889,27315.429999891,2.6115107913669067,2.6115107913669067,197.9302877689856,5.128815324917197,0.7916915338422365,0.8037806960720806,0.928626111536423,0.9871621223720629,0.893528060773806,0.9286850008833402,363.0,27512.309999889,65.0,5132.6500000099995,4.584615384615384,4.360254449423865,0,1,1,0,1,1,91.16424238855191,10
1821522871,Kennedy,Kathleen,,,I,Maywood,IL,60153,1,"Metropolitan area core: primary flow within an urbanized area of 50,000 and greater",US,Hematology-Oncology,Y,99215,"Established patient office or other outpatient visit with high level of medical decision making, if using time, 40 minutes or more",N,F,51,252.0,252,616.0,149.05579365,114.7606746,107.86809524,2024,IL,99215,"Kennedy, Kathleen",Established outpatient E/M,Facility,155232.0,37562.059999799996,28919.6899992,27182.76000048,4.9411764705882355,4.9411764705882355,567.0527450823529,4.132680688993802,0.7699175710638336,0.962287104622871,0.9963503649635036,0.8156934306569343,0.9981751824817519,0.9963503649635036,252.0,28919.6899992,38.0,4527.7,5.631578947368421,5.387280517525454,1,1,0,1,1,1,91.15571776155718,10
1164988960,Hinchley,Jennifer,,"MSN, APRN, FNP-C",I,Bolingbrook,IL,60440,1,"Metropolitan area core: primary flow within an urbanized area of 50,000 and greater",US,Nurse Practitioner,Y,99213,"Established patient office or other outpatient visit with low level od decision making, if using time, 20 minutes or more",N,O,205,496.0,496,462.2303629,77.203830645,55.335282258,54.956814516,2024,IL,99213,"Hinchley, Jennifer",Established outpatient E/M,Office,229266.2599984,38293.09999992,27446.299999968,27258.579999936002,2.419512195121951,2.419512195121951,133.88439024374634,5.9871428533829585,0.7167427029941514,0.9354057841763282,0.957255701363231,0.9980252261434578,0.9371894508854631,0.9573194037457001,496.0,27446.299999968,342.0,20431.870000164,0.4502923976608187,0.34330827279870607,1,1,1,1,1,0,91.13167282456364,10
1578189841,Goss,Kristin,E,NP,I,Indianapolis,IN,46260,1,"Metropolitan area core: primary flow within an urbanized area of 50,000 and greater",US,Nurse Practitioner,Y,99214,"Established patient office or other outpatient visit with moderate level of decision making, if using time, 30 minutes or more",N,O,183,570.0,570,569.87719298,98.192824561,70.005508772,77.713719298,2024,IN,99214,"Goss, Kristin",Established outpatient E/M,Office,324829.9999986,55969.909999769996,39903.14000004,44296.81999986,3.1147540983606556,3.1147540983606556,218.04994535540985,5.8036541420190755,0.712939148914193,0.910120240480962,0.9675851703406814,0.9968937875751503,0.9571142284569139,0.9675851703406814,570.0,39903.14000004,905.0,63549.699999615,-0.3701657458563536,-0.37209554096586217,1,1,1,1,1,0,91.09068136272543,10
1396720694,Mccreary,Dennis,E,,I,Zion,IL,60099,1,"Metropolitan area core: primary flow within an urbanized area of 50,000 and greater",US,Family Practice,Y,99214,"Established patient office or other outpatient visit with moderate level of decision making, if using time, 30 minutes or more",N,O,355,994.0,994,515.0,129.33251509,85.389255533,83.850452716,2024,IL,99214,"Mccreary, Dennis",Established outpatient E/M,Office,511910.0,128556.51999945998,84876.91999980199,83347.349999704,2.8,2.8,239.08991549239997,3.981983955400709,0.6602303796039168,0.9803309581296743,0.9412578764501501,0.9514751781402744,0.9373417348801601,0.9413167657970674,994.0,84876.91999980199,1001.0,86935.889999959,-0.006993006993006993,-0.023683774332533863,1,1,1,1,1,0,91.07885283552206,10
1619227642,Dippel,Amy,M,NP,I,Franklin,IN,46131,1,"Metropolitan area core: primary flow within an urbanized area of 50,000 and greater",US,Nurse Practitioner,Y,99214,"Established patient office or other outpatient visit with moderate level of decision making, if using time, 30 minutes or more",N,F,73,288.0,288,321.0,76.512083333,59.781458333,62.679930556,2024,IN,99214,"Dippel, Amy",Established outpatient E/M,Facility,92448.0,22035.479999904,17217.059999904002,18051.820000128002,3.9452054794520546,3.9452054794520546,235.85013698498634,4.195415756788722,0.7813335584239148,0.8899556868537666,0.983751846381093,0.9771048744460856,0.9771048744460856,0.983751846381093,288.0,17217.059999904002,366.0,22078.209999971998,-0.21311475409836064,-0.22017862861500823,0,1,1,1,1,0,91.07459379615952,10
1477081263,Dubik,Jayci,N,NP-C,I,La Grange Highlands,IL,60525,1,"Metropolitan area core: primary flow within an urbanized area of 50,000 and greater",US,Nurse Practitioner,Y,99214,"Established patient office or other outpatient visit with moderate level of decision making, if using time, 30 minutes or more",N,O,258,854.0,854,339.83,103.56533958,77.740222482,80.536311475,2024,IL,99214,"Dubik, Jayci",Established outpatient E/M,Office,290214.82,88444.80000131999,66390.14999962799,68778.00999965,3.310077519379845,3.310077519379845,257.32616278925576,3.2813101504629856,0.7506393818363222,0.962840822095283,0.9634886049113716,0.9226193981508745,0.9497084977327601,0.9636063836052058,854.0,66390.14999962799,968.0,71736.099999696,-0.11776859504132231,-0.07452245104055932,1,1,1,1,1,0,91.06177492491608,10
1710905906,Gillison,Timothy,L,MD,I,Springfield,IL,62702,1,"Metropolitan area core: primary flow within an urbanized area of 50,000 and greater",US,Hematology-Oncology,Y,99214,"Established patient office or other outpatient visit with moderate level of decision making, if using time, 30 minutes or more",N,O,254,700.0,700,582.54,125.06778571,93.409128571,93.4584,2024,IL,99214,"Gillison, Timothy",Established outpatient E/M,Office,407778.0,87547.449997,65386.3899997,65420.88,2.7559055118110236,2.7559055118110236,257.42673228228347,4.6577941449348135,0.7468680127398412,0.9613685884223544,0.9381072963900831,0.9747364701725458,0.9498851657735116,0.9381661857370002,700.0,65386.3899997,892.0,84432.499999736,-0.21524663677130046,-0.22557794688177604,1,1,1,1,1,0,91.04734703492139,10
1770894354,Zhang,Deng,,MD PHD,I,Indianapolis,IN,46260,1,"Metropolitan area core: primary flow within an urbanized area of 50,000 and greater",US,Medical Oncology,Y,99215,"Established patient office or other outpatient visit with high level of medical decision making, if using time, 40 minutes or more",N,O,77,173.0,173,473.5532948,158.91878613,122.96959538,139.08728324,2024,IN,99215,"Zhang, Deng",Established outpatient E/M,Office,81924.7200004,27492.95000049,21273.74000074,24062.10000052,2.2467532467532467,2.2467532467532467,276.282337671948,2.979844651044718,0.7737889168081579,0.9382255389718076,0.9581260364842454,0.9535655058043118,0.9655887230514096,0.9581260364842454,193.0,23398.480000739997,202.0,24799.430000849996,-0.04455445544554455,-0.0564912177441974,1,1,1,1,1,0,90.98673300165837,10
1053772178,Cudal,Katrina,,,I,Bolingbrook,IL,60440,1,"Metropolitan area core: primary flow within an urbanized area of 50,000 and greater",US,Nurse Practitioner,Y,99232,"Subsequent hospital care with moderate levelof medical decision making, if using time, at least 35 minutes",N,F,127,429.0,429,323.0,69.10986014,55.06041958,51.797062937,2024,IL,99232,"Cudal, Katrina",Subsequent hospital care,Facility,138567.0,29648.13000006,23620.919999820002,22220.939999973,3.377952755905512,3.377952755905512,185.99149606157482,4.673718038868542,0.796708595104386,0.8807304785894207,0.9012594458438287,0.9316120906801008,0.8613350125944584,0.9044080604534005,429.0,23620.919999820002,86.0,4776.1500000020005,3.988372093023256,3.9455984422202213,0,1,1,0,1,1,90.98173803526448,10
1932202991,Olson,Jennifer,E,MD,I,Richmond,IN,47374,4,"Micropolitan area core: primary flow within an urban cluster of 10,000 to 49,999",US,Internal Medicine,Y,99214,"Established patient office or other outpatient visit with moderate level of decision making, if using time, 30 minutes or more",N,O,775,1901.0,1901,362.0,119.03578643,77.944229353,83.754171489,2024,IN,99214,"Olson, Jennifer",Established outpatient E/M,Office,688162.0,226287.03000343,148171.980000053,159216.680000589,2.452903225806452,2.452903225806452,191.18965161297163,3.041102267282261,0.6547966094115383,0.9980961923847695,0.9266533066132264,0.9473947895791583,0.931062124248497,0.9266533066132264,1901.0,148171.980000053,1916.0,151802.079999496,-0.007828810020876827,-0.02391337456940669,1,1,1,1,1,0,90.92885771543087,10
1972587061,Rerri,Bernard,E,MD,I,Centrailia,IL,62801,4,"Micropolitan area core: primary flow within an urban cluster of 10,000 to 49,999",US,Orthopedic Surgery,Y,99214,"Established patient office or other outpatient visit with moderate level of decision making, if using time, 30 minutes or more",N,O,58,214.0,214,528.27102804,118.29579439,88.235560748,94.706869159,2024,IL,99214,"Rerri, Bernard",Established outpatient E/M,Office,113050.00000056,25315.29999946,18882.410000072,20267.270000025997,3.689655172413793,3.689655172413793,325.55879310468964,4.465678858357258,0.7458892448627819,0.7014899004770037,0.9737647959484129,0.9713208880513515,0.9734409045403687,0.97382368529533,214.0,18882.410000072,139.0,9965.679999952,0.539568345323741,0.8947437606026829,0,1,1,1,1,1,90.92220717272244,10
1285175562,Rodriguez,Michelle,,AGNP-C,I,Winfield,IL,60190,1,"Metropolitan area core: primary flow within an urbanized area of 50,000 and greater",US,Nurse Practitioner,Y,99215,"Established patient office or other outpatient visit with high level of medical decision making, if using time, 40 minutes or more",N,O,20,88.0,88,434.0,134.45738636,103.05875,98.343295455,2024,IL,99215,"Rodriguez, Michelle",Established outpatient E/M,Office,38192.0,11832.24999968,9069.17,8654.21000004,4.4,4.4,453.4585,3.227788459594151,0.7664789030188911,0.695564145039573,0.9937419473587337,0.9287686361126449,0.9841708080250322,0.9937419473587337,88.0,9069.17,21.0,2383.64000007,3.1904761904761907,2.804756590648616,0,1,1,1,1,1,90.89545370881649,10
1376957316,Bleibel,Fadi,,M.D.,I,Tell City,IN,47586,7,"Small town core: primary flow within an urban cluster of 2,500 to 9,999",US,Hospitalist,Y,99232,"Subsequent hospital care with moderate levelof medical decision making, if using time, at least 35 minutes",N,F,216,781.0,781,420.62483995,75.024289373,59.593841229,60.823777209,2024,IN,99232,"Bleibel, Fadi",Subsequent hospital care,Facility,328508.00000095,58593.970000313,46542.789999848996,47503.370000229,3.615740740740741,3.615740740740741,215.47587962893053,5.6065154827227985,0.7943273002256098,0.9655516724912631,0.9293559660509236,0.9830254618072891,0.9390913629555666,0.9326010983524713,781.0,46542.789999848996,598.0,36150.209999826,0.3060200668896321,0.28748325390289614,1,1,1,1,1,0,90.88367448826759,10
1528022514,Nodine,April,,PA-C,I,Indianapolis,IN,46260,1,"Metropolitan area core: primary flow within an urbanized area of 50,000 and greater",US,Physician Assistant,Y,99214,"Established patient office or other outpatient visit with moderate level of decision making, if using time, 30 minutes or more",N,O,203,602.0,602,565.09966777,99.968637874,69.238604651,75.18666113,2024,IN,99214,"Nodine, April",Established outpatient E/M,Office,340189.99999753997,60181.120000147996,41681.639999902,45262.37000026,2.9655172413793105,2.9655172413793105,205.3282758615862,5.652769506395085,0.6926032616175887,0.9171342685370741,0.9608216432865732,0.9966933867735471,0.9450901803607215,0.9608216432865732,602.0,41681.639999902,682.0,50516.650000102,-0.11730205278592376,-0.17489303032133294,1,1,1,1,1,0,90.87975951903807,10
1417132911,Crawford,Kevin,M,M.D.,I,Seymour,IN,47274,4,"Micropolitan area core: primary flow within an urban cluster of 10,000 to 49,999",US,Dermatology,Y,99213,"Established patient office or other outpatient visit with low level od decision making, if using time, 20 minutes or more",N,O,267,516.0,516,263.0,86.318352713,61.254186047,63.313488372,2024,IN,99213,"Crawford, Kevin",Established outpatient E/M,Office,135708.0,44540.269999908,31607.160000252,32669.759999952003,1.9325842696629214,1.9325842696629214,118.37887640543819,3.046860739736879,0.7096310821716457,0.9632706164931946,0.9382506004803843,0.9553642914331465,0.9546637309847879,0.9382506004803843,516.0,31607.160000252,593.0,35251.909999907,-0.12984822934232715,-0.10339156090165379,1,1,1,1,1,0,90.87970376301041,10
1083603187,Eckard,John,L,MD,I,Bedford,IN,47421,4,"Micropolitan area core: primary flow within an urban cluster of 10,000 to 49,999",US,Psychiatry,Y,99213,"Established patient office or other outpatient visit with low level od decision making, if using time, 20 minutes or more",N,O,79,295.0,295,227.112,82.56359322,56.51559322,62.304677966,2024,IN,99213,"Eckard, John",Established outpatient E/M,Office,66998.04,24356.2599999,16672.0999999,18379.87999997,3.7341772151898733,3.7341772151898733,211.0392405050633,2.750752373323124,0.6845098549600165,0.8965172137710168,0.9922938350680545,0.9188350680544436,0.9936949559647719,0.9922938350680545,295.0,16672.0999999,283.0,16274.670000135,0.04240282685512368,0.024420157198991113,0,1,1,1,1,0,90.86969575660528,10
1952814113,Haffner,Alison,,NP,I,South Bend,IN,46601,1,"Metropolitan area core: primary flow within an urbanized area of 50,000 and greater",US,Nurse Practitioner,Y,99215,"Established patient office or other outpatient visit with high level of medical decision making, if using time, 40 minutes or more",N,O,57,159.0,159,380.0,138.53358491,108.33540881,118.78006289,2024,IN,99215,"Haffner, Alison",Established outpatient E/M,Office,60420.0,22026.84000069,17225.33000079,18886.02999951,2.789473684210526,2.789473684210526,302.1987719436842,2.7430171553480807,0.7820154865723095,0.9100331674958541,0.978441127694859,0.9411276948590381,0.9755389718076285,0.978441127694859,159.0,17225.33000079,104.0,11566.239999599999,0.5288461538461539,0.489276549802331,1,1,1,1,1,0,90.85406301824213,10
1275696171,Kamran,Nadeem,U,M.D.,I,La Porte,IN,46350,1,"Metropolitan area core: primary flow within an urbanized area of 50,000 and greater",US,Hospitalist,Y,99214,"Established patient office or other outpatient visit with moderate level of decision making, if using time, 30 minutes or more",N,O,209,663.0,663,302.1372549,111.67363499,74.897722474,87.946742081,2024,IN,99214,"Kamran, Nadeem",Established outpatient E/M,Office,200316.99999870002,74039.61999836999,49657.190000262,58308.689999703,3.172248803827751,3.172248803827751,237.5942105275694,2.705537926897924,0.6706840202766468,0.943687374749499,0.9693386773547095,0.9096192384769539,0.9691382765531062,0.9693386773547095,663.0,49657.190000262,715.0,58968.180000015,-0.07272727272727272,-0.15789854799233471,1,1,1,1,1,0,90.85370741482967,10
1861021883,Arcuri,Angela,J,FNP,I,Mount Vernon,IL,62864,4,"Micropolitan area core: primary flow within an urban cluster of 10,000 to 49,999",US,Nurse Practitioner,Y,99213,"Established patient office or other outpatient visit with low level od decision making, if using time, 20 minutes or more",N,O,89,471.0,471,189.78768577,55.282016985,41.282951168,40.383800425,2024,IL,99213,"Arcuri, Angela",Established outpatient E/M,Office,89389.99999766999,26037.829999935,19444.270000128,19020.770000174998,5.292134831460674,5.292134831460674,218.47494382166292,3.4330817889929057,0.7467699881355911,0.8881386163842527,0.9961778570518537,0.9317747483755893,0.9849025353548223,0.9961778570518537,471.0,19444.270000128,470.0,19607.71999977,0.002127659574468085,-0.008336002331934517,0,1,1,1,1,0,90.8389603771181,10
1619448735,Poradzisz,Lisa,,,I,Munster,IN,46321,1,"Metropolitan area core: primary flow within an urbanized area of 50,000 and greater",US,Nurse Practitioner,Y,99215,"Established patient office or other outpatient visit with high level of medical decision making, if using time, 40 minutes or more",N,O,69,181.0,181,420.0,141.02469613,98.824364641,106.87508287,2024,IN,99215,"Poradzisz, Lisa",Established outpatient E/M,Office,76020.0,25525.46999953,17887.210000021,19344.38999947,2.6231884057971016,2.6231884057971016,259.23492753653625,2.9782017726372816,0.7007592808418556,0.9162520729684909,0.9742951907131011,0.9527363184079602,0.9597844112769486,0.9742951907131011,181.0,17887.210000021,198.0,20167.4899998,-0.08585858585858586,-0.1130671193986764,1,1,1,1,1,0,90.82296849087895,10
1881637049,Vinayek,Namita,,MD,I,Springfield,IL,62702,1,"Metropolitan area core: primary flow within an urbanized area of 50,000 and greater",US,Hematology-Oncology,Y,99214,"Established patient office or other outpatient visit with moderate level of decision making, if using time, 30 minutes or more",N,O,382,964.0,964,584.04149378,124.36118257,90.824751037,91.731172199,2024,IL,99214,"Vinayek, Namita",Established outpatient E/M,Office,563016.00000392,119884.17999748,87555.059999668,88428.849999836,2.5235602094240837,2.5235602094240837,229.201727747822,4.696332743951327,0.7303303905611936,0.9821565278841058,0.9209116070902774,0.9782698309875744,0.929803898474766,0.9209704964371945,964.0,87555.059999668,1053.0,93910.160000241,-0.08452041785375118,-0.06767212408707102,1,1,1,1,1,0,90.80295624521523,10
1760414437,Garg,Praveen,,M.D.,I,Springfield,IL,62702,1,"Metropolitan area core: primary flow within an urbanized area of 50,000 and greater",US,Hematology-Oncology,Y,99214,"Established patient office or other outpatient visit with moderate level of decision making, if using time, 30 minutes or more",N,O,289,754.0,754,584.5729443,121.18437666,90.910557029,94.981803714,2024,IL,99214,"Garg, Praveen",Established outpatient E/M,Office,440768.0000022,91373.02000164,68546.559999866,71616.280000356,2.6089965397923875,2.6089965397923875,237.18532871925953,4.823830929461333,0.7501838069775487,0.9652552853188858,0.928213886108003,0.984276544373123,0.9358106118603144,0.9282727754549202,754.0,68546.559999866,633.0,57941.639999798994,0.1911532385466035,0.18302761192302805,1,1,1,1,1,0,90.77969495318297,10
1386875599,Joshi,Smita,,M.D.,I,Chicago,IL,60637,1,"Metropolitan area core: primary flow within an urbanized area of 50,000 and greater",US,Medical Oncology,Y,99214,"Established patient office or other outpatient visit with moderate level of decision making, if using time, 30 minutes or more",N,O,140,515.0,515,545.0,103.38607767,79.631087379,73.804893204,2024,IL,99214,"Joshi, Smita",Established outpatient E/M,Office,280675.0,53243.83000005,41010.01000018499,38009.520000059994,3.6785714285714284,3.6785714285714284,292.92864285846423,5.271502820134021,0.7702302783279581,0.8905835934279489,0.9735586832342029,0.9879276838819857,0.9643719451151287,0.97361757258112,515.0,41010.01000018499,480.0,38027.13999984,0.07291666666666667,0.07844055588607354,0,1,1,1,1,0,90.75643366115071,10
1538593470,Wright,Stacy,R,FNP,I,Mount Vernon,IL,62864,4,"Micropolitan area core: primary flow within an urban cluster of 10,000 to 49,999",US,Nurse Practitioner,Y,99213,"Established patient office or other outpatient visit with low level od decision making, if using time, 20 minutes or more",N,F,145,360.0,360,348.0,71.763722222,55.467666667,42.236944444,2024,IL,99213,"Wright, Stacy",Established outpatient E/M,Facility,125280.0,25834.93999992,19968.360000120003,15205.299999840001,2.4827586206896552,2.4827586206896552,137.7128275870345,4.84924679524659,0.7729207035194134,0.982750995134896,0.9471472799646175,0.8903140203449801,0.9601946041574525,0.9471472799646175,360.0,19968.360000120003,165.0,9544.85000007,1.1818181818181819,1.0920559254439366,1,1,0,1,1,1,90.74082264484741,10
1215311881,Moony,Sarah,A,PA-C,I,Zion,IL,60099,1,"Metropolitan area core: primary flow within an urbanized area of 50,000 and greater",US,Physician Assistant,Y,99213,"Established patient office or other outpatient visit with low level od decision making, if using time, 20 minutes or more",N,F,57,116.0,116,353.0,57.12,45.51,43.48,2024,IL,99213,"Moony, Sarah",Established outpatient E/M,Facility,40948.0,6625.92,5279.16,5043.679999999999,2.0350877192982457,2.0350877192982457,92.61684210526316,6.1799719887955185,0.7967436974789917,0.7983193277310925,0.9155241043785936,0.9743476337903583,0.9115435647943387,0.9155241043785936,116.0,5279.16,19.0,1206.69,5.105263157894737,3.374909877433309,0,1,1,1,1,1,90.71207430340557,10
1609039148,Komiya,Takefumi,,"MD, PHD",I,Fort Wayne,IN,46845,1,"Metropolitan area core: primary flow within an urbanized area of 50,000 and greater",US,Hematology-Oncology,Y,99214,"Established patient office or other outpatient visit with moderate level of decision making, if using time, 30 minutes or more",N,F,50,217.0,217,360.0,92.235852535,69.631336406,71.383410138,2024,IN,99214,"Komiya, Takefumi",Established outpatient E/M,Facility,78120.0,20015.180000095002,15110.000000102,15490.199999946,4.34,4.34,302.20000000204,3.903037594447275,0.75492701040062,0.8648449039881831,0.9911373707533235,0.9638109305760709,0.9903988183161004,0.9911373707533235,217.0,15110.000000102,146.0,11123.74,0.4863013698630137,0.35835609247447353,0,1,1,1,1,0,90.66838995568685,10
1619473873,Wheeler,Nathan,,APRN,I,Kokomo,IN,46901,1,"Metropolitan area core: primary flow within an urbanized area of 50,000 and greater",US,Nurse Practitioner,Y,99213,"Established patient office or other outpatient visit with low level od decision making, if using time, 20 minutes or more",N,O,172,301.0,301,211.69767442,70.436013289,48.246843854,52.932126246,2024,IN,99213,"Wheeler, Nathan",Established outpatient E/M,Office,63721.00000042,21201.239999989,14522.300000054,15932.570000046,1.75,1.75,84.43197674449999,3.0055317519377667,0.6849740864242626,0.8718975180144115,0.9094775820656525,0.9477582065652522,0.8244595676541233,0.9094775820656525,301.0,14522.300000054,100.0,4241.530000000001,2.01,2.423835267003651,0,1,1,0,1,1,90.66503202562049,10
1427091545,Ward,Donna,H,MD,I,Dyer,IN,46311,1,"Metropolitan area core: primary flow within an urbanized area of 50,000 and greater",US,Dermatology,Y,99213,"Established patient office or other outpatient visit with low level od decision making, if using time, 20 minutes or more",N,O,868,1544.0,1544,256.4173057,84.287966321,58.729760363,62.905401554,2024,IN,99213,"Ward, Donna",Established outpatient E/M,Office,395908.32000079995,130140.619999624,90678.75000047199,97125.939999376,1.7788018433179724,1.7788018433179724,104.46860599132718,3.042157936560805,0.6967751498397194,0.9980984787830264,0.9150320256204963,0.9539631705364291,0.9269415532425941,0.9150320256204963,1544.0,90678.75000047199,1200.0,68978.7399996,0.2866666666666667,0.3145898287066105,1,1,1,1,1,0,90.6169935948759,10
1114926060,Miller,Jenelle,S,MD,I,Indianapolis,IN,46260,1,"Metropolitan area core: primary flow within an urbanized area of 50,000 and greater",US,Hematology-Oncology,Y,99215,"Established patient office or other outpatient visit with high level of medical decision making, if using time, 40 minutes or more",N,O,77,159.0,159,550.0,167.39509434,124.02811321,131.94301887,2024,IN,99215,"Miller, Jenelle",Established outpatient E/M,Office,87450.0,26615.82000006,19720.47000039,20978.94000033,2.064935064935065,2.064935064935065,256.11000000506493,3.285639893860225,0.7409303940417971,0.9286898839137645,0.9465174129353234,0.9755389718076285,0.9577114427860697,0.9465174129353234,181.0,22047.72000041,171.0,20616.639999569998,0.05847953216374269,0.06941383275208045,1,1,1,1,1,0,90.6115257048093,10
1871054817,Zimmerman,Eric,C,"MD, PHD",I,Chicago,IL,60612,1,"Metropolitan area core: primary flow within an urbanized area of 50,000 and greater",US,Psychiatry,Y,99214,"Established patient office or other outpatient visit with moderate level of decision making, if using time, 30 minutes or more",N,F,39,109.0,109,554.02752294,99.616146789,70.953761468,67.449357798,2024,IL,99214,"Zimmerman, Eric",Established outpatient E/M,Facility,60389.00000046001,10858.160000001,7733.960000012,7351.979999982,2.7948717948717947,2.7948717948717947,198.30666666697437,5.56162370055833,0.7122716924424844,0.7095898673100121,0.9689384800965019,0.9481302774427021,0.9692400482509047,0.9689384800965019,131.0,9328.520000012,38.0,2982.0000000180003,2.4473684210526314,2.1282763245994936,0,1,1,1,1,1,90.56845597104946,10
1528555216,Marshall,Gregory,,FNP-C,I,Evansville,IN,47714,1,"Metropolitan area core: primary flow within an urbanized area of 50,000 and greater",US,Nurse Practitioner,Y,99214,"Established patient office or other outpatient visit with moderate level of decision making, if using time, 30 minutes or more",N,O,104,423.0,423,596.11111111,97.850638298,69.797446809,77.884539007,2024,IN,99214,"Marshall, Gregory",Established outpatient E/M,Office,252154.99999953,41390.820000054,29524.320000206997,32945.159999961,4.0673076923076925,4.0673076923076925,283.8876923096827,6.0920513292367975,0.7133059939418566,0.8488977955911824,0.9874749498997996,0.9976953907815631,0.9830661322645291,0.9874749498997996,423.0,29524.320000206997,736.0,51634.780000032006,-0.42527173913043476,-0.42820866090281207,0,1,1,1,1,0,90.55811623246494,10
1669777074,Wan,Alan,W,D.O.,I,Mchenry,IL,60050,2,"Metropolitan area high commuting: primary flow 30% or more to a urbanized area of 50,000 and greater",US,Hematology-Oncology,Y,99215,"Established patient office or other outpatient visit with high level of medical decision making, if using time, 40 minutes or more",N,O,327,1100.0,1100,433.55138182,178.40237273,134.32758182,132.32562727,2024,IL,99215,"Wan, Alan",Established outpatient E/M,Office,476906.52000200003,196242.610003,147760.340002,145558.189997,3.363914373088685,3.363914373088685,451.8664831865444,2.430188428469788,0.7529472829562406,0.9994478188845941,0.9839867476532302,0.7498619547211486,0.9838026872814283,0.9839867476532302,1100.0,147760.340002,678.0,92437.95999912,0.6224188790560472,0.5984811867700962,1,1,0,1,1,1,90.51076753175042,10
1548445927,Gandev,George,N,MD,I,Evansville,IN,47710,1,"Metropolitan area core: primary flow within an urbanized area of 50,000 and greater",US,Pulmonary Disease,Y,99232,"Subsequent hospital care with moderate levelof medical decision making, if using time, at least 35 minutes",N,F,109,996.0,996,180.91365462,72.841285141,57.630301205,60.500491968,2024,IN,99232,"Gandev, George",Subsequent hospital care,Facility,180190.00000151998,72549.920000436,57399.78000018,60258.490000128,9.137614678899082,9.137614678899082,526.6034862401834,2.483669175657769,0.791176337614639,0.9747878182725911,0.9957563654518222,0.754118821767349,0.9967548676984523,0.9962556165751373,996.0,57399.78000018,569.0,33235.760000259,0.7504393673110721,0.7270488172899521,1,1,0,1,1,1,90.51048427358961,10
1548706708,Matticks,Veronica,,APN,I,La Grange Highlands,IL,60525,1,"Metropolitan area core: primary flow within an urbanized area of 50,000 and greater",US,Nurse Practitioner,Y,99214,"Established patient office or other outpatient visit with moderate level of decision making, if using time, 30 minutes or more",N,O,265,755.0,755,382.0,119.24213245,91.459735099,80.563589404,2024,IL,99214,"Matticks, Veronica",Established outpatient E/M,Office,288410.0,90027.80999975,69052.099999745,60825.51000002,2.849056603773585,2.849056603773585,260.57396226318866,3.2035656537774373,0.7670085499129297,0.9659619574818915,0.9435545609799187,0.9179082503975031,0.9516518461810258,0.9436134503268359,755.0,69052.099999745,657.0,59703.579999783,0.1491628614916286,0.1565822351020822,1,1,1,1,1,0,90.49967610859197,10
1174740435,Chunduri,Sandeep,,MD,I,Crystal Lake,IL,60014,1,"Metropolitan area core: primary flow within an urbanized area of 50,000 and greater",US,Hematology-Oncology,Y,99215,"Established patient office or other outpatient visit with high level of medical decision making, if using time, 40 minutes or more",N,O,258,690.0,690,394.29130435,145.52526087,106.88004348,107.90515942,2024,IL,99215,"Chunduri, Sandeep",Established outpatient E/M,Office,272061.0000015,100412.43000030001,73747.2300012,74454.5599998,2.6744186046511627,2.6744186046511627,285.8419767488372,2.70943547527619,0.7344432357725,0.9900607399226946,0.9707344008834898,0.8269832505061661,0.9469906129210381,0.9707344008834898,690.0,73747.2300012,347.0,38772.99999952,0.9884726224783862,0.9020253785395245,1,1,0,1,1,1,90.48315847598012,10
1255695136,Usman-Oyowe,Ibrahim,A,M.D,I,Chicago,IL,60637,1,"Metropolitan area core: primary flow within an urbanized area of 50,000 and greater",US,Physical Medicine and Rehabilitation,Y,99214,"Established patient office or other outpatient visit with moderate level of decision making, if using time, 30 minutes or more",N,O,343,849.0,849,661.08,120.22182568,88.76393404,93.227550059,2024,IL,99214,"Usman-Oyowe, Ibrahim",Established outpatient E/M,Office,561256.92,102068.33000232,75360.57999996,79150.190000091,2.4752186588921283,2.4752186588921283,219.71014577247814,5.498835142960043,0.7383346038702413,0.9715564454390201,0.916612684765326,0.9906365938401743,0.9206171603556916,0.916612684765326,849.0,75360.57999996,818.0,71885.119999672,0.037897310513447434,0.0483474187746207,1,1,1,1,1,0,90.45609799187328,10
1902359714,Mahmood,Aamir,,D.P.M,I,Michigan City,IN,46360,1,"Metropolitan area core: primary flow within an urbanized area of 50,000 and greater",US,Podiatry,Y,99213,"Established patient office or other outpatient visit with low level od decision making, if using time, 20 minutes or more",N,O,161,331.0,331,257.13,84.204441088,62.425770393,66.52163142,2024,IN,99213,"Mahmood, Aamir",Established outpatient E/M,Office,85110.03,27871.670000127997,20662.930000083,22018.66000002,2.0559006211180124,2.0559006211180124,128.34118012473914,3.0536394123355053,0.7413595956032812,0.9246397117694155,0.9499599679743795,0.9563650920736589,0.9660728582866293,0.9499599679743795,331.0,20662.930000083,404.0,26136.560000184003,-0.1806930693069307,-0.2094242700670045,1,1,1,1,1,0,90.4513610888711,10
1881859833,Singh,Preet,P,MD,I,Springfield,IL,62702,1,"Metropolitan area core: primary flow within an urbanized area of 50,000 and greater",US,Medical Oncology,Y,99214,"Established patient office or other outpatient visit with moderate level of decision making, if using time, 30 minutes or more",N,O,203,565.0,565,584.0460177,122.17532743,91.433557522,94.467893805,2024,IL,99214,"Singh, Preet",Established outpatient E/M,Office,329986.0000005,69029.05999795,51659.95999993,53374.359999825,2.7832512315270934,2.7832512315270934,254.48256157600983,4.780392489920909,0.7483798852463612,0.9305105706377717,0.9400506448383488,0.9833932041693657,0.9477062599375773,0.9401095341852659,565.0,51659.95999993,591.0,54297.150000114,-0.043993231810490696,-0.048569584226399856,1,1,1,1,1,0,90.43136446616808,10
1497937890,Khan,Mansoor,A,M.D.,I,Evansville,IN,47714,1,"Metropolitan area core: primary flow within an urbanized area of 50,000 and greater",US,Pain Management,Y,99214,"Established patient office or other outpatient visit with moderate level of decision making, if using time, 30 minutes or more",N,O,122,401.0,401,584.90024938,108.01062344,78.905486284,95.430299252,2024,IN,99214,"Khan, Mansoor",Established outpatient E/M,Office,234545.00000138,43312.25999944,31641.099999884,38267.550000052,3.2868852459016393,3.2868852459016393,259.3532786875738,5.415210381642807,0.7305344953205651,0.8650300601202405,0.973246492985972,0.9960921843687375,0.9766533066132265,0.973246492985972,401.0,31641.099999884,240.0,21518.010000000002,0.6708333333333333,0.47044731366348463,0,1,1,1,1,0,90.41432865731463,10
1679533616,Patel,Mukeshchandra,D,,I,Aurora,IL,60505,1,"Metropolitan area core: primary flow within an urbanized area of 50,000 and greater",US,Family Practice,Y,99214,"Established patient office or other outpatient visit with moderate level of decision making, if using time, 30 minutes or more",N,O,141,523.0,523,464.0,131.96256214,83.73124283,79.683690249,2024,IL,99214,"Patel, Mukeshchandra",Established outpatient E/M,Office,242672.0,69016.41999922,43791.44000009,41674.570000226995,3.7092198581560285,3.7092198581560285,310.5775886531206,3.5161487657972206,0.6345075563262325,0.9039514751781402,0.97444202343796,0.9356928331664802,0.9691419822154173,0.9745009127848773,523.0,43791.44000009,687.0,59125.830000249,-0.23871906841339155,-0.2593517926106817,1,1,1,1,1,0,90.40515870678993,10
1518616341,Russo,Josephine,M,PA-C,I,Westchester,IL,60154,1,"Metropolitan area core: primary flow within an urbanized area of 50,000 and greater",US,Physician Assistant,Y,99214,"Established patient office or other outpatient visit with moderate level of decision making, if using time, 30 minutes or more",N,O,246,735.0,735,374.0,107.54455782,81.304571429,81.239210884,2024,IL,99214,"Russo, Josephine",Established outpatient E/M,Office,274890.0,79045.2499977,59758.860000315006,59710.81999974,2.9878048780487805,2.9878048780487805,242.92219512323175,3.4776283205885052,0.7560082358149772,0.9515929568341087,0.9501796125080972,0.9333961486367116,0.9405217596136859,0.9501796125080972,735.0,59758.860000315006,564.0,46443.74000023201,0.30319148936170215,0.2866935350171301,1,1,1,1,1,0,90.40398091985159,10
1194250886,Harrison,Scott,P,M.D.,I,Indianapolis,IN,46250,1,"Metropolitan area core: primary flow within an urbanized area of 50,000 and greater",US,Physical Medicine and Rehabilitation,Y,99232,"Subsequent hospital care with moderate levelof medical decision making, if using time, at least 35 minutes",N,F,577,2052.0,2052,250.03167641,77.406978558,61.978036062,60.244883041,2024,IN,99232,"Harrison, Scott",Subsequent hospital care,Facility,513064.99999332,158839.120001016,127178.929999224,123622.500000132,3.5563258232235704,3.5563258232235704,220.41409011997226,3.2300921837771335,0.8006776290274745,0.9925112331502746,0.9246130803794309,0.9101347978032951,0.9428357463804293,0.9281078382426361,2052.0,127178.929999224,1758.0,103358.620000632,0.16723549488054607,0.23046273255628166,1,1,1,1,1,0,90.38067898152771,10
1194739268,Ghani,Muhammad,T,M.D.,I,Westchester,IL,60154,1,"Metropolitan area core: primary flow within an urbanized area of 50,000 and greater",US,Allergy/ Immunology,Y,99213,"Established patient office or other outpatient visit with low level od decision making, if using time, 20 minutes or more",N,O,78,265.0,265,325.0,98.006754717,71.056264151,63.649320755,2024,IL,99213,"Ghani, Muhammad",Established outpatient E/M,Office,86125.0,25971.790000005003,18829.910000015,16867.070000075,3.3974358974358974,3.3974358974358974,241.40910256429487,3.31609796629279,0.7250139478261365,0.8830424257867244,0.9844566186775385,0.9276340935150975,0.9894891068925978,0.9845203210600076,265.0,18829.910000015,177.0,11921.780000081999,0.4971751412429379,0.5794545780819211,0,1,1,1,1,0,90.36724423493439,10
1316331481,Khapekar,Rahul,,D.O.,I,Park Ridge,IL,60068,1,"Metropolitan area core: primary flow within an urbanized area of 50,000 and greater",US,Family Practice,Y,99213,"Established patient office or other outpatient visit with low level od decision making, if using time, 20 minutes or more",N,O,1389,2748.0,2748,287.643377,93.635727802,67.170141921,64.105494905,2024,IL,99213,"Khapekar, Rahul",Established outpatient E/M,Office,790443.999996,257310.97999989602,184583.54999890798,176161.89999894,1.9784017278617712,1.9784017278617712,132.88952483722676,3.071940420095246,0.7173559014037512,0.9998725952350618,0.9211364505032488,0.9132373550770799,0.9357242960886737,0.9211364505032488,2748.0,184583.54999890798,2646.0,182987.37000054,0.03854875283446712,0.00872289709592135,1,1,1,1,1,0,90.36533316346032,10
1477879567,Tandra,Pavan Kumar,,MD,I,Chicago,IL,60657,1,"Metropolitan area core: primary flow within an urbanized area of 50,000 and greater",US,Medical Oncology,Y,99214,"Established patient office or other outpatient visit with moderate level of decision making, if using time, 30 minutes or more",N,O,538,1775.0,1775,339.0,124.51735775,94.098923944,95.164467606,2024,IL,99214,"Tandra, Pavan Kumar",Established outpatient E/M,Office,601725.0,221018.31000625002,167025.5900006,168916.93000065,3.299256505576208,3.299256505576208,310.45648698996285,2.7225119945174874,0.7557092894062796,0.9979388728579001,0.9631352688298687,0.799010658971792,0.9690242035215829,0.9631352688298687,1775.0,167025.5900006,898.0,86099.910000266,0.9766146993318485,0.9399043506559297,1,1,0,1,1,1,90.3630528237442,10
1669800728,Hussain,Muhammad,M,DO,I,Plymouth,IN,46563,4,"Micropolitan area core: primary flow within an urban cluster of 10,000 to 49,999",US,Medical Oncology,Y,99214,"Established patient office or other outpatient visit with moderate level of decision making, if using time, 30 minutes or more",N,O,274,706.0,706,314.07932011,116.98645892,86.05990085,93.550835694,2024,IN,99214,"Hussain, Muhammad",Established outpatient E/M,Office,221739.99999766002,82592.43999752,60758.2900001,66046.889999964,2.576642335766423,2.576642335766423,221.7455839419708,2.6847493548358443,0.7356398479318977,0.9679358717434869,0.9390781563126253,0.9052104208416833,0.9602204408817635,0.9390781563126253,706.0,60758.2900001,718.0,64688.719999708,-0.016713091922005572,-0.06075912461439556,1,1,1,1,1,0,90.35220440881763,10
1386172245,Dhami,Kanwarpreet,S,MD,I,Chicago,IL,60616,1,"Metropolitan area core: primary flow within an urbanized area of 50,000 and greater",US,Internal Medicine,Y,99232,"Subsequent hospital care with moderate levelof medical decision making, if using time, at least 35 minutes",N,F,60,619.0,619,266.0,81.089757674,64.609579968,60.777318255,2024,IL,99232,"Dhami, Kanwarpreet",Subsequent hospital care,Facility,164654.0,50194.560000206,39993.33000019201,37621.159999845,10.316666666666666,10.316666666666666,666.5555000032001,3.2803156357845205,0.7967662232725592,0.9487405541561713,0.9963476070528967,0.7855163727959698,0.9965994962216624,0.9965994962216624,619.0,39993.33000019201,133.0,8792.63,3.654135338345865,3.548505964676327,1,1,0,1,1,1,90.34319899244333,10
1477549541,Dejong,Marc,R,MD,I,Springfield,IL,62702,1,"Metropolitan area core: primary flow within an urbanized area of 50,000 and greater",US,Sports Medicine,Y,99213,"Established patient office or other outpatient visit with low level od decision making, if using time, 20 minutes or more",N,O,184,400.0,400,413.25,86.658875,64.586725,66.6886,2024,IL,99213,"Dejong, Marc",Established outpatient E/M,Office,165300.0,34663.549999999996,25834.690000000002,26675.44,2.1739130434782608,2.1739130434782608,140.4059239130435,4.7686979550565365,0.7452984475046556,0.9280163078099121,0.9403108676264492,0.9832462734106255,0.945024843929163,0.9403108676264492,400.0,25834.690000000002,339.0,21519.240000069,0.17994100294985252,0.20053914543065487,1,1,1,1,1,0,90.33380048413811,10
1720038680,Asfour,Wail,E,M.D.,I,Munster,IN,46321,1,"Metropolitan area core: primary flow within an urbanized area of 50,000 and greater",US,Cardiology,Y,99214,"Established patient office or other outpatient visit with moderate level of decision making, if using time, 30 minutes or more",N,O,563,1312.0,1312,339.0104878,118.17233994,85.272644817,91.722050305,2024,IN,99214,"Asfour, Wail",Established outpatient E/M,Office,444781.7599936,155042.11000128,111877.709999904,120339.33000016,2.330373001776199,2.330373001776199,198.71706927158792,2.8687803590258674,0.7215956361725234,0.9945891783567135,0.9130260521042084,0.9327655310621242,0.9389779559118236,0.9130260521042084,1380.0,116664.91999991599,1271.0,107558.639999687,0.08575924468922108,0.08466339849830276,1,1,1,1,1,0,90.33166332665331,10
1083956239,Cook,Andrew,G,M.D.,I,Brownsburg,IN,46112,1,"Metropolitan area core: primary flow within an urbanized area of 50,000 and greater",US,Pain Management,Y,99213,"Established patient office or other outpatient visit with low level od decision making, if using time, 20 minutes or more",N,O,89,153.0,153,447.58823529,83.304183007,60.846339869,65.932091503,2024,IN,99213,"Cook, Andrew",Established outpatient E/M,Office,68480.99999937,12745.540000071001,9309.489999956999,10087.609999958999,1.7191011235955056,1.7191011235955056,104.6010112354719,5.372938298337185,0.7304115792587164,0.7756204963971177,0.9027221777421938,0.9963971176941553,0.9274419535628503,0.9027221777421938,153.0,9309.489999956999,85.0,4950.330000035,0.8,0.8805796785044994,0,1,1,1,1,1,90.32976381104885,10
1487636478,Weyburn,Thomas,D,D.O.,I,Crystal Lake,IL,60014,1,"Metropolitan area core: primary flow within an urbanized area of 50,000 and greater",US,Hematology-Oncology,Y,99215,"Established patient office or other outpatient visit with high level of medical decision making, if using time, 40 minutes or more",N,O,182,473.0,473,394.0,143.56410148,110.33549683,111.98727273,2024,IL,99215,"Weyburn, Thomas",Established outpatient E/M,Office,186362.0,67905.82000004,52188.690000589995,52969.98000129,2.598901098901099,2.598901098901099,286.7510439592857,2.7444186669108808,0.7685451703632952,0.9762562120375483,0.9685256764218664,0.8428124424811338,0.9480949751518498,0.9685256764218664,473.0,52188.690000589995,164.0,18050.6200004,1.8841463414634145,1.8912408548533792,1,1,0,1,1,1,90.32578685808946,10
1770994808,Mahngar,Naina,,M.D.,I,Granger,IN,46530,1,"Metropolitan area core: primary flow within an urbanized area of 50,000 and greater",US,Hematology-Oncology,Y,99215,"Established patient office or other outpatient visit with high level of medical decision making, if using time, 40 minutes or more",N,O,149,325.0,325,340.0,132.71581538,95.859015385,101.84261538,2024,IN,99215,"Mahngar, Naina",Established outpatient E/M,Office,110500.0,43132.6399985,31154.180000125,33098.8499985,2.1812080536912752,2.1812080536912752,209.08845637667787,2.561864982153719,0.7222878080546062,0.9689054726368159,0.9548092868988391,0.914179104477612,0.9150082918739635,0.9548092868988391,465.0,46051.580000125,477.0,49580.13999933,-0.025157232704402517,-0.07116881879019867,1,1,1,1,1,0,90.30472636815921,10
1467424531,Cole,Jill,B,M.D.,I,Indianapolis,IN,46202,1,"Metropolitan area core: primary flow within an urbanized area of 50,000 and greater",US,Medical Oncology,Y,99215,"Established patient office or other outpatient visit with high level of medical decision making, if using time, 40 minutes or more",N,F,80,337.0,337,336.32047478,131.61225519,104.11804154,110.94272997,2024,IN,99215,"Cole, Jill",Established outpatient E/M,Facility,113340.00000085999,44353.32999903001,35087.77999898,37387.69999989,4.2125,4.2125,438.59724998724994,2.5553887386434955,0.7910968578852446,0.9826689774696707,0.9861351819757366,0.7538994800693241,0.9878682842287695,0.9861351819757366,337.0,35087.77999898,133.0,17168.15999941,1.5338345864661653,1.0437705613289847,1,1,0,1,1,1,90.27729636048527,10
1942429121,Macleod,Jessica,,"MSN, FNP",I,Evansville,IN,47714,1,"Metropolitan area core: primary flow within an urbanized area of 50,000 and greater",US,Nurse Practitioner,Y,99232,"Subsequent hospital care with moderate levelof medical decision making, if using time, at least 35 minutes",N,F,185,770.0,770,211.0,61.792168831,48.751805195,51.27312987,2024,IN,99232,"Macleod, Jessica",Subsequent hospital care,Facility,162470.0,47579.96999987,37538.89000015,39480.3099999,4.162162162162162,4.162162162162162,202.91291891972972,3.4146721824424,0.78896413764558,0.9545681477783325,0.9500748876684972,0.9318522216674987,0.9263604593110335,0.9525711432850724,770.0,37538.89000015,993.0,49328.309999928,-0.22457200402819738,-0.2389990656439519,1,1,1,1,1,0,90.26460309535696,10
1871598235,Westerhausen,Donald,R,M.D.,I,Lafayette,IN,47905,1,"Metropolitan area core: primary flow within an urbanized area of 50,000 and greater",US,Interventional Cardiology,Y,93000,Routine electrocardiogram (ecg) using at least 12 leads with interpretation and report,N,O,297,420.0,419,97.0,12.961952381,9.9078333333,10.777880952,2024,IN,93000,"Westerhausen, Donald",Electrocardiogram,Office,40740.0,5444.02000002,4161.289999986,4526.70999984,1.4141414141414141,1.4107744107744107,14.011077441030304,7.483440545745668,0.7643781617206976,0.9331175836030206,0.9600862998921251,0.9007551240560949,0.9741100323624595,0.9600862998921251,420.0,4161.289999986,237.0,2393.560000071,0.7721518987341772,0.7385359046201323,1,1,1,1,1,0,90.2535059331176,10
1508962366,Graham,Donald,R,M.D.,I,Springfield,IL,62701,1,"Metropolitan area core: primary flow within an urbanized area of 50,000 and greater",US,Internal Medicine,Y,99215,"Established patient office or other outpatient visit with high level of medical decision making, if using time, 40 minutes or more",N,O,83,190.0,190,811.52631579,169.67531579,127.30931579,134.17273684,2024,IL,99215,"Graham, Donald",Established outpatient E/M,Office,154190.0000001,32238.310000100002,24188.7700001,25492.8199996,2.289156626506024,2.289156626506024,291.43096385662653,4.78281895048536,0.7503113531703419,0.9044726670347875,0.9532486655623045,0.9841708080250322,0.951224001472483,0.9532486655623045,190.0,24188.7700001,170.0,22460.3799995,0.11764705882352941,0.07695283876045181,1,1,1,1,1,0,90.24019878520156,10
1568430155,Mills,Betty Jo,A,MD,I,Terre Haute,IN,47804,1,"Metropolitan area core: primary flow within an urbanized area of 50,000 and greater",US,Diagnostic Radiology,Y,99214,"Established patient office or other outpatient visit with moderate level of decision making, if using time, 30 minutes or more",N,F,100,301.0,301,321.0,89.602624585,70.065747508,73.961162791,2024,IN,99214,"Mills, Betty Jo",Established outpatient E/M,Facility,96621.0,26970.390000085,21089.789999908,22262.310000091,3.01,3.01,210.89789999908,3.5824843467111704,0.7819608837633246,0.9180206794682423,0.9512555391432792,0.948301329394387,0.9675036927621861,0.9512555391432792,301.0,21089.789999908,389.0,28072.939999986003,-0.2262210796915167,-0.24875021996561403,1,1,1,1,1,0,90.22525849335304,10
1457736522,Baker,Brandon,S,DPM,I,Richmond,IN,47374,4,"Micropolitan area core: primary flow within an urban cluster of 10,000 to 49,999",US,Podiatry,Y,99213,"Established patient office or other outpatient visit with low level od decision making, if using time, 20 minutes or more",N,O,243,449.0,449,256.0,82.036948775,60.731848552,65.262293987,2024,IN,99213,"Baker, Brandon",Established outpatient E/M,Office,114944.0,36834.589999974996,27268.599999848,29302.770000163004,1.8477366255144032,1.8477366255144032,112.21646090472429,3.1205451180555563,0.7402987246462227,0.9521617293835068,0.9270416333066454,0.9614691753402722,0.94515612489992,0.9270416333066454,449.0,27268.599999848,433.0,26561.00999984,0.03695150115473441,0.026640176710609368,1,1,1,1,1,0,90.21467173738992,10
1548668148,Alkaddoumi,Yaseen,,M.D.,I,Orland Park,IL,60462,1,"Metropolitan area core: primary flow within an urbanized area of 50,000 and greater",US,Hematology-Oncology,Y,99215,"Established patient office or other outpatient visit with high level of medical decision making, if using time, 40 minutes or more",N,O,148,737.0,737,434.0,186.24359566,147.28987788,140.28303935,2024,IL,99215,"Alkaddoumi, Yaseen",Established outpatient E/M,Office,319858.0,137261.53000142,108552.63999756,103388.60000095,4.97972972972973,4.97972972972973,733.4637837672974,2.3302814706836723,0.7908453300530527,0.9974231547947727,0.9965028529357629,0.6942757224369593,0.9976072151665747,0.9965028529357629,737.0,108552.63999756,244.0,31485.610001,2.0204918032786887,2.4476905479713533,1,1,0,1,1,1,90.2089085219952,10
1851457717,Shlyak,Jean,,M.D.,I,Northbrook,IL,60062,1,"Metropolitan area core: primary flow within an urbanized area of 50,000 and greater",US,Internal Medicine,Y,93000,Routine electrocardiogram (ecg) using at least 12 leads with interpretation and report,N,O,207,274.0,274,200.0,14.931532847,11.10229927,10.438467153,2024,IL,93000,"Shlyak, Jean",Electrocardiogram,Office,54800.0,4091.240000078,3042.02999998,2860.139999922,1.3236714975845412,1.3236714975845412,14.695797101352657,13.394472091335446,0.7435471886083445,0.9015817223198594,0.9490333919156415,0.9881370826010545,0.9547451669595782,0.9521089630931459,274.0,3042.02999998,295.0,3480.61999988,-0.0711864406779661,-0.12600915926332693,1,1,1,1,1,0,90.18453427065026,10
1407102338,Abdyrakov,Almaz,,M.D.,I,Hammond,IN,46320,1,"Metropolitan area core: primary flow within an urbanized area of 50,000 and greater",US,Internal Medicine,Y,99232,"Subsequent hospital care with moderate levelof medical decision making, if using time, at least 35 minutes",N,F,291,1004.0,1003,279.0552988,81.805119522,65.129252988,60.862300797,2024,IN,99232,"Abdyrakov, Almaz",Subsequent hospital care,Facility,280171.5199952,82132.34000008799,65389.769999952005,61105.750000188,3.450171821305842,3.4467353951890036,224.70711340189692,3.4112204765491865,0.7961513089713741,0.9780329505741387,0.9181228157763355,0.9306040938592112,0.946080878681977,0.9216175736395407,1004.0,65389.769999952005,707.0,47996.799999883,0.4200848656294201,0.3623777001823331,1,1,1,1,1,0,90.17973040439341,10
1134225790,Taimoorazy,Benjamin,,MD,I,Bloomington,IL,61704,1,"Metropolitan area core: primary flow within an urbanized area of 50,000 and greater",US,Interventional Pain Management,Y,99213,"Established patient office or other outpatient visit with low level od decision making, if using time, 20 minutes or more",N,O,95,178.0,178,277.52808989,89.144101124,68.783426966,68.944213483,2024,IL,99213,"Taimoorazy, Benjamin",Established outpatient E/M,Office,49400.00000042,15867.650000072,12243.449999948,12272.069999973999,1.8736842105263158,1.8736842105263158,128.8784210520842,3.1132524349979893,0.7715981887609346,0.807682507325774,0.9087781883042426,0.9170594980252261,0.9306918078736145,0.9088418906867117,178.0,12243.449999948,42.0,2773.7900000160002,3.238095238095238,3.4139787077887562,0,1,1,1,1,1,90.17231494457893,10
1508867300,Shah,Syed,A,M.D.,I,Centralia,IL,62801,4,"Micropolitan area core: primary flow within an urban cluster of 10,000 to 49,999",US,Neurology,Y,99214,"Established patient office or other outpatient visit with moderate level of decision making, if using time, 30 minutes or more",N,O,495,1288.0,1288,400.0,116.54479037,80.725729814,89.478656832,2024,IL,99214,"Shah, Syed",Established outpatient E/M,Office,515200.0,150109.68999656,103974.74000043201,115248.509999616,2.602020202020202,2.602020202020202,210.04997979885255,3.432156844849967,0.6926584153415729,0.9889876921264943,0.9278605500265003,0.9304516812908545,0.9097226311760203,0.9279194393734174,1288.0,103974.74000043201,1348.0,112824.70000042,-0.04451038575667656,-0.07843991608180693,1,1,1,1,1,0,90.16371238442966,10
1366508517,Mieler,William,F,MD,I,Burr Ridge,IL,60527,1,"Metropolitan area core: primary flow within an urbanized area of 50,000 and greater",US,Ophthalmology,Y,99213,"Established patient office or other outpatient visit with low level od decision making, if using time, 20 minutes or more",N,F,279,573.0,573,373.51832461,68.389371728,47.784397906,44.732181501,2024,IL,99213,"Mieler, William",Established outpatient E/M,Facility,214026.00000153,39187.110000144,27380.460000138002,25631.540000073,2.053763440860215,2.053763440860215,98.13784946286022,5.461642871871478,0.698710877123559,0.9938080495356038,0.9168509509066785,0.930561698363556,0.9230429013710747,0.9168509509066785,573.0,27380.460000138002,566.0,27961.469999794,0.012367491166077738,-0.02077895045075523,1,1,1,1,1,0,90.1547987616099,10
1215406699,Cambridge,Michele,D,NP,I,Indianapolis,IN,46237,1,"Metropolitan area core: primary flow within an urbanized area of 50,000 and greater",US,Nurse Practitioner,Y,99213,"Established patient office or other outpatient visit with low level od decision making, if using time, 20 minutes or more",N,O,162,415.0,415,180.0,71.402361446,52.469662651,56.177228916,2024,IN,99213,"Cambridge, Michele",Established outpatient E/M,Office,74700.0,29631.98000009,21774.910000165,23313.55000014,2.5617283950617282,2.5617283950617282,134.41302469237655,2.520925027614527,0.7348449209299839,0.9311449159327462,0.9764811849479583,0.8658927141713371,0.9726781425140112,0.9764811849479583,415.0,21774.910000165,139.0,7813.959999952,1.985611510791367,1.7866677075770494,1,1,0,1,1,1,90.15162129703764,10
1063031367,Biel,Patricia,E,FNP-BC,I,Portage,IN,46368,1,"Metropolitan area core: primary flow within an urbanized area of 50,000 and greater",US,Nurse Practitioner,Y,99213,"Established patient office or other outpatient visit with low level od decision making, if using time, 20 minutes or more",N,O,83,305.0,305,190.0,50.98042623,39.738295082,42.661934426,2024,IN,99213,"Biel, Patricia",Established outpatient E/M,Office,57950.0,15549.03000015,12120.18000001,13011.889999930001,3.674698795180723,3.674698795180723,146.02626506036142,3.7269205860070347,0.7794814210206732,0.8357686148919136,0.9917934347477982,0.9877902321857486,0.9780824659727783,0.9917934347477982,305.0,12120.18000001,397.0,15227.919999876001,-0.23173803526448364,-0.20408171305676073,0,1,1,1,1,0,90.13610888710969,10
1841723582,Kelly,Shayne,,DO,I,Evansville,IN,47715,1,"Metropolitan area core: primary flow within an urbanized area of 50,000 and greater",US,Orthopedic Surgery,Y,99213,"Established patient office or other outpatient visit with low level od decision making, if using time, 20 minutes or more",N,O,261,510.0,510,215.82352941,83.882666667,65.249235294,69.576980392,2024,IN,99213,"Kelly, Shayne",Established outpatient E/M,Office,110069.9999991,42780.16000017,33277.10999994,35484.259999919996,1.9540229885057472,1.9540229885057472,127.49850574689657,2.5729216533706887,0.7778631496424456,0.967173738991193,0.9409527622097679,0.8820056044835869,0.9652722177742193,0.9409527622097679,510.0,33277.10999994,90.0,5860.68000003,4.666666666666667,4.67802882937981,1,1,0,1,1,1,90.11709367493997,10
1558365031,Bufill,Jose,A,M.D.,I,Mishawaka,IN,46545,1,"Metropolitan area core: primary flow within an urbanized area of 50,000 and greater",US,Medical Oncology,Y,99214,"Established patient office or other outpatient visit with moderate level of decision making, if using time, 30 minutes or more",N,O,247,633.0,633,314.78988942,118.43300158,88.56849921,94.621737757,2024,IN,99214,"Bufill, Jose",Established outpatient E/M,Office,199262.00000286,74968.09000014,56063.85999993,59895.560000181,2.562753036437247,2.562753036437247,226.9791902831174,2.657957539034113,0.7478363127542039,0.9612224448897796,0.9375751503006012,0.9007014028056112,0.96312625250501,0.9375751503006012,633.0,56063.85999993,613.0,53003.819999962,0.03262642740619902,0.057732442679984106,1,1,1,1,1,0,90.11523046092185,10
1124036769,Raiker,Krishnakant,,MD,I,Munster,IN,46321,1,"Metropolitan area core: primary flow within an urbanized area of 50,000 and greater",US,Cardiology,Y,99214,"Established patient office or other outpatient visit with moderate level of decision making, if using time, 30 minutes or more",N,O,407,1229.0,1229,270.0,116.90585842,82.885183076,90.664003255,2024,IN,99214,"Raiker, Krishnakant",Established outpatient E/M,Office,331830.0,143677.29999818,101865.890000404,111426.060000395,3.01965601965602,3.01965601965602,250.28474201573465,2.3095506388566833,0.7089908426849222,0.9923847695390782,0.9638276553106212,0.78436873747495,0.9738476953907815,0.9639278557114228,1257.0,103871.840000416,829.0,61500.139999695,0.5162846803377563,0.6889691633373703,1,1,0,1,1,1,90.09869739478957,10
1265460935,Hurst,Evan,B,MD,I,Jasper,IN,47546,4,"Micropolitan area core: primary flow within an urban cluster of 10,000 to 49,999",US,Internal Medicine,Y,99232,"Subsequent hospital care with moderate levelof medical decision making, if using time, at least 35 minutes",N,F,249,984.0,984,210.00609756,67.164979675,52.415304878,60.947886179,2024,IN,99232,"Hurst, Evan",Subsequent hospital care,Facility,206645.99999904,66090.3400002,51576.659999952004,59972.720000136,3.9518072289156625,3.9518072289156625,207.1351807226988,3.126720183288733,0.780396348389128,0.9707938092860708,0.9420868696954569,0.9021467798302546,0.9318522216674987,0.9448327508736895,984.0,51576.659999952004,873.0,51260.550000434996,0.12714776632302405,0.006166730546479222,1,1,1,1,1,0,90.06989515726411,10
1952833295,Stover,Gary,,,I,Springfield,IL,62702,1,"Metropolitan area core: primary flow within an urbanized area of 50,000 and greater",US,Physical Medicine and Rehabilitation,Y,99232,"Subsequent hospital care with moderate levelof medical decision making, if using time, at least 35 minutes",N,F,94,471.0,471,354.0,75.804883227,60.255286624,60.712356688,2024,IL,99232,"Stover, Gary",Subsequent hospital care,Facility,166734.0,35704.099999917,28380.239999904,28595.520000048,5.01063829787234,5.01063829787234,301.91744680748934,4.669883850885125,0.7948734178979437,0.9108312342569269,0.9636020151133501,0.931360201511335,0.9600755667506298,0.9648614609571788,471.0,28380.239999904,396.0,23652.600000084,0.1893939393939394,0.19987823747931346,1,1,1,1,1,0,90.06297229219145,10
1558384305,Monteverde,John,P,M.D.,I,Chicago,IL,60622,1,"Metropolitan area core: primary flow within an urbanized area of 50,000 and greater",US,Interventional Cardiology,Y,93000,Routine electrocardiogram (ecg) using at least 12 leads with interpretation and report,N,O,91,154.0,154,330.0,14.653311688,11.116753247,10.710324675,2024,IL,93000,"Monteverde, John",Electrocardiogram,Office,50820.0,2256.609999952,1711.980000038,1649.3899999500002,1.6923076923076923,1.6923076923076923,18.812967033384616,22.52050642383087,0.7586512512460794,0.8233743409490334,0.9881370826010545,0.9995606326889279,0.9890158172231986,0.9881370826010545,154.0,1711.980000038,129.0,1521.250000011,0.1937984496124031,0.12537715696014515,0,1,1,1,1,0,90.05711775043937,10
1851961635,Dunning,Kalinda,J,,I,Harrisburg,IL,62946,7,"Small town core: primary flow within an urban cluster of 2,500 to 9,999",US,Nurse Practitioner,Y,99214,"Established patient office or other outpatient visit with moderate level of decision making, if using time, 30 minutes or more",N,O,178,607.0,607,361.89785832,103.68891269,75.278138386,78.314036244,2024,IL,99214,"Dunning, Kalinda",Established outpatient E/M,Office,219672.00000024002,62939.17000283,45693.830000302,47536.62000010799,3.4101123595505616,3.4101123595505616,256.70691011405614,3.4902271509198908,0.7259998820805457,0.9119015370119545,0.9664919616041459,0.9345739355750545,0.9489429362228373,0.9666097402979801,607.0,45693.830000302,501.0,37875.670000221005,0.21157684630738524,0.20641641454884818,1,1,1,1,1,0,90.04622813732996,10
1437621505,Stein,Julie,A,FNP-C,I,Dyer,IN,46311,1,"Metropolitan area core: primary flow within an urbanized area of 50,000 and greater",US,Nurse Practitioner,Y,99214,"Established patient office or other outpatient visit with moderate level of decision making, if using time, 30 minutes or more",N,O,322,840.0,840,270.0,98.90902381,71.487357143,78.493416667,2024,IN,99214,"Stein, Julie",Established outpatient E/M,Office,226800.0,83083.58000039999,60049.38000012,65934.47000028001,2.608695652173913,2.608695652173913,186.48875776434784,2.7297812636252328,0.7227586967223957,0.9670340681362726,0.9410320641282565,0.9159318637274549,0.9254509018036072,0.9410320641282565,840.0,60049.38000012,1095.0,76043.93000052,-0.2328767123287671,-0.21033302724215636,1,1,1,1,1,0,90.02755511022043,10
1821063322,Llobet,Pastor,R,MD,I,Hammond,IN,46324,1,"Metropolitan area core: primary flow within an urbanized area of 50,000 and greater",US,Cardiology,Y,99213,"Established patient office or other outpatient visit with low level od decision making, if using time, 20 minutes or more",N,O,365,635.0,635,283.96072441,83.682330709,59.423370079,64.116976378,2024,IN,99213,"Llobet, Pastor",Established outpatient E/M,Office,180315.06000035,53138.280000214996,37733.840000165,40714.280000030005,1.7397260273972603,1.7397260273972603,103.38038356209589,3.3933175857333064,0.7101065371331614,0.9762810248198559,0.9066753402722177,0.9695756605284227,0.9240392313851081,0.906775420336269,635.0,37733.840000165,637.0,36915.470000318,-0.0031397174254317113,0.022168754720987005,1,1,1,1,1,0,90.01251000800642,10
1427425081,Smith,Lisa,A,FNP,I,Valparaiso,IN,46383,1,"Metropolitan area core: primary flow within an urbanized area of 50,000 and greater",US,Nurse Practitioner,Y,99214,"Established patient office or other outpatient visit with moderate level of decision making, if using time, 30 minutes or more",N,F,77,290.0,290,266.48275862,74.952689655,55.760275862,60.33,2024,IN,99214,"Smith, Lisa",Established outpatient E/M,Facility,77279.99999980001,21736.27999995,16170.47999998,17495.7,3.7662337662337664,3.7662337662337664,210.00623376597403,3.5553461769897043,0.7439396253644689,0.8774002954209749,0.9800590841949779,0.9453471196454948,0.96602658788774,0.9800590841949779,314.0,17421.619999972,330.0,19070.399999926998,-0.048484848484848485,-0.08645754677202935,0,1,1,1,1,0,90.00738552437222,10
1134391402,Shah,Megha,C,,I,Indianapolis,IN,46278,1,"Metropolitan area core: primary flow within an urbanized area of 50,000 and greater",US,Physical Therapist in Private Practice,Y,97110,"Therapy procedure using exercise to develop strength, endurance, range of motion, and flexibility, each 15 minutes",N,F,17,83.0,40,50.0,26.65313253,21.235662651,19.138072289,2024,IN,97110,"Shah, Megha",Therapeutic procedure,Facility,4150.0,2212.20999999,1762.5600000329998,1588.459999987,4.882352941176471,2.3529411764705883,103.68000000194117,1.8759521022049261,0.7967417198371616,1.0,1.0,1.0,1.0,1.0,1200.0,24701.420000299004,1245.0,26148.410000220003,-0.03614457831325301,-0.055337590312712126,1,1,0,1,1,0,90.0,10
1417474669,Dabbas,Walaa,,,I,Chicago,IL,60612,1,"Metropolitan area core: primary flow within an urbanized area of 50,000 and greater",US,Nephrology,Y,99215,"Established patient office or other outpatient visit with high level of medical decision making, if using time, 40 minutes or more",N,F,147,333.0,333,809.12312312,148.80081081,110.05111111,103.48096096,2024,IL,99215,"Dabbas, Walaa",Established outpatient E/M,Facility,269437.99999896,49550.66999973,36647.01999963,34459.15999968,2.2653061224489797,2.2653061224489797,249.29945577979592,5.437625767732871,0.7395867704680822,0.9762773722627737,0.916058394160584,0.9531630170316302,0.920316301703163,0.916058394160584,333.0,36647.01999963,405.0,47748.4999983,-0.17777777777777778,-0.23249903136360828,1,1,1,1,1,0,89.99087591240875,10
1174563811,Mcgrath,Kris,G,M.D.,I,Chicago,IL,60611,1,"Metropolitan area core: primary flow within an urbanized area of 50,000 and greater",US,Allergy/ Immunology,Y,99215,"Established patient office or other outpatient visit with high level of medical decision making, if using time, 40 minutes or more",N,O,229,440.0,440,615.089,187.87743182,130.18965909,122.55597727,2024,IL,99215,"Mcgrath, Kris",Established outpatient E/M,Office,270639.16000000003,82666.0700008,57283.449999599994,53924.6299988,1.9213973799126638,1.9213973799126638,250.14606986724888,3.2738844364729194,0.6929499611998687,0.9817780231916069,0.9215902816123689,0.9307933002024664,0.9214062212405669,0.9215902816123689,440.0,57283.449999599994,299.0,39556.260001049995,0.47157190635451507,0.44815131658249396,1,1,1,1,1,0,89.97515184980675,10
1104878982,Masimore,Gregory,S,MD,I,Greenwood,IN,46143,1,"Metropolitan area core: primary flow within an urbanized area of 50,000 and greater",US,Pain Management,Y,99214,"Established patient office or other outpatient visit with moderate level of decision making, if using time, 30 minutes or more",N,O,69,383.0,383,325.0,118.02154047,77.92386423,84.676997389,2024,IN,99214,"Masimore, Gregory",Established outpatient E/M,Office,124475.0,45202.250000010004,29844.840000090004,32431.289999987,5.550724637681159,5.550724637681159,432.53391304478265,2.7537346039184434,0.660251204311365,0.8509018036072145,0.9970941883767535,0.9214428857715431,0.9972945891783567,0.9970941883767535,383.0,29844.840000090004,466.0,37972.549999868,-0.1781115879828326,-0.21404172223899243,0,1,1,1,1,0,89.96643286573148,10
1861657785,Mohammed,Tabraiz,A,,I,Chicago,IL,60637,1,"Metropolitan area core: primary flow within an urbanized area of 50,000 and greater",US,Hematology-Oncology,Y,99214,"Established patient office or other outpatient visit with moderate level of decision making, if using time, 30 minutes or more",N,O,220,659.0,659,365.0,106.35949924,80.925356601,70.462549317,2024,IL,99214,"Mohammed, Tabraiz",Established outpatient E/M,Office,240535.0,70090.90999916001,53329.810000059006,46434.819999903,2.9954545454545456,2.9954545454545456,242.40822727299548,3.4317574133776074,0.7608662806731733,0.9359872799010659,0.9503562805488487,0.9303927919439373,0.9399328661445144,0.9504151698957659,659.0,53329.810000059006,693.0,54553.14999981,-0.049062049062049064,-0.02242473623897524,1,1,1,1,1,0,89.96584417878806,10
1831528942,Hostetter,Jacelyn,J,FNP-BC,I,South Bend,IN,46601,1,"Metropolitan area core: primary flow within an urbanized area of 50,000 and greater",US,Nurse Practitioner,Y,99213,"Established patient office or other outpatient visit with low level od decision making, if using time, 20 minutes or more",N,F,52,200.0,200,192.0,51.77565,39.5204,41.6368,2024,IN,99213,"Hostetter, Jacelyn",Established outpatient E/M,Facility,38400.0,10355.13,7904.080000000001,8327.36,3.8461538461538463,3.8461538461538463,152.00153846153847,3.7083068971611173,0.7633008953050324,0.8957169459962756,0.972998137802607,0.9264432029795159,0.9655493482309124,0.972998137802607,200.0,7904.080000000001,241.0,9850.639999936,-0.17012448132780084,-0.19760746509350113,0,1,1,1,1,0,89.96275605214151,10
1033149901,Romano,Victor,M,M.D.,I,River Forest,IL,60305,1,"Metropolitan area core: primary flow within an urbanized area of 50,000 and greater",US,Orthopedic Surgery,Y,99213,"Established patient office or other outpatient visit with low level od decision making, if using time, 20 minutes or more",N,O,331,603.0,603,571.60537313,93.445505804,66.607512438,63.714046434,2024,IL,99213,"Romano, Victor",Established outpatient E/M,Office,344678.03999739,56347.639999812,40164.330000114,38419.569999702,1.8217522658610272,1.8217522658610272,121.34238670729306,6.116991590038908,0.7127952475072249,0.9671932730284113,0.9007516881131354,0.9983437380558033,0.9164224742005351,0.9008153904956046,603.0,40164.330000114,686.0,47950.529999708,-0.12099125364431487,-0.1623798527282475,1,1,1,1,1,0,89.92451267677411,10
1144951088,Kaiser,Kristen,,NP,I,Richmond,IN,47374,4,"Micropolitan area core: primary flow within an urban cluster of 10,000 to 49,999",US,Nurse Practitioner,Y,99213,"Established patient office or other outpatient visit with low level od decision making, if using time, 20 minutes or more",N,O,82,186.0,186,256.0,52.778010753,40.276021505,42.460376344,2024,IN,99213,"Kaiser, Kristen",Established outpatient E/M,Office,47616.0,9816.710000058,7491.339999930001,7897.629999983999,2.268292682926829,2.268292682926829,91.35780487719514,4.850504904363954,0.7631212493682445,0.7174739791833467,0.9629703763010409,0.994995996797438,0.874599679743795,0.9629703763010409,186.0,7491.339999930001,121.0,4740.790000045,0.5371900826446281,0.580188112078133,0,1,1,0,1,1,89.86989591673338,10
1255384368,Miller,Ronald,S,MD,I,Indianapolis,IN,46278,1,"Metropolitan area core: primary flow within an urbanized area of 50,000 and greater",US,Physical Medicine and Rehabilitation,Y,99232,"Subsequent hospital care with moderate levelof medical decision making, if using time, at least 35 minutes",N,F,173,1348.0,379,240.0,73.002930267,58.19074184,60.831750742,2024,IN,99232,"Miller, Ronald",Subsequent hospital care,Facility,323520.0,98407.94999991599,78441.12000032,82001.20000021599,7.791907514450867,2.1907514450867054,453.4168786145665,3.2875392689338225,0.79710145369746,0.9832750873689465,0.9927608587119321,0.9126310534198702,0.9930104842735896,0.6847229156265602,1348.0,78441.12000032,1076.0,64437.80999952,0.2527881040892193,0.2173151136096077,1,1,1,1,0,0,89.8689465801298,10
1497708333,Drazkiewicz,Maciej,K,MD,I,Chicago,IL,60634,1,"Metropolitan area core: primary flow within an urbanized area of 50,000 and greater",US,Hematology-Oncology,Y,99214,"Established patient office or other outpatient visit with moderate level of decision making, if using time, 30 minutes or more",N,O,88,366.0,366,450.0,128.01606557,98.238579235,97.379344262,2024,IL,99214,"Drazkiewicz, Maciej",Established outpatient E/M,Office,164700.0,46853.879998619996,35955.320000010004,35640.839999892,4.159090909090909,4.159090909090909,408.5831818182955,3.5151838013170087,0.7673925830917099,0.8626700429892232,0.9818031918026029,0.9355161651257288,0.9874565691066486,0.9818031918026029,366.0,35955.320000010004,341.0,35543.17000069,0.07331378299120235,0.011595758040490027,0,1,1,1,1,0,89.86543784229431,10
1407949571,Parker,Robert,M,DPM,I,Springfield,IL,62702,1,"Metropolitan area core: primary flow within an urbanized area of 50,000 and greater",US,Podiatry,Y,99213,"Established patient office or other outpatient visit with low level od decision making, if using time, 20 minutes or more",N,O,197,420.0,420,412.69047619,83.123857143,59.176738095,64.845190476,2024,IL,99213,"Parker, Robert",Established outpatient E/M,Office,173329.9999998,34912.020000059994,24854.2299999,27234.97999992,2.1319796954314723,2.1319796954314723,126.16360406040609,4.964765716778982,0.7119103964725412,0.9229838195948529,0.9366161294432411,0.9858580710918589,0.9250222958338642,0.9366161294432411,420.0,24854.2299999,418.0,26378.940000116,0.004784688995215311,-0.05780027553075657,1,1,1,1,1,0,89.83628487705441,10
1427093848,Gallon,Lorenzo,,MD,I,Chicago,IL,60611,1,"Metropolitan area core: primary flow within an urbanized area of 50,000 and greater",US,Nephrology,Y,99214,"Established patient office or other outpatient visit with moderate level of decision making, if using time, 30 minutes or more",N,F,14,77.0,77,553.7012987,103.67584416,83.274675325,75.388311688,2024,IL,99214,"Gallon, Lorenzo",Established outpatient E/M,Facility,42634.99999990001,7983.040000319999,6412.150000025001,5804.899999976,5.5,5.5,458.01071428750004,5.34069727800324,0.8032215797200026,0.6541013268998793,0.9978890229191797,0.9037997587454765,0.9981905910735827,0.9978890229191797,77.0,6412.150000025001,13.0,1057.369999998,4.923076923076923,5.06424430429947,0,1,1,1,1,1,89.81905910735827,10
1194969170,West,Bradford,L,M.D.,I,Springfield,IL,62702,1,"Metropolitan area core: primary flow within an urbanized area of 50,000 and greater",US,Nephrology,Y,99215,"Established patient office or other outpatient visit with high level of medical decision making, if using time, 40 minutes or more",N,F,121,275.0,275,810.63636364,137.94498182,105.4916,107.51629091,2024,IL,99215,"West, Bradford",Established outpatient E/M,Facility,222925.000001,37934.8700005,29010.190000000002,29566.980000249998,2.272727272727273,2.272727272727273,239.7536363636364,5.876519413354039,0.7647367711980463,0.9628953771289538,0.9166666666666666,0.9720194647201946,0.9099756690997567,0.9166666666666666,297.0,31870.790000060002,232.0,24793.089999940003,0.2801724137931034,0.28547066945415545,1,1,1,1,1,0,89.80231143552312,10
1396427811,Washington,Sharonda,R,FNP,I,Indianapolis,IN,46260,1,"Metropolitan area core: primary flow within an urbanized area of 50,000 and greater",US,Nurse Practitioner,Y,99214,"Established patient office or other outpatient visit with moderate level of decision making, if using time, 30 minutes or more",N,O,136,397.0,397,685.40302267,98.099017632,78.502065491,86.368463476,2024,IN,99214,"Washington, Sharonda",Established outpatient E/M,Office,272104.99999999,38945.309999904,31165.319999927,34288.279999972,2.9191176470588234,2.9191176470588234,229.15676470534558,6.986848994157724,0.8002329420411295,0.8622244488977956,0.9586172344689379,0.998997995991984,0.9649298597194389,0.9586172344689379,397.0,31165.319999927,,,,,0,1,1,1,1,0,89.77304609218436,10
1184652158,Chung,Elizabeth,,M.D.,I,Libertyville,IL,60048,1,"Metropolitan area core: primary flow within an urbanized area of 50,000 and greater",US,Hematology-Oncology,Y,99215,"Established patient office or other outpatient visit with high level of medical decision making, if using time, 40 minutes or more",N,O,141,373.0,373,394.0,146.78227882,112.019437,107.13147453,2024,IL,99215,"Chung, Elizabeth",Established outpatient E/M,Office,146962.0,54749.78999986,41783.250001,39960.03999969,2.645390070921986,2.645390070921986,296.3351063900709,2.6842477386739896,0.7631673107989427,0.9631879256396098,0.969998159396282,0.8190686545186822,0.9532486655623045,0.969998159396282,373.0,41783.250001,142.0,15821.29999946,1.6267605633802817,1.640949226828776,1,1,0,1,1,1,89.7644027240935,10
1649458878,Chau,Felix,Y,M.D.,I,Chicago,IL,60612,1,"Metropolitan area core: primary flow within an urbanized area of 50,000 and greater",US,Ophthalmology,Y,99213,"Established patient office or other outpatient visit with low level od decision making, if using time, 20 minutes or more",N,F,174,339.0,339,375.64306785,66.314955752,49.566460177,48.334572271,2024,IL,99213,"Chau, Felix",Established outpatient E/M,Facility,127343.00000115001,22480.769999928,16803.030000003,16385.419999869,1.9482758620689655,1.9482758620689655,96.56913793105173,5.66453017408024,0.7474401455135574,0.9690402476780186,0.907563025210084,0.9646174259177355,0.9212737726669615,0.907563025210084,339.0,16803.030000003,300.0,14691.0399999,0.13,0.14376041451914745,1,1,1,1,1,0,89.74126492702344,10
1093409880,Hohman,Jason,M,"MSN, APRN, FNP",I,Glen Carbon,IL,62034,1,"Metropolitan area core: primary flow within an urbanized area of 50,000 and greater",US,Nurse Practitioner,Y,99213,"Established patient office or other outpatient visit with low level od decision making, if using time, 20 minutes or more",N,O,129,453.0,453,200.0,74.111368653,58.245783664,59.687549669,2024,IL,99213,"Hohman, Jason",Established outpatient E/M,Office,90600.0,33572.449999809,26385.339999792,27038.460000057,3.511627906976744,3.511627906976744,204.53751937823256,2.698641296673774,0.7859223857639854,0.930436998343738,0.987132118741241,0.8093387692699707,0.9815900114664289,0.9872595235061792,453.0,26385.339999792,51.0,3026.85,7.882352941176471,7.717095330059964,1,1,0,1,1,1,89.74009427952606,10
1669142477,Gullion,Joanna,,NP,I,Lexington,IN,47138,2,"Metropolitan area high commuting: primary flow 30% or more to a urbanized area of 50,000 and greater",US,Nurse Practitioner,Y,99232,"Subsequent hospital care with moderate levelof medical decision making, if using time, at least 35 minutes",N,F,440,2418.0,2418,150.0,61.863263027,49.292220844,51.74442928,2024,IN,99232,"Gullion, Joanna",Subsequent hospital care,Facility,362700.0,149585.369999286,119188.590000792,125118.02999904,5.495454545454545,5.495454545454545,270.8831590927091,2.4247023622813595,0.7967930954836084,0.9917623564653021,0.9795307039440839,0.7326510234648028,0.9702945581627559,0.9807788317523715,2418.0,119188.590000792,695.0,34711.670000095,2.479136690647482,2.4336748995500876,1,1,0,1,1,1,89.73664503245132,10
1114046455,Nuthakki,Prasanth,,MD,I,Munster,IN,46321,1,"Metropolitan area core: primary flow within an urbanized area of 50,000 and greater",US,Physical Medicine and Rehabilitation,Y,99214,"Established patient office or other outpatient visit with moderate level of decision making, if using time, 30 minutes or more",N,O,249,606.0,606,362.0,108.1130198,78.900033003,93.651023102,2024,IN,99214,"Nuthakki, Prasanth",Established outpatient E/M,Office,219372.0,65516.4899988,47813.419999818005,56752.519999812,2.433734939759036,2.433734939759036,192.02176706754219,3.348347874008788,0.7297921485215975,0.9387775551102204,0.9244488977955911,0.968436873747495,0.9322645290581162,0.9244488977955911,693.0,53277.509999826005,570.0,44114.02999996,0.21578947368421053,0.20772257714550926,1,1,1,1,1,0,89.7134268537074,10
